id,title,overview,genres,keywords,original_language,release_date,vote_average,vote_count,popularity,runtime,adult,video,genre_list,keyword_list,genres_str,keywords_str,release_year,clean_overview,model_text
100001,제주의 파도의 비밀 001,"제주도의 작은 해안마을을 배경으로, 고향으로 돌아온 요리사가 마을 사람들만 알고 있는 비밀스러운 규칙을 알게 된다. 이 과정에서 기술과 인간성을 마주하며 자신의 삶을 다시 바라본다. 코미디와 미스터리의 요소를 결합해 이야기를 따뜻한 시선으로 풀어낸 가상의 한국 영화.","[{""id"": 2, ""name"": ""코미디""}, {""id"": 5, ""name"": ""미스터리""}]","[{""id"": 103, ""name"": ""기억""}, {""id"": 110, ""name"": ""추적""}, {""id"": 123, ""name"": ""역사""}, {""id"": 102, ""name"": ""우정""}]",ko,2000-01-01,5.1,80,16.471,78,False,False,"['코미디', '미스터리']","['기억', '추적', '역사', '우정']",코미디 미스터리,기억 추적 역사 우정,2000,"제주도의 작은 해안마을을 배경으로, 고향으로 돌아온 요리사가 마을 사람들만 알고 있는 비밀스러운 규칙을 알게 된다. 이 과정에서 기술과 인간성을 마주하며 자신의 삶을 다시 바라본다. 코미디와 미스터리의 요소를 결합해 이야기를 따뜻한 시선으로 풀어낸 가상의 한국 영화.","제주도의 작은 해안마을을 배경으로, 고향으로 돌아온 요리사가 마을 사람들만 알고 있는 비밀스러운 규칙을 알게 된다. 이 과정에서 기술과 인간성을 마주하며 자신의 삶을 다시 바라본다. 코미디와 미스터리의 요소를 결합해 이야기를 따뜻한 시선으로 풀어낸 가상의 한국 영화. 코미디 미스터리 기억 추적 역사 우정"
100002,서울의 섬로 가는 길 002,"강원도의 산골마을을 배경으로, 택배 기사가 인공지능이 작성한 의문의 일기를 추적한다. 이 과정에서 기억과 정체성을 마주하며 자신의 삶을 다시 바라본다. 범죄와 애니메이션의 요소를 결합해 이야기를 긴장감 있게 풀어낸 가상의 한국 영화.","[{""id"": 7, ""name"": ""범죄""}, {""id"": 12, ""name"": ""애니메이션""}]","[{""id"": 102, ""name"": ""우정""}, {""id"": 105, ""name"": ""제주""}, {""id"": 104, ""name"": ""미스터리""}, {""id"": 120, ""name"": ""언론""}]",ko,2000-02-20,6.7,217,26.208,91,False,False,"['범죄', '애니메이션']","['우정', '제주', '미스터리', '언론']",범죄 애니메이션,우정 제주 미스터리 언론,2000,"강원도의 산골마을을 배경으로, 택배 기사가 인공지능이 작성한 의문의 일기를 추적한다. 이 과정에서 기억과 정체성을 마주하며 자신의 삶을 다시 바라본다. 범죄와 애니메이션의 요소를 결합해 이야기를 긴장감 있게 풀어낸 가상의 한국 영화.","강원도의 산골마을을 배경으로, 택배 기사가 인공지능이 작성한 의문의 일기를 추적한다. 이 과정에서 기억과 정체성을 마주하며 자신의 삶을 다시 바라본다. 범죄와 애니메이션의 요소를 결합해 이야기를 긴장감 있게 풀어낸 가상의 한국 영화. 범죄 애니메이션 우정 제주 미스터리 언론"
100003,부산의 노래과 우리 003,"전주의 한옥마을을 배경으로, 가족과 멀어진 의사가 우연히 과거의 사건과 연결된 사진을 발견한다. 이 과정에서 우정과 신뢰을 마주하며 자신의 삶을 다시 바라본다. 애니메이션와 스릴러의 요소를 결합해 이야기를 긴장감 있게 풀어낸 가상의 한국 영화.","[{""id"": 12, ""name"": ""애니메이션""}, {""id"": 4, ""name"": ""스릴러""}]","[{""id"": 103, ""name"": ""기억""}, {""id"": 101, ""name"": ""가족""}, {""id"": 106, ""name"": ""서울""}, {""id"": 119, ""name"": ""환경""}]",ko,2000-04-10,8.5,354,31.911,104,False,False,"['애니메이션', '스릴러']","['기억', '가족', '서울', '환경']",애니메이션 스릴러,기억 가족 서울 환경,2000,"전주의 한옥마을을 배경으로, 가족과 멀어진 의사가 우연히 과거의 사건과 연결된 사진을 발견한다. 이 과정에서 우정과 신뢰을 마주하며 자신의 삶을 다시 바라본다. 애니메이션와 스릴러의 요소를 결합해 이야기를 긴장감 있게 풀어낸 가상의 한국 영화.","전주의 한옥마을을 배경으로, 가족과 멀어진 의사가 우연히 과거의 사건과 연결된 사진을 발견한다. 이 과정에서 우정과 신뢰을 마주하며 자신의 삶을 다시 바라본다. 애니메이션와 스릴러의 요소를 결합해 이야기를 긴장감 있게 풀어낸 가상의 한국 영화. 애니메이션 스릴러 기억 가족 서울 환경"
100004,한강의 탐정에게 004,"가상의 미래 도시을 배경으로, 고향으로 돌아온 요리사가 가족이 숨겨온 오래된 약속의 의미를 알게 된다. 이 과정에서 가족의 의미을 마주하며 자신의 삶을 다시 바라본다. 코미디와 모험의 요소를 결합해 이야기를 따뜻한 시선으로 풀어낸 가상의 한국 영화.","[{""id"": 2, ""name"": ""코미디""}, {""id"": 11, ""name"": ""모험""}]","[{""id"": 115, ""name"": ""요리""}, {""id"": 106, ""name"": ""서울""}, {""id"": 110, ""name"": ""추적""}, {""id"": 105, ""name"": ""제주""}]",ko,2000-05-30,6.6,491,29.744,117,False,False,"['코미디', '모험']","['요리', '서울', '추적', '제주']",코미디 모험,요리 서울 추적 제주,2000,"가상의 미래 도시을 배경으로, 고향으로 돌아온 요리사가 가족이 숨겨온 오래된 약속의 의미를 알게 된다. 이 과정에서 가족의 의미을 마주하며 자신의 삶을 다시 바라본다. 코미디와 모험의 요소를 결합해 이야기를 따뜻한 시선으로 풀어낸 가상의 한국 영화.","가상의 미래 도시을 배경으로, 고향으로 돌아온 요리사가 가족이 숨겨온 오래된 약속의 의미를 알게 된다. 이 과정에서 가족의 의미을 마주하며 자신의 삶을 다시 바라본다. 코미디와 모험의 요소를 결합해 이야기를 따뜻한 시선으로 풀어낸 가상의 한국 영화. 코미디 모험 요리 서울 추적 제주"
100005,새벽의 레시피 005,"국경 근처의 작은 역을 배경으로, 택배 기사가 폐쇄 예정인 공간을 지키기 위한 계획을 세운다. 이 과정에서 상실과 회복을 마주하며 자신의 삶을 다시 바라본다. 범죄와 로맨스의 요소를 결합해 이야기를 긴장감 있게 풀어낸 가상의 한국 영화.","[{""id"": 7, ""name"": ""범죄""}, {""id"": 3, ""name"": ""로맨스""}]","[{""id"": 116, ""name"": ""학교""}, {""id"": 118, ""name"": ""미래""}, {""id"": 120, ""name"": ""언론""}, {""id"": 108, ""name"": ""인공지능""}]",ko,2000-07-19,8.2,628,24.253,130,False,False,"['범죄', '로맨스']","['학교', '미래', '언론', '인공지능']",범죄 로맨스,학교 미래 언론 인공지능,2000,"국경 근처의 작은 역을 배경으로, 택배 기사가 폐쇄 예정인 공간을 지키기 위한 계획을 세운다. 이 과정에서 상실과 회복을 마주하며 자신의 삶을 다시 바라본다. 범죄와 로맨스의 요소를 결합해 이야기를 긴장감 있게 풀어낸 가상의 한국 영화.","국경 근처의 작은 역을 배경으로, 택배 기사가 폐쇄 예정인 공간을 지키기 위한 계획을 세운다. 이 과정에서 상실과 회복을 마주하며 자신의 삶을 다시 바라본다. 범죄와 로맨스의 요소를 결합해 이야기를 긴장감 있게 풀어낸 가상의 한국 영화. 범죄 로맨스 학교 미래 언론 인공지능"
100006,겨울의 눈의 끝 006,"부산항 인근을 배경으로, 가족과 멀어진 의사가 수십 년 전 사라진 편지 한 통을 발견한다. 이 과정에서 도전과 성장을 마주하며 자신의 삶을 다시 바라본다. 애니메이션와 SF의 요소를 결합해 이야기를 긴장감 있게 풀어낸 가상의 한국 영화.","[{""id"": 12, ""name"": ""애니메이션""}, {""id"": 10, ""name"": ""SF""}]","[{""id"": 111, ""name"": ""성장""}, {""id"": 104, ""name"": ""미스터리""}, {""id"": 116, ""name"": ""학교""}, {""id"": 109, ""name"": ""로봇""}]",ko,2000-09-07,6.2,765,23.764,78,False,False,"['애니메이션', 'SF']","['성장', '미스터리', '학교', '로봇']",애니메이션 SF,성장 미스터리 학교 로봇,2000,"부산항 인근을 배경으로, 가족과 멀어진 의사가 수십 년 전 사라진 편지 한 통을 발견한다. 이 과정에서 도전과 성장을 마주하며 자신의 삶을 다시 바라본다. 애니메이션와 SF의 요소를 결합해 이야기를 긴장감 있게 풀어낸 가상의 한국 영화.","부산항 인근을 배경으로, 가족과 멀어진 의사가 수십 년 전 사라진 편지 한 통을 발견한다. 이 과정에서 도전과 성장을 마주하며 자신의 삶을 다시 바라본다. 애니메이션와 SF의 요소를 결합해 이야기를 긴장감 있게 풀어낸 가상의 한국 영화. 애니메이션 SF 성장 미스터리 학교 로봇"
100007,여름의 골목의 선택 007,"인천의 낡은 공단을 배경으로, 고향으로 돌아온 요리사가 가짜 뉴스로 인해 무너진 관계를 회복하려 한다. 이 과정에서 진실과 거짓을 마주하며 자신의 삶을 다시 바라본다. 코미디와 미스터리의 요소를 결합해 이야기를 따뜻한 시선으로 풀어낸 가상의 한국 영화.","[{""id"": 2, ""name"": ""코미디""}, {""id"": 5, ""name"": ""미스터리""}]","[{""id"": 116, ""name"": ""학교""}, {""id"": 120, ""name"": ""언론""}, {""id"": 101, ""name"": ""가족""}, {""id"": 113, ""name"": ""여행""}]",ko,2000-10-27,7.9,902,32.918,91,False,False,"['코미디', '미스터리']","['학교', '언론', '가족', '여행']",코미디 미스터리,학교 언론 가족 여행,2000,"인천의 낡은 공단을 배경으로, 고향으로 돌아온 요리사가 가짜 뉴스로 인해 무너진 관계를 회복하려 한다. 이 과정에서 진실과 거짓을 마주하며 자신의 삶을 다시 바라본다. 코미디와 미스터리의 요소를 결합해 이야기를 따뜻한 시선으로 풀어낸 가상의 한국 영화.","인천의 낡은 공단을 배경으로, 고향으로 돌아온 요리사가 가짜 뉴스로 인해 무너진 관계를 회복하려 한다. 이 과정에서 진실과 거짓을 마주하며 자신의 삶을 다시 바라본다. 코미디와 미스터리의 요소를 결합해 이야기를 따뜻한 시선으로 풀어낸 가상의 한국 영화. 코미디 미스터리 학교 언론 가족 여행"
100008,봄날의 마을을 기다리며 008,"광주의 대학가을 배경으로, 택배 기사가 정체를 알 수 없는 음성 메시지를 매일 받기 시작한다. 이 과정에서 환경과 공존을 마주하며 자신의 삶을 다시 바라본다. 범죄와 판타지의 요소를 결합해 이야기를 긴장감 있게 풀어낸 가상의 한국 영화.","[{""id"": 7, ""name"": ""범죄""}, {""id"": 9, ""name"": ""판타지""}]","[{""id"": 110, ""name"": ""추적""}, {""id"": 105, ""name"": ""제주""}, {""id"": 106, ""name"": ""서울""}, {""id"": 103, ""name"": ""기억""}]",ko,2000-05-13,6.2,1039,19.261,104,False,False,"['범죄', '판타지']","['추적', '제주', '서울', '기억']",범죄 판타지,추적 제주 서울 기억,2000,"광주의 대학가을 배경으로, 택배 기사가 정체를 알 수 없는 음성 메시지를 매일 받기 시작한다. 이 과정에서 환경과 공존을 마주하며 자신의 삶을 다시 바라본다. 범죄와 판타지의 요소를 결합해 이야기를 긴장감 있게 풀어낸 가상의 한국 영화.","광주의 대학가을 배경으로, 택배 기사가 정체를 알 수 없는 음성 메시지를 매일 받기 시작한다. 이 과정에서 환경과 공존을 마주하며 자신의 삶을 다시 바라본다. 범죄와 판타지의 요소를 결합해 이야기를 긴장감 있게 풀어낸 가상의 한국 영화. 범죄 판타지 추적 제주 서울 기억"
100009,가을의 열차의 계절 009,"외딴 섬을 배경으로, 가족과 멀어진 의사가 도시 전체의 전력이 사라진 밤에 중요한 선택을 한다. 이 과정에서 세대 간 갈등을 마주하며 자신의 삶을 다시 바라본다. 애니메이션와 드라마의 요소를 결합해 이야기를 긴장감 있게 풀어낸 가상의 한국 영화.","[{""id"": 12, ""name"": ""애니메이션""}, {""id"": 1, ""name"": ""드라마""}]","[{""id"": 117, ""name"": ""범죄""}, {""id"": 122, ""name"": ""공동체""}, {""id"": 104, ""name"": ""미스터리""}, {""id"": 118, ""name"": ""미래""}]",ko,2000-07-02,7.7,1176,36.857,117,False,False,"['애니메이션', '드라마']","['범죄', '공동체', '미스터리', '미래']",애니메이션 드라마,범죄 공동체 미스터리 미래,2000,"외딴 섬을 배경으로, 가족과 멀어진 의사가 도시 전체의 전력이 사라진 밤에 중요한 선택을 한다. 이 과정에서 세대 간 갈등을 마주하며 자신의 삶을 다시 바라본다. 애니메이션와 드라마의 요소를 결합해 이야기를 긴장감 있게 풀어낸 가상의 한국 영화.","외딴 섬을 배경으로, 가족과 멀어진 의사가 도시 전체의 전력이 사라진 밤에 중요한 선택을 한다. 이 과정에서 세대 간 갈등을 마주하며 자신의 삶을 다시 바라본다. 애니메이션와 드라마의 요소를 결합해 이야기를 긴장감 있게 풀어낸 가상의 한국 영화. 애니메이션 드라마 범죄 공동체 미스터리 미래"
100010,푸른 우주선의 기록 010,"서울의 오래된 골목을 배경으로, 고향으로 돌아온 요리사가 하루가 반복되는 이상한 현상을 겪는다. 이 과정에서 사랑과 이별을 마주하며 자신의 삶을 다시 바라본다. 코미디와 가족의 요소를 결합해 이야기를 따뜻한 시선으로 풀어낸 가상의 한국 영화.","[{""id"": 2, ""name"": ""코미디""}, {""id"": 8, ""name"": ""가족""}]","[{""id"": 117, ""name"": ""범죄""}, {""id"": 110, ""name"": ""추적""}, {""id"": 106, ""name"": ""서울""}, {""id"": 113, ""name"": ""여행""}]",ko,2000-08-21,5.8,1313,21.116,130,False,False,"['코미디', '가족']","['범죄', '추적', '서울', '여행']",코미디 가족,범죄 추적 서울 여행,2000,"서울의 오래된 골목을 배경으로, 고향으로 돌아온 요리사가 하루가 반복되는 이상한 현상을 겪는다. 이 과정에서 사랑과 이별을 마주하며 자신의 삶을 다시 바라본다. 코미디와 가족의 요소를 결합해 이야기를 따뜻한 시선으로 풀어낸 가상의 한국 영화.","서울의 오래된 골목을 배경으로, 고향으로 돌아온 요리사가 하루가 반복되는 이상한 현상을 겪는다. 이 과정에서 사랑과 이별을 마주하며 자신의 삶을 다시 바라본다. 코미디와 가족의 요소를 결합해 이야기를 따뜻한 시선으로 풀어낸 가상의 한국 영화. 코미디 가족 범죄 추적 서울 여행"
100011,붉은 전화의 하루 011,"한강변을 배경으로, 택배 기사가 실종 사건의 단서가 된 노래를 해석하기 시작한다. 이 과정에서 선택과 책임을 마주하며 자신의 삶을 다시 바라본다. 범죄와 다큐멘터리의 요소를 결합해 이야기를 긴장감 있게 풀어낸 가상의 한국 영화.","[{""id"": 7, ""name"": ""범죄""}, {""id"": 15, ""name"": ""다큐멘터리""}]","[{""id"": 109, ""name"": ""로봇""}, {""id"": 118, ""name"": ""미래""}, {""id"": 125, ""name"": ""탐정""}, {""id"": 121, ""name"": ""가짜뉴스""}]",ko,2000-10-10,7.5,1450,28.009,78,False,False,"['범죄', '다큐멘터리']","['로봇', '미래', '탐정', '가짜뉴스']",범죄 다큐멘터리,로봇 미래 탐정 가짜뉴스,2000,"한강변을 배경으로, 택배 기사가 실종 사건의 단서가 된 노래를 해석하기 시작한다. 이 과정에서 선택과 책임을 마주하며 자신의 삶을 다시 바라본다. 범죄와 다큐멘터리의 요소를 결합해 이야기를 긴장감 있게 풀어낸 가상의 한국 영화.","한강변을 배경으로, 택배 기사가 실종 사건의 단서가 된 노래를 해석하기 시작한다. 이 과정에서 선택과 책임을 마주하며 자신의 삶을 다시 바라본다. 범죄와 다큐멘터리의 요소를 결합해 이야기를 긴장감 있게 풀어낸 가상의 한국 영화. 범죄 다큐멘터리 로봇 미래 탐정 가짜뉴스"
100012,검은 편지에서 만난 사람 012,"대구의 오래된 극장을 배경으로, 가족과 멀어진 의사가 서로 다른 목적을 가진 사람들과 뜻밖의 팀을 이룬다. 이 과정에서 지역 공동체을 마주하며 자신의 삶을 다시 바라본다. 애니메이션와 범죄의 요소를 결합해 이야기를 긴장감 있게 풀어낸 가상의 한국 영화.","[{""id"": 12, ""name"": ""애니메이션""}, {""id"": 7, ""name"": ""범죄""}]","[{""id"": 101, ""name"": ""가족""}, {""id"": 115, ""name"": ""요리""}, {""id"": 111, ""name"": ""성장""}, {""id"": 117, ""name"": ""범죄""}]",ko,2000-11-29,5.8,1587,23.59,91,False,False,"['애니메이션', '범죄']","['가족', '요리', '성장', '범죄']",애니메이션 범죄,가족 요리 성장 범죄,2000,"대구의 오래된 극장을 배경으로, 가족과 멀어진 의사가 서로 다른 목적을 가진 사람들과 뜻밖의 팀을 이룬다. 이 과정에서 지역 공동체을 마주하며 자신의 삶을 다시 바라본다. 애니메이션와 범죄의 요소를 결합해 이야기를 긴장감 있게 풀어낸 가상의 한국 영화.","대구의 오래된 극장을 배경으로, 가족과 멀어진 의사가 서로 다른 목적을 가진 사람들과 뜻밖의 팀을 이룬다. 이 과정에서 지역 공동체을 마주하며 자신의 삶을 다시 바라본다. 애니메이션와 범죄의 요소를 결합해 이야기를 긴장감 있게 풀어낸 가상의 한국 영화. 애니메이션 범죄 가족 요리 성장 범죄"
100013,하얀 시장의 밤 013,"달 기지을 배경으로, 고향으로 돌아온 요리사가 마을 사람들만 알고 있는 비밀스러운 규칙을 알게 된다. 이 과정에서 기술과 인간성을 마주하며 자신의 삶을 다시 바라본다. 코미디와 역사의 요소를 결합해 이야기를 따뜻한 시선으로 풀어낸 가상의 한국 영화.","[{""id"": 2, ""name"": ""코미디""}, {""id"": 14, ""name"": ""역사""}]","[{""id"": 115, ""name"": ""요리""}, {""id"": 101, ""name"": ""가족""}, {""id"": 116, ""name"": ""학교""}, {""id"": 112, ""name"": ""사랑""}]",ko,2001-01-18,7.4,1724,36.614,104,False,False,"['코미디', '역사']","['요리', '가족', '학교', '사랑']",코미디 역사,요리 가족 학교 사랑,2001,"달 기지을 배경으로, 고향으로 돌아온 요리사가 마을 사람들만 알고 있는 비밀스러운 규칙을 알게 된다. 이 과정에서 기술과 인간성을 마주하며 자신의 삶을 다시 바라본다. 코미디와 역사의 요소를 결합해 이야기를 따뜻한 시선으로 풀어낸 가상의 한국 영화.","달 기지을 배경으로, 고향으로 돌아온 요리사가 마을 사람들만 알고 있는 비밀스러운 규칙을 알게 된다. 이 과정에서 기술과 인간성을 마주하며 자신의 삶을 다시 바라본다. 코미디와 역사의 요소를 결합해 이야기를 따뜻한 시선으로 풀어낸 가상의 한국 영화. 코미디 역사 요리 가족 학교 사랑"
100014,마지막 달의 온도 014,"제주도의 작은 해안마을을 배경으로, 택배 기사가 인공지능이 작성한 의문의 일기를 추적한다. 이 과정에서 기억과 정체성을 마주하며 자신의 삶을 다시 바라본다. 범죄와 액션의 요소를 결합해 이야기를 긴장감 있게 풀어낸 가상의 한국 영화.","[{""id"": 7, ""name"": ""범죄""}, {""id"": 6, ""name"": ""액션""}]","[{""id"": 123, ""name"": ""역사""}, {""id"": 120, ""name"": ""언론""}, {""id"": 108, ""name"": ""인공지능""}, {""id"": 112, ""name"": ""사랑""}]",ko,2001-03-09,5.6,1861,33.635,117,False,False,"['범죄', '액션']","['역사', '언론', '인공지능', '사랑']",범죄 액션,역사 언론 인공지능 사랑,2001,"제주도의 작은 해안마을을 배경으로, 택배 기사가 인공지능이 작성한 의문의 일기를 추적한다. 이 과정에서 기억과 정체성을 마주하며 자신의 삶을 다시 바라본다. 범죄와 액션의 요소를 결합해 이야기를 긴장감 있게 풀어낸 가상의 한국 영화.","제주도의 작은 해안마을을 배경으로, 택배 기사가 인공지능이 작성한 의문의 일기를 추적한다. 이 과정에서 기억과 정체성을 마주하며 자신의 삶을 다시 바라본다. 범죄와 액션의 요소를 결합해 이야기를 긴장감 있게 풀어낸 가상의 한국 영화. 범죄 액션 역사 언론 인공지능 사랑"
100015,첫 번째 호텔 너머 015,"강원도의 산골마을을 배경으로, 가족과 멀어진 의사가 우연히 과거의 사건과 연결된 사진을 발견한다. 이 과정에서 우정과 신뢰을 마주하며 자신의 삶을 다시 바라본다. 애니메이션와 음악의 요소를 결합해 이야기를 긴장감 있게 풀어낸 가상의 한국 영화.","[{""id"": 12, ""name"": ""애니메이션""}, {""id"": 13, ""name"": ""음악""}]","[{""id"": 111, ""name"": ""성장""}, {""id"": 107, ""name"": ""바다""}, {""id"": 120, ""name"": ""언론""}, {""id"": 122, ""name"": ""공동체""}]",ko,2000-09-23,7.2,1998,31.802,130,False,False,"['애니메이션', '음악']","['성장', '바다', '언론', '공동체']",애니메이션 음악,성장 바다 언론 공동체,2000,"강원도의 산골마을을 배경으로, 가족과 멀어진 의사가 우연히 과거의 사건과 연결된 사진을 발견한다. 이 과정에서 우정과 신뢰을 마주하며 자신의 삶을 다시 바라본다. 애니메이션와 음악의 요소를 결합해 이야기를 긴장감 있게 풀어낸 가상의 한국 영화.","강원도의 산골마을을 배경으로, 가족과 멀어진 의사가 우연히 과거의 사건과 연결된 사진을 발견한다. 이 과정에서 우정과 신뢰을 마주하며 자신의 삶을 다시 바라본다. 애니메이션와 음악의 요소를 결합해 이야기를 긴장감 있게 풀어낸 가상의 한국 영화. 애니메이션 음악 성장 바다 언론 공동체"
100016,낯선 거울의 비밀 016,"전주의 한옥마을을 배경으로, 고향으로 돌아온 요리사가 가족이 숨겨온 오래된 약속의 의미를 알게 된다. 이 과정에서 가족의 의미을 마주하며 자신의 삶을 다시 바라본다. 코미디와 미스터리의 요소를 결합해 이야기를 따뜻한 시선으로 풀어낸 가상의 한국 영화.","[{""id"": 2, ""name"": ""코미디""}, {""id"": 5, ""name"": ""미스터리""}]","[{""id"": 123, ""name"": ""역사""}, {""id"": 108, ""name"": ""인공지능""}, {""id"": 116, ""name"": ""학교""}, {""id"": 104, ""name"": ""미스터리""}]",ko,2000-11-12,5.3,2135,33.028,78,False,False,"['코미디', '미스터리']","['역사', '인공지능', '학교', '미스터리']",코미디 미스터리,역사 인공지능 학교 미스터리,2000,"전주의 한옥마을을 배경으로, 고향으로 돌아온 요리사가 가족이 숨겨온 오래된 약속의 의미를 알게 된다. 이 과정에서 가족의 의미을 마주하며 자신의 삶을 다시 바라본다. 코미디와 미스터리의 요소를 결합해 이야기를 따뜻한 시선으로 풀어낸 가상의 한국 영화.","전주의 한옥마을을 배경으로, 고향으로 돌아온 요리사가 가족이 숨겨온 오래된 약속의 의미를 알게 된다. 이 과정에서 가족의 의미을 마주하며 자신의 삶을 다시 바라본다. 코미디와 미스터리의 요소를 결합해 이야기를 따뜻한 시선으로 풀어낸 가상의 한국 영화. 코미디 미스터리 역사 인공지능 학교 미스터리"
100017,잊힌 등대로 가는 길 017,"가상의 미래 도시을 배경으로, 택배 기사가 폐쇄 예정인 공간을 지키기 위한 계획을 세운다. 이 과정에서 상실과 회복을 마주하며 자신의 삶을 다시 바라본다. 범죄와 애니메이션의 요소를 결합해 이야기를 긴장감 있게 풀어낸 가상의 한국 영화.","[{""id"": 7, ""name"": ""범죄""}, {""id"": 12, ""name"": ""애니메이션""}]","[{""id"": 116, ""name"": ""학교""}, {""id"": 102, ""name"": ""우정""}, {""id"": 119, ""name"": ""환경""}, {""id"": 125, ""name"": ""탐정""}]",ko,2001-01-01,7.1,2272,22.182,91,False,False,"['범죄', '애니메이션']","['학교', '우정', '환경', '탐정']",범죄 애니메이션,학교 우정 환경 탐정,2001,"가상의 미래 도시을 배경으로, 택배 기사가 폐쇄 예정인 공간을 지키기 위한 계획을 세운다. 이 과정에서 상실과 회복을 마주하며 자신의 삶을 다시 바라본다. 범죄와 애니메이션의 요소를 결합해 이야기를 긴장감 있게 풀어낸 가상의 한국 영화.","가상의 미래 도시을 배경으로, 택배 기사가 폐쇄 예정인 공간을 지키기 위한 계획을 세운다. 이 과정에서 상실과 회복을 마주하며 자신의 삶을 다시 바라본다. 범죄와 애니메이션의 요소를 결합해 이야기를 긴장감 있게 풀어낸 가상의 한국 영화. 범죄 애니메이션 학교 우정 환경 탐정"
100018,비밀의 기억과 우리 018,"국경 근처의 작은 역을 배경으로, 가족과 멀어진 의사가 수십 년 전 사라진 편지 한 통을 발견한다. 이 과정에서 도전과 성장을 마주하며 자신의 삶을 다시 바라본다. 애니메이션와 스릴러의 요소를 결합해 이야기를 긴장감 있게 풀어낸 가상의 한국 영화.","[{""id"": 12, ""name"": ""애니메이션""}, {""id"": 4, ""name"": ""스릴러""}]","[{""id"": 108, ""name"": ""인공지능""}, {""id"": 104, ""name"": ""미스터리""}, {""id"": 110, ""name"": ""추적""}, {""id"": 115, ""name"": ""요리""}]",ko,2001-02-20,5.1,2409,36.161,104,False,False,"['애니메이션', '스릴러']","['인공지능', '미스터리', '추적', '요리']",애니메이션 스릴러,인공지능 미스터리 추적 요리,2001,"국경 근처의 작은 역을 배경으로, 가족과 멀어진 의사가 수십 년 전 사라진 편지 한 통을 발견한다. 이 과정에서 도전과 성장을 마주하며 자신의 삶을 다시 바라본다. 애니메이션와 스릴러의 요소를 결합해 이야기를 긴장감 있게 풀어낸 가상의 한국 영화.","국경 근처의 작은 역을 배경으로, 가족과 멀어진 의사가 수십 년 전 사라진 편지 한 통을 발견한다. 이 과정에서 도전과 성장을 마주하며 자신의 삶을 다시 바라본다. 애니메이션와 스릴러의 요소를 결합해 이야기를 긴장감 있게 풀어낸 가상의 한국 영화. 애니메이션 스릴러 인공지능 미스터리 추적 요리"
100019,고요한 정원에게 019,"부산항 인근을 배경으로, 고향으로 돌아온 요리사가 가짜 뉴스로 인해 무너진 관계를 회복하려 한다. 이 과정에서 진실과 거짓을 마주하며 자신의 삶을 다시 바라본다. 코미디와 모험의 요소를 결합해 이야기를 따뜻한 시선으로 풀어낸 가상의 한국 영화.","[{""id"": 2, ""name"": ""코미디""}, {""id"": 11, ""name"": ""모험""}]","[{""id"": 107, ""name"": ""바다""}, {""id"": 122, ""name"": ""공동체""}, {""id"": 125, ""name"": ""탐정""}, {""id"": 110, ""name"": ""추적""}]",ko,2001-04-11,6.8,2546,27.693,117,False,False,"['코미디', '모험']","['바다', '공동체', '탐정', '추적']",코미디 모험,바다 공동체 탐정 추적,2001,"부산항 인근을 배경으로, 고향으로 돌아온 요리사가 가짜 뉴스로 인해 무너진 관계를 회복하려 한다. 이 과정에서 진실과 거짓을 마주하며 자신의 삶을 다시 바라본다. 코미디와 모험의 요소를 결합해 이야기를 따뜻한 시선으로 풀어낸 가상의 한국 영화.","부산항 인근을 배경으로, 고향으로 돌아온 요리사가 가짜 뉴스로 인해 무너진 관계를 회복하려 한다. 이 과정에서 진실과 거짓을 마주하며 자신의 삶을 다시 바라본다. 코미디와 모험의 요소를 결합해 이야기를 따뜻한 시선으로 풀어낸 가상의 한국 영화. 코미디 모험 바다 공동체 탐정 추적"
100020,빛나는 그림자 020,"인천의 낡은 공단을 배경으로, 택배 기사가 정체를 알 수 없는 음성 메시지를 매일 받기 시작한다. 이 과정에서 환경과 공존을 마주하며 자신의 삶을 다시 바라본다. 범죄와 로맨스의 요소를 결합해 이야기를 긴장감 있게 풀어낸 가상의 한국 영화.","[{""id"": 7, ""name"": ""범죄""}, {""id"": 3, ""name"": ""로맨스""}]","[{""id"": 118, ""name"": ""미래""}, {""id"": 101, ""name"": ""가족""}, {""id"": 109, ""name"": ""로봇""}, {""id"": 120, ""name"": ""언론""}]",ko,2001-05-31,8.4,2683,28.517,130,False,False,"['범죄', '로맨스']","['미래', '가족', '로봇', '언론']",범죄 로맨스,미래 가족 로봇 언론,2001,"인천의 낡은 공단을 배경으로, 택배 기사가 정체를 알 수 없는 음성 메시지를 매일 받기 시작한다. 이 과정에서 환경과 공존을 마주하며 자신의 삶을 다시 바라본다. 범죄와 로맨스의 요소를 결합해 이야기를 긴장감 있게 풀어낸 가상의 한국 영화.","인천의 낡은 공단을 배경으로, 택배 기사가 정체를 알 수 없는 음성 메시지를 매일 받기 시작한다. 이 과정에서 환경과 공존을 마주하며 자신의 삶을 다시 바라본다. 범죄와 로맨스의 요소를 결합해 이야기를 긴장감 있게 풀어낸 가상의 한국 영화. 범죄 로맨스 미래 가족 로봇 언론"
100021,흐린 연구소의 끝 021,"광주의 대학가을 배경으로, 가족과 멀어진 의사가 도시 전체의 전력이 사라진 밤에 중요한 선택을 한다. 이 과정에서 세대 간 갈등을 마주하며 자신의 삶을 다시 바라본다. 애니메이션와 SF의 요소를 결합해 이야기를 긴장감 있게 풀어낸 가상의 한국 영화.","[{""id"": 12, ""name"": ""애니메이션""}, {""id"": 10, ""name"": ""SF""}]","[{""id"": 124, ""name"": ""시간여행""}, {""id"": 104, ""name"": ""미스터리""}, {""id"": 105, ""name"": ""제주""}, {""id"": 122, ""name"": ""공동체""}]",ko,2001-07-20,6.7,2820,22.104,78,False,False,"['애니메이션', 'SF']","['시간여행', '미스터리', '제주', '공동체']",애니메이션 SF,시간여행 미스터리 제주 공동체,2001,"광주의 대학가을 배경으로, 가족과 멀어진 의사가 도시 전체의 전력이 사라진 밤에 중요한 선택을 한다. 이 과정에서 세대 간 갈등을 마주하며 자신의 삶을 다시 바라본다. 애니메이션와 SF의 요소를 결합해 이야기를 긴장감 있게 풀어낸 가상의 한국 영화.","광주의 대학가을 배경으로, 가족과 멀어진 의사가 도시 전체의 전력이 사라진 밤에 중요한 선택을 한다. 이 과정에서 세대 간 갈등을 마주하며 자신의 삶을 다시 바라본다. 애니메이션와 SF의 요소를 결합해 이야기를 긴장감 있게 풀어낸 가상의 한국 영화. 애니메이션 SF 시간여행 미스터리 제주 공동체"
100022,먼 지도의 선택 022,"외딴 섬을 배경으로, 고향으로 돌아온 요리사가 하루가 반복되는 이상한 현상을 겪는다. 이 과정에서 사랑과 이별을 마주하며 자신의 삶을 다시 바라본다. 코미디와 미스터리의 요소를 결합해 이야기를 따뜻한 시선으로 풀어낸 가상의 한국 영화.","[{""id"": 2, ""name"": ""코미디""}, {""id"": 5, ""name"": ""미스터리""}]","[{""id"": 122, ""name"": ""공동체""}, {""id"": 117, ""name"": ""범죄""}, {""id"": 112, ""name"": ""사랑""}, {""id"": 121, ""name"": ""가짜뉴스""}]",ko,2001-02-03,8.4,2957,29.15,91,False,False,"['코미디', '미스터리']","['공동체', '범죄', '사랑', '가짜뉴스']",코미디 미스터리,공동체 범죄 사랑 가짜뉴스,2001,"외딴 섬을 배경으로, 고향으로 돌아온 요리사가 하루가 반복되는 이상한 현상을 겪는다. 이 과정에서 사랑과 이별을 마주하며 자신의 삶을 다시 바라본다. 코미디와 미스터리의 요소를 결합해 이야기를 따뜻한 시선으로 풀어낸 가상의 한국 영화.","외딴 섬을 배경으로, 고향으로 돌아온 요리사가 하루가 반복되는 이상한 현상을 겪는다. 이 과정에서 사랑과 이별을 마주하며 자신의 삶을 다시 바라본다. 코미디와 미스터리의 요소를 결합해 이야기를 따뜻한 시선으로 풀어낸 가상의 한국 영화. 코미디 미스터리 공동체 범죄 사랑 가짜뉴스"
100023,작은 강을 기다리며 023,"서울의 오래된 골목을 배경으로, 택배 기사가 실종 사건의 단서가 된 노래를 해석하기 시작한다. 이 과정에서 선택과 책임을 마주하며 자신의 삶을 다시 바라본다. 범죄와 판타지의 요소를 결합해 이야기를 긴장감 있게 풀어낸 가상의 한국 영화.","[{""id"": 7, ""name"": ""범죄""}, {""id"": 9, ""name"": ""판타지""}]","[{""id"": 104, ""name"": ""미스터리""}, {""id"": 123, ""name"": ""역사""}, {""id"": 103, ""name"": ""기억""}, {""id"": 108, ""name"": ""인공지능""}]",ko,2001-03-25,6.5,3094,38.069,104,False,False,"['범죄', '판타지']","['미스터리', '역사', '기억', '인공지능']",범죄 판타지,미스터리 역사 기억 인공지능,2001,"서울의 오래된 골목을 배경으로, 택배 기사가 실종 사건의 단서가 된 노래를 해석하기 시작한다. 이 과정에서 선택과 책임을 마주하며 자신의 삶을 다시 바라본다. 범죄와 판타지의 요소를 결합해 이야기를 긴장감 있게 풀어낸 가상의 한국 영화.","서울의 오래된 골목을 배경으로, 택배 기사가 실종 사건의 단서가 된 노래를 해석하기 시작한다. 이 과정에서 선택과 책임을 마주하며 자신의 삶을 다시 바라본다. 범죄와 판타지의 요소를 결합해 이야기를 긴장감 있게 풀어낸 가상의 한국 영화. 범죄 판타지 미스터리 역사 기억 인공지능"
100024,오래된 정거장의 계절 024,"한강변을 배경으로, 가족과 멀어진 의사가 서로 다른 목적을 가진 사람들과 뜻밖의 팀을 이룬다. 이 과정에서 지역 공동체을 마주하며 자신의 삶을 다시 바라본다. 애니메이션와 드라마의 요소를 결합해 이야기를 긴장감 있게 풀어낸 가상의 한국 영화.","[{""id"": 12, ""name"": ""애니메이션""}, {""id"": 1, ""name"": ""드라마""}]","[{""id"": 125, ""name"": ""탐정""}, {""id"": 101, ""name"": ""가족""}, {""id"": 110, ""name"": ""추적""}, {""id"": 112, ""name"": ""사랑""}]",ko,2001-05-14,8.1,3231,24.234,117,False,False,"['애니메이션', '드라마']","['탐정', '가족', '추적', '사랑']",애니메이션 드라마,탐정 가족 추적 사랑,2001,"한강변을 배경으로, 가족과 멀어진 의사가 서로 다른 목적을 가진 사람들과 뜻밖의 팀을 이룬다. 이 과정에서 지역 공동체을 마주하며 자신의 삶을 다시 바라본다. 애니메이션와 드라마의 요소를 결합해 이야기를 긴장감 있게 풀어낸 가상의 한국 영화.","한강변을 배경으로, 가족과 멀어진 의사가 서로 다른 목적을 가진 사람들과 뜻밖의 팀을 이룬다. 이 과정에서 지역 공동체을 마주하며 자신의 삶을 다시 바라본다. 애니메이션와 드라마의 요소를 결합해 이야기를 긴장감 있게 풀어낸 가상의 한국 영화. 애니메이션 드라마 탐정 가족 추적 사랑"
100025,새로운 숲의 기록 025,"대구의 오래된 극장을 배경으로, 고향으로 돌아온 요리사가 마을 사람들만 알고 있는 비밀스러운 규칙을 알게 된다. 이 과정에서 기술과 인간성을 마주하며 자신의 삶을 다시 바라본다. 코미디와 가족의 요소를 결합해 이야기를 따뜻한 시선으로 풀어낸 가상의 한국 영화.","[{""id"": 2, ""name"": ""코미디""}, {""id"": 8, ""name"": ""가족""}]","[{""id"": 106, ""name"": ""서울""}, {""id"": 119, ""name"": ""환경""}, {""id"": 112, ""name"": ""사랑""}, {""id"": 124, ""name"": ""시간여행""}]",ko,2001-07-03,6.3,3368,26.451,130,False,False,"['코미디', '가족']","['서울', '환경', '사랑', '시간여행']",코미디 가족,서울 환경 사랑 시간여행,2001,"대구의 오래된 극장을 배경으로, 고향으로 돌아온 요리사가 마을 사람들만 알고 있는 비밀스러운 규칙을 알게 된다. 이 과정에서 기술과 인간성을 마주하며 자신의 삶을 다시 바라본다. 코미디와 가족의 요소를 결합해 이야기를 따뜻한 시선으로 풀어낸 가상의 한국 영화.","대구의 오래된 극장을 배경으로, 고향으로 돌아온 요리사가 마을 사람들만 알고 있는 비밀스러운 규칙을 알게 된다. 이 과정에서 기술과 인간성을 마주하며 자신의 삶을 다시 바라본다. 코미디와 가족의 요소를 결합해 이야기를 따뜻한 시선으로 풀어낸 가상의 한국 영화. 코미디 가족 서울 환경 사랑 시간여행"
100026,달빛 아래 사진의 하루 026,"달 기지을 배경으로, 택배 기사가 인공지능이 작성한 의문의 일기를 추적한다. 이 과정에서 기억과 정체성을 마주하며 자신의 삶을 다시 바라본다. 범죄와 다큐멘터리의 요소를 결합해 이야기를 긴장감 있게 풀어낸 가상의 한국 영화.","[{""id"": 7, ""name"": ""범죄""}, {""id"": 15, ""name"": ""다큐멘터리""}]","[{""id"": 118, ""name"": ""미래""}, {""id"": 125, ""name"": ""탐정""}, {""id"": 114, ""name"": ""음악""}, {""id"": 112, ""name"": ""사랑""}]",ko,2001-08-22,8.0,3505,32.58,78,False,False,"['범죄', '다큐멘터리']","['미래', '탐정', '음악', '사랑']",범죄 다큐멘터리,미래 탐정 음악 사랑,2001,"달 기지을 배경으로, 택배 기사가 인공지능이 작성한 의문의 일기를 추적한다. 이 과정에서 기억과 정체성을 마주하며 자신의 삶을 다시 바라본다. 범죄와 다큐멘터리의 요소를 결합해 이야기를 긴장감 있게 풀어낸 가상의 한국 영화.","달 기지을 배경으로, 택배 기사가 인공지능이 작성한 의문의 일기를 추적한다. 이 과정에서 기억과 정체성을 마주하며 자신의 삶을 다시 바라본다. 범죄와 다큐멘터리의 요소를 결합해 이야기를 긴장감 있게 풀어낸 가상의 한국 영화. 범죄 다큐멘터리 미래 탐정 음악 사랑"
100027,바람 속 로봇에서 만난 사람 027,"제주도의 작은 해안마을을 배경으로, 가족과 멀어진 의사가 우연히 과거의 사건과 연결된 사진을 발견한다. 이 과정에서 우정과 신뢰을 마주하며 자신의 삶을 다시 바라본다. 애니메이션와 범죄의 요소를 결합해 이야기를 긴장감 있게 풀어낸 가상의 한국 영화.","[{""id"": 12, ""name"": ""애니메이션""}, {""id"": 7, ""name"": ""범죄""}]","[{""id"": 121, ""name"": ""가짜뉴스""}, {""id"": 104, ""name"": ""미스터리""}, {""id"": 109, ""name"": ""로봇""}, {""id"": 110, ""name"": ""추적""}]",ko,2001-10-11,6.0,3642,25.533,91,False,False,"['애니메이션', '범죄']","['가짜뉴스', '미스터리', '로봇', '추적']",애니메이션 범죄,가짜뉴스 미스터리 로봇 추적,2001,"제주도의 작은 해안마을을 배경으로, 가족과 멀어진 의사가 우연히 과거의 사건과 연결된 사진을 발견한다. 이 과정에서 우정과 신뢰을 마주하며 자신의 삶을 다시 바라본다. 애니메이션와 범죄의 요소를 결합해 이야기를 긴장감 있게 풀어낸 가상의 한국 영화.","제주도의 작은 해안마을을 배경으로, 가족과 멀어진 의사가 우연히 과거의 사건과 연결된 사진을 발견한다. 이 과정에서 우정과 신뢰을 마주하며 자신의 삶을 다시 바라본다. 애니메이션와 범죄의 요소를 결합해 이야기를 긴장감 있게 풀어낸 가상의 한국 영화. 애니메이션 범죄 가짜뉴스 미스터리 로봇 추적"
100028,비 오는 날 신호의 밤 028,"강원도의 산골마을을 배경으로, 고향으로 돌아온 요리사가 가족이 숨겨온 오래된 약속의 의미를 알게 된다. 이 과정에서 가족의 의미을 마주하며 자신의 삶을 다시 바라본다. 코미디와 역사의 요소를 결합해 이야기를 따뜻한 시선으로 풀어낸 가상의 한국 영화.","[{""id"": 2, ""name"": ""코미디""}, {""id"": 14, ""name"": ""역사""}]","[{""id"": 105, ""name"": ""제주""}, {""id"": 112, ""name"": ""사랑""}, {""id"": 123, ""name"": ""역사""}, {""id"": 124, ""name"": ""시간여행""}]",ko,2001-11-30,7.6,3779,29.886,104,False,False,"['코미디', '역사']","['제주', '사랑', '역사', '시간여행']",코미디 역사,제주 사랑 역사 시간여행,2001,"강원도의 산골마을을 배경으로, 고향으로 돌아온 요리사가 가족이 숨겨온 오래된 약속의 의미를 알게 된다. 이 과정에서 가족의 의미을 마주하며 자신의 삶을 다시 바라본다. 코미디와 역사의 요소를 결합해 이야기를 따뜻한 시선으로 풀어낸 가상의 한국 영화.","강원도의 산골마을을 배경으로, 고향으로 돌아온 요리사가 가족이 숨겨온 오래된 약속의 의미를 알게 된다. 이 과정에서 가족의 의미을 마주하며 자신의 삶을 다시 바라본다. 코미디와 역사의 요소를 결합해 이야기를 따뜻한 시선으로 풀어낸 가상의 한국 영화. 코미디 역사 제주 사랑 역사 시간여행"
100029,제주의 불꽃의 온도 029,"전주의 한옥마을을 배경으로, 택배 기사가 폐쇄 예정인 공간을 지키기 위한 계획을 세운다. 이 과정에서 상실과 회복을 마주하며 자신의 삶을 다시 바라본다. 범죄와 액션의 요소를 결합해 이야기를 긴장감 있게 풀어낸 가상의 한국 영화.","[{""id"": 7, ""name"": ""범죄""}, {""id"": 6, ""name"": ""액션""}]","[{""id"": 104, ""name"": ""미스터리""}, {""id"": 106, ""name"": ""서울""}, {""id"": 103, ""name"": ""기억""}, {""id"": 116, ""name"": ""학교""}]",ko,2001-06-16,5.9,3916,23.572,117,False,False,"['범죄', '액션']","['미스터리', '서울', '기억', '학교']",범죄 액션,미스터리 서울 기억 학교,2001,"전주의 한옥마을을 배경으로, 택배 기사가 폐쇄 예정인 공간을 지키기 위한 계획을 세운다. 이 과정에서 상실과 회복을 마주하며 자신의 삶을 다시 바라본다. 범죄와 액션의 요소를 결합해 이야기를 긴장감 있게 풀어낸 가상의 한국 영화.","전주의 한옥마을을 배경으로, 택배 기사가 폐쇄 예정인 공간을 지키기 위한 계획을 세운다. 이 과정에서 상실과 회복을 마주하며 자신의 삶을 다시 바라본다. 범죄와 액션의 요소를 결합해 이야기를 긴장감 있게 풀어낸 가상의 한국 영화. 범죄 액션 미스터리 서울 기억 학교"
100030,서울의 도서관 너머 030,"가상의 미래 도시을 배경으로, 가족과 멀어진 의사가 수십 년 전 사라진 편지 한 통을 발견한다. 이 과정에서 도전과 성장을 마주하며 자신의 삶을 다시 바라본다. 애니메이션와 음악의 요소를 결합해 이야기를 긴장감 있게 풀어낸 가상의 한국 영화.","[{""id"": 12, ""name"": ""애니메이션""}, {""id"": 13, ""name"": ""음악""}]","[{""id"": 120, ""name"": ""언론""}, {""id"": 103, ""name"": ""기억""}, {""id"": 111, ""name"": ""성장""}, {""id"": 115, ""name"": ""요리""}]",ko,2001-08-05,7.4,4053,36.478,130,False,False,"['애니메이션', '음악']","['언론', '기억', '성장', '요리']",애니메이션 음악,언론 기억 성장 요리,2001,"가상의 미래 도시을 배경으로, 가족과 멀어진 의사가 수십 년 전 사라진 편지 한 통을 발견한다. 이 과정에서 도전과 성장을 마주하며 자신의 삶을 다시 바라본다. 애니메이션와 음악의 요소를 결합해 이야기를 긴장감 있게 풀어낸 가상의 한국 영화.","가상의 미래 도시을 배경으로, 가족과 멀어진 의사가 수십 년 전 사라진 편지 한 통을 발견한다. 이 과정에서 도전과 성장을 마주하며 자신의 삶을 다시 바라본다. 애니메이션와 음악의 요소를 결합해 이야기를 긴장감 있게 풀어낸 가상의 한국 영화. 애니메이션 음악 언론 기억 성장 요리"
100031,부산의 별의 비밀 031,"국경 근처의 작은 역을 배경으로, 고향으로 돌아온 요리사가 가짜 뉴스로 인해 무너진 관계를 회복하려 한다. 이 과정에서 진실과 거짓을 마주하며 자신의 삶을 다시 바라본다. 코미디와 미스터리의 요소를 결합해 이야기를 따뜻한 시선으로 풀어낸 가상의 한국 영화.","[{""id"": 2, ""name"": ""코미디""}, {""id"": 5, ""name"": ""미스터리""}]","[{""id"": 115, ""name"": ""요리""}, {""id"": 119, ""name"": ""환경""}, {""id"": 108, ""name"": ""인공지능""}, {""id"": 116, ""name"": ""학교""}]",ko,2001-09-24,5.6,4190,33.808,78,False,False,"['코미디', '미스터리']","['요리', '환경', '인공지능', '학교']",코미디 미스터리,요리 환경 인공지능 학교,2001,"국경 근처의 작은 역을 배경으로, 고향으로 돌아온 요리사가 가짜 뉴스로 인해 무너진 관계를 회복하려 한다. 이 과정에서 진실과 거짓을 마주하며 자신의 삶을 다시 바라본다. 코미디와 미스터리의 요소를 결합해 이야기를 따뜻한 시선으로 풀어낸 가상의 한국 영화.","국경 근처의 작은 역을 배경으로, 고향으로 돌아온 요리사가 가짜 뉴스로 인해 무너진 관계를 회복하려 한다. 이 과정에서 진실과 거짓을 마주하며 자신의 삶을 다시 바라본다. 코미디와 미스터리의 요소를 결합해 이야기를 따뜻한 시선으로 풀어낸 가상의 한국 영화. 코미디 미스터리 요리 환경 인공지능 학교"
100032,한강의 식당로 가는 길 032,"부산항 인근을 배경으로, 택배 기사가 정체를 알 수 없는 음성 메시지를 매일 받기 시작한다. 이 과정에서 환경과 공존을 마주하며 자신의 삶을 다시 바라본다. 범죄와 애니메이션의 요소를 결합해 이야기를 긴장감 있게 풀어낸 가상의 한국 영화.","[{""id"": 7, ""name"": ""범죄""}, {""id"": 12, ""name"": ""애니메이션""}]","[{""id"": 106, ""name"": ""서울""}, {""id"": 101, ""name"": ""가족""}, {""id"": 102, ""name"": ""우정""}, {""id"": 108, ""name"": ""인공지능""}]",ko,2001-11-13,7.3,4327,36.386,91,False,False,"['범죄', '애니메이션']","['서울', '가족', '우정', '인공지능']",범죄 애니메이션,서울 가족 우정 인공지능,2001,"부산항 인근을 배경으로, 택배 기사가 정체를 알 수 없는 음성 메시지를 매일 받기 시작한다. 이 과정에서 환경과 공존을 마주하며 자신의 삶을 다시 바라본다. 범죄와 애니메이션의 요소를 결합해 이야기를 긴장감 있게 풀어낸 가상의 한국 영화.","부산항 인근을 배경으로, 택배 기사가 정체를 알 수 없는 음성 메시지를 매일 받기 시작한다. 이 과정에서 환경과 공존을 마주하며 자신의 삶을 다시 바라본다. 범죄와 애니메이션의 요소를 결합해 이야기를 긴장감 있게 풀어낸 가상의 한국 영화. 범죄 애니메이션 서울 가족 우정 인공지능"
100033,새벽의 비행과 우리 033,"인천의 낡은 공단을 배경으로, 가족과 멀어진 의사가 도시 전체의 전력이 사라진 밤에 중요한 선택을 한다. 이 과정에서 세대 간 갈등을 마주하며 자신의 삶을 다시 바라본다. 애니메이션와 스릴러의 요소를 결합해 이야기를 긴장감 있게 풀어낸 가상의 한국 영화.","[{""id"": 12, ""name"": ""애니메이션""}, {""id"": 4, ""name"": ""스릴러""}]","[{""id"": 107, ""name"": ""바다""}, {""id"": 111, ""name"": ""성장""}, {""id"": 115, ""name"": ""요리""}, {""id"": 121, ""name"": ""가짜뉴스""}]",ko,2002-01-02,5.3,4464,28.04,104,False,False,"['애니메이션', '스릴러']","['바다', '성장', '요리', '가짜뉴스']",애니메이션 스릴러,바다 성장 요리 가짜뉴스,2002,"인천의 낡은 공단을 배경으로, 가족과 멀어진 의사가 도시 전체의 전력이 사라진 밤에 중요한 선택을 한다. 이 과정에서 세대 간 갈등을 마주하며 자신의 삶을 다시 바라본다. 애니메이션와 스릴러의 요소를 결합해 이야기를 긴장감 있게 풀어낸 가상의 한국 영화.","인천의 낡은 공단을 배경으로, 가족과 멀어진 의사가 도시 전체의 전력이 사라진 밤에 중요한 선택을 한다. 이 과정에서 세대 간 갈등을 마주하며 자신의 삶을 다시 바라본다. 애니메이션와 스릴러의 요소를 결합해 이야기를 긴장감 있게 풀어낸 가상의 한국 영화. 애니메이션 스릴러 바다 성장 요리 가짜뉴스"
100034,겨울의 터널에게 034,"광주의 대학가을 배경으로, 고향으로 돌아온 요리사가 하루가 반복되는 이상한 현상을 겪는다. 이 과정에서 사랑과 이별을 마주하며 자신의 삶을 다시 바라본다. 코미디와 모험의 요소를 결합해 이야기를 따뜻한 시선으로 풀어낸 가상의 한국 영화.","[{""id"": 2, ""name"": ""코미디""}, {""id"": 11, ""name"": ""모험""}]","[{""id"": 114, ""name"": ""음악""}, {""id"": 109, ""name"": ""로봇""}, {""id"": 104, ""name"": ""미스터리""}, {""id"": 118, ""name"": ""미래""}]",ko,2002-02-21,7.2,4601,23.624,117,False,False,"['코미디', '모험']","['음악', '로봇', '미스터리', '미래']",코미디 모험,음악 로봇 미스터리 미래,2002,"광주의 대학가을 배경으로, 고향으로 돌아온 요리사가 하루가 반복되는 이상한 현상을 겪는다. 이 과정에서 사랑과 이별을 마주하며 자신의 삶을 다시 바라본다. 코미디와 모험의 요소를 결합해 이야기를 따뜻한 시선으로 풀어낸 가상의 한국 영화.","광주의 대학가을 배경으로, 고향으로 돌아온 요리사가 하루가 반복되는 이상한 현상을 겪는다. 이 과정에서 사랑과 이별을 마주하며 자신의 삶을 다시 바라본다. 코미디와 모험의 요소를 결합해 이야기를 따뜻한 시선으로 풀어낸 가상의 한국 영화. 코미디 모험 음악 로봇 미스터리 미래"
100035,여름의 약속 035,"외딴 섬을 배경으로, 택배 기사가 실종 사건의 단서가 된 노래를 해석하기 시작한다. 이 과정에서 선택과 책임을 마주하며 자신의 삶을 다시 바라본다. 범죄와 로맨스의 요소를 결합해 이야기를 긴장감 있게 풀어낸 가상의 한국 영화.","[{""id"": 7, ""name"": ""범죄""}, {""id"": 3, ""name"": ""로맨스""}]","[{""id"": 109, ""name"": ""로봇""}, {""id"": 113, ""name"": ""여행""}, {""id"": 106, ""name"": ""서울""}, {""id"": 112, ""name"": ""사랑""}]",ko,2002-04-12,5.1,4738,39.252,130,False,False,"['범죄', '로맨스']","['로봇', '여행', '서울', '사랑']",범죄 로맨스,로봇 여행 서울 사랑,2002,"외딴 섬을 배경으로, 택배 기사가 실종 사건의 단서가 된 노래를 해석하기 시작한다. 이 과정에서 선택과 책임을 마주하며 자신의 삶을 다시 바라본다. 범죄와 로맨스의 요소를 결합해 이야기를 긴장감 있게 풀어낸 가상의 한국 영화.","외딴 섬을 배경으로, 택배 기사가 실종 사건의 단서가 된 노래를 해석하기 시작한다. 이 과정에서 선택과 책임을 마주하며 자신의 삶을 다시 바라본다. 범죄와 로맨스의 요소를 결합해 이야기를 긴장감 있게 풀어낸 가상의 한국 영화. 범죄 로맨스 로봇 여행 서울 사랑"
100036,봄날의 극장의 끝 036,"서울의 오래된 골목을 배경으로, 가족과 멀어진 의사가 서로 다른 목적을 가진 사람들과 뜻밖의 팀을 이룬다. 이 과정에서 지역 공동체을 마주하며 자신의 삶을 다시 바라본다. 애니메이션와 SF의 요소를 결합해 이야기를 긴장감 있게 풀어낸 가상의 한국 영화.","[{""id"": 12, ""name"": ""애니메이션""}, {""id"": 10, ""name"": ""SF""}]","[{""id"": 104, ""name"": ""미스터리""}, {""id"": 121, ""name"": ""가짜뉴스""}, {""id"": 111, ""name"": ""성장""}, {""id"": 117, ""name"": ""범죄""}]",ko,2001-10-27,6.8,4875,32.418,78,False,False,"['애니메이션', 'SF']","['미스터리', '가짜뉴스', '성장', '범죄']",애니메이션 SF,미스터리 가짜뉴스 성장 범죄,2001,"서울의 오래된 골목을 배경으로, 가족과 멀어진 의사가 서로 다른 목적을 가진 사람들과 뜻밖의 팀을 이룬다. 이 과정에서 지역 공동체을 마주하며 자신의 삶을 다시 바라본다. 애니메이션와 SF의 요소를 결합해 이야기를 긴장감 있게 풀어낸 가상의 한국 영화.","서울의 오래된 골목을 배경으로, 가족과 멀어진 의사가 서로 다른 목적을 가진 사람들과 뜻밖의 팀을 이룬다. 이 과정에서 지역 공동체을 마주하며 자신의 삶을 다시 바라본다. 애니메이션와 SF의 요소를 결합해 이야기를 긴장감 있게 풀어낸 가상의 한국 영화. 애니메이션 SF 미스터리 가짜뉴스 성장 범죄"
100037,가을의 시간의 선택 037,"한강변을 배경으로, 고향으로 돌아온 요리사가 마을 사람들만 알고 있는 비밀스러운 규칙을 알게 된다. 이 과정에서 기술과 인간성을 마주하며 자신의 삶을 다시 바라본다. 코미디와 미스터리의 요소를 결합해 이야기를 따뜻한 시선으로 풀어낸 가상의 한국 영화.","[{""id"": 2, ""name"": ""코미디""}, {""id"": 5, ""name"": ""미스터리""}]","[{""id"": 116, ""name"": ""학교""}, {""id"": 115, ""name"": ""요리""}, {""id"": 107, ""name"": ""바다""}, {""id"": 124, ""name"": ""시간여행""}]",ko,2001-12-16,4.9,5012,23.33,91,False,False,"['코미디', '미스터리']","['학교', '요리', '바다', '시간여행']",코미디 미스터리,학교 요리 바다 시간여행,2001,"한강변을 배경으로, 고향으로 돌아온 요리사가 마을 사람들만 알고 있는 비밀스러운 규칙을 알게 된다. 이 과정에서 기술과 인간성을 마주하며 자신의 삶을 다시 바라본다. 코미디와 미스터리의 요소를 결합해 이야기를 따뜻한 시선으로 풀어낸 가상의 한국 영화.","한강변을 배경으로, 고향으로 돌아온 요리사가 마을 사람들만 알고 있는 비밀스러운 규칙을 알게 된다. 이 과정에서 기술과 인간성을 마주하며 자신의 삶을 다시 바라본다. 코미디와 미스터리의 요소를 결합해 이야기를 따뜻한 시선으로 풀어낸 가상의 한국 영화. 코미디 미스터리 학교 요리 바다 시간여행"
100038,푸른 학교을 기다리며 038,"대구의 오래된 극장을 배경으로, 택배 기사가 인공지능이 작성한 의문의 일기를 추적한다. 이 과정에서 기억과 정체성을 마주하며 자신의 삶을 다시 바라본다. 범죄와 판타지의 요소를 결합해 이야기를 긴장감 있게 풀어낸 가상의 한국 영화.","[{""id"": 7, ""name"": ""범죄""}, {""id"": 9, ""name"": ""판타지""}]","[{""id"": 119, ""name"": ""환경""}, {""id"": 114, ""name"": ""음악""}, {""id"": 111, ""name"": ""성장""}, {""id"": 106, ""name"": ""서울""}]",ko,2002-02-04,6.6,5149,28.569,104,False,False,"['범죄', '판타지']","['환경', '음악', '성장', '서울']",범죄 판타지,환경 음악 성장 서울,2002,"대구의 오래된 극장을 배경으로, 택배 기사가 인공지능이 작성한 의문의 일기를 추적한다. 이 과정에서 기억과 정체성을 마주하며 자신의 삶을 다시 바라본다. 범죄와 판타지의 요소를 결합해 이야기를 긴장감 있게 풀어낸 가상의 한국 영화.","대구의 오래된 극장을 배경으로, 택배 기사가 인공지능이 작성한 의문의 일기를 추적한다. 이 과정에서 기억과 정체성을 마주하며 자신의 삶을 다시 바라본다. 범죄와 판타지의 요소를 결합해 이야기를 긴장감 있게 풀어낸 가상의 한국 영화. 범죄 판타지 환경 음악 성장 서울"
100039,붉은 문의 계절 039,"달 기지을 배경으로, 가족과 멀어진 의사가 우연히 과거의 사건과 연결된 사진을 발견한다. 이 과정에서 우정과 신뢰을 마주하며 자신의 삶을 다시 바라본다. 애니메이션와 드라마의 요소를 결합해 이야기를 긴장감 있게 풀어낸 가상의 한국 영화.","[{""id"": 12, ""name"": ""애니메이션""}, {""id"": 1, ""name"": ""드라마""}]","[{""id"": 124, ""name"": ""시간여행""}, {""id"": 115, ""name"": ""요리""}, {""id"": 122, ""name"": ""공동체""}, {""id"": 101, ""name"": ""가족""}]",ko,2002-03-26,8.4,5286,38.278,117,False,False,"['애니메이션', '드라마']","['시간여행', '요리', '공동체', '가족']",애니메이션 드라마,시간여행 요리 공동체 가족,2002,"달 기지을 배경으로, 가족과 멀어진 의사가 우연히 과거의 사건과 연결된 사진을 발견한다. 이 과정에서 우정과 신뢰을 마주하며 자신의 삶을 다시 바라본다. 애니메이션와 드라마의 요소를 결합해 이야기를 긴장감 있게 풀어낸 가상의 한국 영화.","달 기지을 배경으로, 가족과 멀어진 의사가 우연히 과거의 사건과 연결된 사진을 발견한다. 이 과정에서 우정과 신뢰을 마주하며 자신의 삶을 다시 바라본다. 애니메이션와 드라마의 요소를 결합해 이야기를 긴장감 있게 풀어낸 가상의 한국 영화. 애니메이션 드라마 시간여행 요리 공동체 가족"
100040,검은 카페의 기록 040,"제주도의 작은 해안마을을 배경으로, 고향으로 돌아온 요리사가 가족이 숨겨온 오래된 약속의 의미를 알게 된다. 이 과정에서 가족의 의미을 마주하며 자신의 삶을 다시 바라본다. 코미디와 가족의 요소를 결합해 이야기를 따뜻한 시선으로 풀어낸 가상의 한국 영화.","[{""id"": 2, ""name"": ""코미디""}, {""id"": 8, ""name"": ""가족""}]","[{""id"": 122, ""name"": ""공동체""}, {""id"": 108, ""name"": ""인공지능""}, {""id"": 114, ""name"": ""음악""}, {""id"": 117, ""name"": ""범죄""}]",ko,2002-05-15,6.6,5423,32.534,130,False,False,"['코미디', '가족']","['공동체', '인공지능', '음악', '범죄']",코미디 가족,공동체 인공지능 음악 범죄,2002,"제주도의 작은 해안마을을 배경으로, 고향으로 돌아온 요리사가 가족이 숨겨온 오래된 약속의 의미를 알게 된다. 이 과정에서 가족의 의미을 마주하며 자신의 삶을 다시 바라본다. 코미디와 가족의 요소를 결합해 이야기를 따뜻한 시선으로 풀어낸 가상의 한국 영화.","제주도의 작은 해안마을을 배경으로, 고향으로 돌아온 요리사가 가족이 숨겨온 오래된 약속의 의미를 알게 된다. 이 과정에서 가족의 의미을 마주하며 자신의 삶을 다시 바라본다. 코미디와 가족의 요소를 결합해 이야기를 따뜻한 시선으로 풀어낸 가상의 한국 영화. 코미디 가족 공동체 인공지능 음악 범죄"
100041,하얀 파도의 하루 041,"강원도의 산골마을을 배경으로, 택배 기사가 폐쇄 예정인 공간을 지키기 위한 계획을 세운다. 이 과정에서 상실과 회복을 마주하며 자신의 삶을 다시 바라본다. 범죄와 다큐멘터리의 요소를 결합해 이야기를 긴장감 있게 풀어낸 가상의 한국 영화.","[{""id"": 7, ""name"": ""범죄""}, {""id"": 15, ""name"": ""다큐멘터리""}]","[{""id"": 103, ""name"": ""기억""}, {""id"": 114, ""name"": ""음악""}, {""id"": 112, ""name"": ""사랑""}, {""id"": 110, ""name"": ""추적""}]",ko,2002-07-04,8.2,5560,29.845,78,False,False,"['범죄', '다큐멘터리']","['기억', '음악', '사랑', '추적']",범죄 다큐멘터리,기억 음악 사랑 추적,2002,"강원도의 산골마을을 배경으로, 택배 기사가 폐쇄 예정인 공간을 지키기 위한 계획을 세운다. 이 과정에서 상실과 회복을 마주하며 자신의 삶을 다시 바라본다. 범죄와 다큐멘터리의 요소를 결합해 이야기를 긴장감 있게 풀어낸 가상의 한국 영화.","강원도의 산골마을을 배경으로, 택배 기사가 폐쇄 예정인 공간을 지키기 위한 계획을 세운다. 이 과정에서 상실과 회복을 마주하며 자신의 삶을 다시 바라본다. 범죄와 다큐멘터리의 요소를 결합해 이야기를 긴장감 있게 풀어낸 가상의 한국 영화. 범죄 다큐멘터리 기억 음악 사랑 추적"
100042,마지막 섬에서 만난 사람 042,"전주의 한옥마을을 배경으로, 가족과 멀어진 의사가 수십 년 전 사라진 편지 한 통을 발견한다. 이 과정에서 도전과 성장을 마주하며 자신의 삶을 다시 바라본다. 애니메이션와 범죄의 요소를 결합해 이야기를 긴장감 있게 풀어낸 가상의 한국 영화.","[{""id"": 12, ""name"": ""애니메이션""}, {""id"": 7, ""name"": ""범죄""}]","[{""id"": 120, ""name"": ""언론""}, {""id"": 103, ""name"": ""기억""}, {""id"": 104, ""name"": ""미스터리""}, {""id"": 107, ""name"": ""바다""}]",ko,2002-08-23,6.3,5697,35.677,91,False,False,"['애니메이션', '범죄']","['언론', '기억', '미스터리', '바다']",애니메이션 범죄,언론 기억 미스터리 바다,2002,"전주의 한옥마을을 배경으로, 가족과 멀어진 의사가 수십 년 전 사라진 편지 한 통을 발견한다. 이 과정에서 도전과 성장을 마주하며 자신의 삶을 다시 바라본다. 애니메이션와 범죄의 요소를 결합해 이야기를 긴장감 있게 풀어낸 가상의 한국 영화.","전주의 한옥마을을 배경으로, 가족과 멀어진 의사가 수십 년 전 사라진 편지 한 통을 발견한다. 이 과정에서 도전과 성장을 마주하며 자신의 삶을 다시 바라본다. 애니메이션와 범죄의 요소를 결합해 이야기를 긴장감 있게 풀어낸 가상의 한국 영화. 애니메이션 범죄 언론 기억 미스터리 바다"
100043,첫 번째 노래의 밤 043,"가상의 미래 도시을 배경으로, 고향으로 돌아온 요리사가 가짜 뉴스로 인해 무너진 관계를 회복하려 한다. 이 과정에서 진실과 거짓을 마주하며 자신의 삶을 다시 바라본다. 코미디와 역사의 요소를 결합해 이야기를 따뜻한 시선으로 풀어낸 가상의 한국 영화.","[{""id"": 2, ""name"": ""코미디""}, {""id"": 14, ""name"": ""역사""}]","[{""id"": 111, ""name"": ""성장""}, {""id"": 108, ""name"": ""인공지능""}, {""id"": 119, ""name"": ""환경""}, {""id"": 112, ""name"": ""사랑""}]",ko,2002-03-09,7.9,5834,32.754,104,False,False,"['코미디', '역사']","['성장', '인공지능', '환경', '사랑']",코미디 역사,성장 인공지능 환경 사랑,2002,"가상의 미래 도시을 배경으로, 고향으로 돌아온 요리사가 가짜 뉴스로 인해 무너진 관계를 회복하려 한다. 이 과정에서 진실과 거짓을 마주하며 자신의 삶을 다시 바라본다. 코미디와 역사의 요소를 결합해 이야기를 따뜻한 시선으로 풀어낸 가상의 한국 영화.","가상의 미래 도시을 배경으로, 고향으로 돌아온 요리사가 가짜 뉴스로 인해 무너진 관계를 회복하려 한다. 이 과정에서 진실과 거짓을 마주하며 자신의 삶을 다시 바라본다. 코미디와 역사의 요소를 결합해 이야기를 따뜻한 시선으로 풀어낸 가상의 한국 영화. 코미디 역사 성장 인공지능 환경 사랑"
100044,낯선 탐정의 온도 044,"국경 근처의 작은 역을 배경으로, 택배 기사가 정체를 알 수 없는 음성 메시지를 매일 받기 시작한다. 이 과정에서 환경과 공존을 마주하며 자신의 삶을 다시 바라본다. 범죄와 액션의 요소를 결합해 이야기를 긴장감 있게 풀어낸 가상의 한국 영화.","[{""id"": 7, ""name"": ""범죄""}, {""id"": 6, ""name"": ""액션""}]","[{""id"": 110, ""name"": ""추적""}, {""id"": 108, ""name"": ""인공지능""}, {""id"": 113, ""name"": ""여행""}, {""id"": 109, ""name"": ""로봇""}]",ko,2002-04-28,6.2,5971,31.232,117,False,False,"['범죄', '액션']","['추적', '인공지능', '여행', '로봇']",범죄 액션,추적 인공지능 여행 로봇,2002,"국경 근처의 작은 역을 배경으로, 택배 기사가 정체를 알 수 없는 음성 메시지를 매일 받기 시작한다. 이 과정에서 환경과 공존을 마주하며 자신의 삶을 다시 바라본다. 범죄와 액션의 요소를 결합해 이야기를 긴장감 있게 풀어낸 가상의 한국 영화.","국경 근처의 작은 역을 배경으로, 택배 기사가 정체를 알 수 없는 음성 메시지를 매일 받기 시작한다. 이 과정에서 환경과 공존을 마주하며 자신의 삶을 다시 바라본다. 범죄와 액션의 요소를 결합해 이야기를 긴장감 있게 풀어낸 가상의 한국 영화. 범죄 액션 추적 인공지능 여행 로봇"
100045,잊힌 레시피 너머 045,"부산항 인근을 배경으로, 가족과 멀어진 의사가 도시 전체의 전력이 사라진 밤에 중요한 선택을 한다. 이 과정에서 세대 간 갈등을 마주하며 자신의 삶을 다시 바라본다. 애니메이션와 음악의 요소를 결합해 이야기를 긴장감 있게 풀어낸 가상의 한국 영화.","[{""id"": 12, ""name"": ""애니메이션""}, {""id"": 13, ""name"": ""음악""}]","[{""id"": 123, ""name"": ""역사""}, {""id"": 108, ""name"": ""인공지능""}, {""id"": 106, ""name"": ""서울""}, {""id"": 114, ""name"": ""음악""}]",ko,2002-06-17,7.7,6108,30.171,130,False,False,"['애니메이션', '음악']","['역사', '인공지능', '서울', '음악']",애니메이션 음악,역사 인공지능 서울 음악,2002,"부산항 인근을 배경으로, 가족과 멀어진 의사가 도시 전체의 전력이 사라진 밤에 중요한 선택을 한다. 이 과정에서 세대 간 갈등을 마주하며 자신의 삶을 다시 바라본다. 애니메이션와 음악의 요소를 결합해 이야기를 긴장감 있게 풀어낸 가상의 한국 영화.","부산항 인근을 배경으로, 가족과 멀어진 의사가 도시 전체의 전력이 사라진 밤에 중요한 선택을 한다. 이 과정에서 세대 간 갈등을 마주하며 자신의 삶을 다시 바라본다. 애니메이션와 음악의 요소를 결합해 이야기를 긴장감 있게 풀어낸 가상의 한국 영화. 애니메이션 음악 역사 인공지능 서울 음악"
100046,비밀의 눈의 비밀 046,"인천의 낡은 공단을 배경으로, 고향으로 돌아온 요리사가 하루가 반복되는 이상한 현상을 겪는다. 이 과정에서 사랑과 이별을 마주하며 자신의 삶을 다시 바라본다. 코미디와 미스터리의 요소를 결합해 이야기를 따뜻한 시선으로 풀어낸 가상의 한국 영화.","[{""id"": 2, ""name"": ""코미디""}, {""id"": 5, ""name"": ""미스터리""}]","[{""id"": 114, ""name"": ""음악""}, {""id"": 105, ""name"": ""제주""}, {""id"": 111, ""name"": ""성장""}, {""id"": 104, ""name"": ""미스터리""}]",ko,2002-08-06,5.9,6245,31.586,78,False,False,"['코미디', '미스터리']","['음악', '제주', '성장', '미스터리']",코미디 미스터리,음악 제주 성장 미스터리,2002,"인천의 낡은 공단을 배경으로, 고향으로 돌아온 요리사가 하루가 반복되는 이상한 현상을 겪는다. 이 과정에서 사랑과 이별을 마주하며 자신의 삶을 다시 바라본다. 코미디와 미스터리의 요소를 결합해 이야기를 따뜻한 시선으로 풀어낸 가상의 한국 영화.","인천의 낡은 공단을 배경으로, 고향으로 돌아온 요리사가 하루가 반복되는 이상한 현상을 겪는다. 이 과정에서 사랑과 이별을 마주하며 자신의 삶을 다시 바라본다. 코미디와 미스터리의 요소를 결합해 이야기를 따뜻한 시선으로 풀어낸 가상의 한국 영화. 코미디 미스터리 음악 제주 성장 미스터리"
100047,고요한 골목로 가는 길 047,"광주의 대학가을 배경으로, 택배 기사가 실종 사건의 단서가 된 노래를 해석하기 시작한다. 이 과정에서 선택과 책임을 마주하며 자신의 삶을 다시 바라본다. 범죄와 애니메이션의 요소를 결합해 이야기를 긴장감 있게 풀어낸 가상의 한국 영화.","[{""id"": 7, ""name"": ""범죄""}, {""id"": 12, ""name"": ""애니메이션""}]","[{""id"": 119, ""name"": ""환경""}, {""id"": 106, ""name"": ""서울""}, {""id"": 121, ""name"": ""가짜뉴스""}, {""id"": 109, ""name"": ""로봇""}]",ko,2002-09-25,7.7,6382,34.302,91,False,False,"['범죄', '애니메이션']","['환경', '서울', '가짜뉴스', '로봇']",범죄 애니메이션,환경 서울 가짜뉴스 로봇,2002,"광주의 대학가을 배경으로, 택배 기사가 실종 사건의 단서가 된 노래를 해석하기 시작한다. 이 과정에서 선택과 책임을 마주하며 자신의 삶을 다시 바라본다. 범죄와 애니메이션의 요소를 결합해 이야기를 긴장감 있게 풀어낸 가상의 한국 영화.","광주의 대학가을 배경으로, 택배 기사가 실종 사건의 단서가 된 노래를 해석하기 시작한다. 이 과정에서 선택과 책임을 마주하며 자신의 삶을 다시 바라본다. 범죄와 애니메이션의 요소를 결합해 이야기를 긴장감 있게 풀어낸 가상의 한국 영화. 범죄 애니메이션 환경 서울 가짜뉴스 로봇"
100048,빛나는 마을과 우리 048,"외딴 섬을 배경으로, 가족과 멀어진 의사가 서로 다른 목적을 가진 사람들과 뜻밖의 팀을 이룬다. 이 과정에서 지역 공동체을 마주하며 자신의 삶을 다시 바라본다. 애니메이션와 스릴러의 요소를 결합해 이야기를 긴장감 있게 풀어낸 가상의 한국 영화.","[{""id"": 12, ""name"": ""애니메이션""}, {""id"": 4, ""name"": ""스릴러""}]","[{""id"": 122, ""name"": ""공동체""}, {""id"": 113, ""name"": ""여행""}, {""id"": 117, ""name"": ""범죄""}, {""id"": 106, ""name"": ""서울""}]",ko,2002-11-14,5.6,6519,40.656,104,False,False,"['애니메이션', '스릴러']","['공동체', '여행', '범죄', '서울']",애니메이션 스릴러,공동체 여행 범죄 서울,2002,"외딴 섬을 배경으로, 가족과 멀어진 의사가 서로 다른 목적을 가진 사람들과 뜻밖의 팀을 이룬다. 이 과정에서 지역 공동체을 마주하며 자신의 삶을 다시 바라본다. 애니메이션와 스릴러의 요소를 결합해 이야기를 긴장감 있게 풀어낸 가상의 한국 영화.","외딴 섬을 배경으로, 가족과 멀어진 의사가 서로 다른 목적을 가진 사람들과 뜻밖의 팀을 이룬다. 이 과정에서 지역 공동체을 마주하며 자신의 삶을 다시 바라본다. 애니메이션와 스릴러의 요소를 결합해 이야기를 긴장감 있게 풀어낸 가상의 한국 영화. 애니메이션 스릴러 공동체 여행 범죄 서울"
100049,흐린 열차에게 049,"서울의 오래된 골목을 배경으로, 고향으로 돌아온 요리사가 마을 사람들만 알고 있는 비밀스러운 규칙을 알게 된다. 이 과정에서 기술과 인간성을 마주하며 자신의 삶을 다시 바라본다. 코미디와 모험의 요소를 결합해 이야기를 따뜻한 시선으로 풀어낸 가상의 한국 영화.","[{""id"": 2, ""name"": ""코미디""}, {""id"": 11, ""name"": ""모험""}]","[{""id"": 122, ""name"": ""공동체""}, {""id"": 102, ""name"": ""우정""}, {""id"": 110, ""name"": ""추적""}, {""id"": 109, ""name"": ""로봇""}]",ko,2003-01-03,7.5,6656,37.937,117,False,False,"['코미디', '모험']","['공동체', '우정', '추적', '로봇']",코미디 모험,공동체 우정 추적 로봇,2003,"서울의 오래된 골목을 배경으로, 고향으로 돌아온 요리사가 마을 사람들만 알고 있는 비밀스러운 규칙을 알게 된다. 이 과정에서 기술과 인간성을 마주하며 자신의 삶을 다시 바라본다. 코미디와 모험의 요소를 결합해 이야기를 따뜻한 시선으로 풀어낸 가상의 한국 영화.","서울의 오래된 골목을 배경으로, 고향으로 돌아온 요리사가 마을 사람들만 알고 있는 비밀스러운 규칙을 알게 된다. 이 과정에서 기술과 인간성을 마주하며 자신의 삶을 다시 바라본다. 코미디와 모험의 요소를 결합해 이야기를 따뜻한 시선으로 풀어낸 가상의 한국 영화. 코미디 모험 공동체 우정 추적 로봇"
100050,먼 우주선 050,"한강변을 배경으로, 택배 기사가 인공지능이 작성한 의문의 일기를 추적한다. 이 과정에서 기억과 정체성을 마주하며 자신의 삶을 다시 바라본다. 범죄와 로맨스의 요소를 결합해 이야기를 긴장감 있게 풀어낸 가상의 한국 영화.","[{""id"": 7, ""name"": ""범죄""}, {""id"": 3, ""name"": ""로맨스""}]","[{""id"": 120, ""name"": ""언론""}, {""id"": 109, ""name"": ""로봇""}, {""id"": 113, ""name"": ""여행""}, {""id"": 108, ""name"": ""인공지능""}]",ko,2002-07-20,5.5,6793,40.504,130,False,False,"['범죄', '로맨스']","['언론', '로봇', '여행', '인공지능']",범죄 로맨스,언론 로봇 여행 인공지능,2002,"한강변을 배경으로, 택배 기사가 인공지능이 작성한 의문의 일기를 추적한다. 이 과정에서 기억과 정체성을 마주하며 자신의 삶을 다시 바라본다. 범죄와 로맨스의 요소를 결합해 이야기를 긴장감 있게 풀어낸 가상의 한국 영화.","한강변을 배경으로, 택배 기사가 인공지능이 작성한 의문의 일기를 추적한다. 이 과정에서 기억과 정체성을 마주하며 자신의 삶을 다시 바라본다. 범죄와 로맨스의 요소를 결합해 이야기를 긴장감 있게 풀어낸 가상의 한국 영화. 범죄 로맨스 언론 로봇 여행 인공지능"
100051,작은 전화의 끝 051,"대구의 오래된 극장을 배경으로, 가족과 멀어진 의사가 우연히 과거의 사건과 연결된 사진을 발견한다. 이 과정에서 우정과 신뢰을 마주하며 자신의 삶을 다시 바라본다. 애니메이션와 SF의 요소를 결합해 이야기를 긴장감 있게 풀어낸 가상의 한국 영화.","[{""id"": 12, ""name"": ""애니메이션""}, {""id"": 10, ""name"": ""SF""}]","[{""id"": 115, ""name"": ""요리""}, {""id"": 102, ""name"": ""우정""}, {""id"": 124, ""name"": ""시간여행""}, {""id"": 109, ""name"": ""로봇""}]",ko,2002-09-08,7.2,6930,34.28,78,False,False,"['애니메이션', 'SF']","['요리', '우정', '시간여행', '로봇']",애니메이션 SF,요리 우정 시간여행 로봇,2002,"대구의 오래된 극장을 배경으로, 가족과 멀어진 의사가 우연히 과거의 사건과 연결된 사진을 발견한다. 이 과정에서 우정과 신뢰을 마주하며 자신의 삶을 다시 바라본다. 애니메이션와 SF의 요소를 결합해 이야기를 긴장감 있게 풀어낸 가상의 한국 영화.","대구의 오래된 극장을 배경으로, 가족과 멀어진 의사가 우연히 과거의 사건과 연결된 사진을 발견한다. 이 과정에서 우정과 신뢰을 마주하며 자신의 삶을 다시 바라본다. 애니메이션와 SF의 요소를 결합해 이야기를 긴장감 있게 풀어낸 가상의 한국 영화. 애니메이션 SF 요리 우정 시간여행 로봇"
100052,오래된 편지의 선택 052,"달 기지을 배경으로, 고향으로 돌아온 요리사가 가족이 숨겨온 오래된 약속의 의미를 알게 된다. 이 과정에서 가족의 의미을 마주하며 자신의 삶을 다시 바라본다. 코미디와 미스터리의 요소를 결합해 이야기를 따뜻한 시선으로 풀어낸 가상의 한국 영화.","[{""id"": 2, ""name"": ""코미디""}, {""id"": 5, ""name"": ""미스터리""}]","[{""id"": 106, ""name"": ""서울""}, {""id"": 108, ""name"": ""인공지능""}, {""id"": 107, ""name"": ""바다""}, {""id"": 104, ""name"": ""미스터리""}]",ko,2002-10-28,5.3,7067,29.563,91,False,False,"['코미디', '미스터리']","['서울', '인공지능', '바다', '미스터리']",코미디 미스터리,서울 인공지능 바다 미스터리,2002,"달 기지을 배경으로, 고향으로 돌아온 요리사가 가족이 숨겨온 오래된 약속의 의미를 알게 된다. 이 과정에서 가족의 의미을 마주하며 자신의 삶을 다시 바라본다. 코미디와 미스터리의 요소를 결합해 이야기를 따뜻한 시선으로 풀어낸 가상의 한국 영화.","달 기지을 배경으로, 고향으로 돌아온 요리사가 가족이 숨겨온 오래된 약속의 의미를 알게 된다. 이 과정에서 가족의 의미을 마주하며 자신의 삶을 다시 바라본다. 코미디와 미스터리의 요소를 결합해 이야기를 따뜻한 시선으로 풀어낸 가상의 한국 영화. 코미디 미스터리 서울 인공지능 바다 미스터리"
100053,새로운 시장을 기다리며 053,"제주도의 작은 해안마을을 배경으로, 택배 기사가 폐쇄 예정인 공간을 지키기 위한 계획을 세운다. 이 과정에서 상실과 회복을 마주하며 자신의 삶을 다시 바라본다. 범죄와 판타지의 요소를 결합해 이야기를 긴장감 있게 풀어낸 가상의 한국 영화.","[{""id"": 7, ""name"": ""범죄""}, {""id"": 9, ""name"": ""판타지""}]","[{""id"": 101, ""name"": ""가족""}, {""id"": 115, ""name"": ""요리""}, {""id"": 113, ""name"": ""여행""}, {""id"": 123, ""name"": ""역사""}]",ko,2002-12-17,7.0,7204,39.252,104,False,False,"['범죄', '판타지']","['가족', '요리', '여행', '역사']",범죄 판타지,가족 요리 여행 역사,2002,"제주도의 작은 해안마을을 배경으로, 택배 기사가 폐쇄 예정인 공간을 지키기 위한 계획을 세운다. 이 과정에서 상실과 회복을 마주하며 자신의 삶을 다시 바라본다. 범죄와 판타지의 요소를 결합해 이야기를 긴장감 있게 풀어낸 가상의 한국 영화.","제주도의 작은 해안마을을 배경으로, 택배 기사가 폐쇄 예정인 공간을 지키기 위한 계획을 세운다. 이 과정에서 상실과 회복을 마주하며 자신의 삶을 다시 바라본다. 범죄와 판타지의 요소를 결합해 이야기를 긴장감 있게 풀어낸 가상의 한국 영화. 범죄 판타지 가족 요리 여행 역사"
100054,달빛 아래 달의 계절 054,"강원도의 산골마을을 배경으로, 가족과 멀어진 의사가 수십 년 전 사라진 편지 한 통을 발견한다. 이 과정에서 도전과 성장을 마주하며 자신의 삶을 다시 바라본다. 애니메이션와 드라마의 요소를 결합해 이야기를 긴장감 있게 풀어낸 가상의 한국 영화.","[{""id"": 12, ""name"": ""애니메이션""}, {""id"": 1, ""name"": ""드라마""}]","[{""id"": 119, ""name"": ""환경""}, {""id"": 115, ""name"": ""요리""}, {""id"": 124, ""name"": ""시간여행""}, {""id"": 113, ""name"": ""여행""}]",ko,2003-02-05,5.0,7341,33.34,117,False,False,"['애니메이션', '드라마']","['환경', '요리', '시간여행', '여행']",애니메이션 드라마,환경 요리 시간여행 여행,2003,"강원도의 산골마을을 배경으로, 가족과 멀어진 의사가 수십 년 전 사라진 편지 한 통을 발견한다. 이 과정에서 도전과 성장을 마주하며 자신의 삶을 다시 바라본다. 애니메이션와 드라마의 요소를 결합해 이야기를 긴장감 있게 풀어낸 가상의 한국 영화.","강원도의 산골마을을 배경으로, 가족과 멀어진 의사가 수십 년 전 사라진 편지 한 통을 발견한다. 이 과정에서 도전과 성장을 마주하며 자신의 삶을 다시 바라본다. 애니메이션와 드라마의 요소를 결합해 이야기를 긴장감 있게 풀어낸 가상의 한국 영화. 애니메이션 드라마 환경 요리 시간여행 여행"
100055,바람 속 호텔의 기록 055,"전주의 한옥마을을 배경으로, 고향으로 돌아온 요리사가 가짜 뉴스로 인해 무너진 관계를 회복하려 한다. 이 과정에서 진실과 거짓을 마주하며 자신의 삶을 다시 바라본다. 코미디와 가족의 요소를 결합해 이야기를 따뜻한 시선으로 풀어낸 가상의 한국 영화.","[{""id"": 2, ""name"": ""코미디""}, {""id"": 8, ""name"": ""가족""}]","[{""id"": 101, ""name"": ""가족""}, {""id"": 110, ""name"": ""추적""}, {""id"": 120, ""name"": ""언론""}, {""id"": 121, ""name"": ""가짜뉴스""}]",ko,2003-03-27,6.7,7478,24.419,130,False,False,"['코미디', '가족']","['가족', '추적', '언론', '가짜뉴스']",코미디 가족,가족 추적 언론 가짜뉴스,2003,"전주의 한옥마을을 배경으로, 고향으로 돌아온 요리사가 가짜 뉴스로 인해 무너진 관계를 회복하려 한다. 이 과정에서 진실과 거짓을 마주하며 자신의 삶을 다시 바라본다. 코미디와 가족의 요소를 결합해 이야기를 따뜻한 시선으로 풀어낸 가상의 한국 영화.","전주의 한옥마을을 배경으로, 고향으로 돌아온 요리사가 가짜 뉴스로 인해 무너진 관계를 회복하려 한다. 이 과정에서 진실과 거짓을 마주하며 자신의 삶을 다시 바라본다. 코미디와 가족의 요소를 결합해 이야기를 따뜻한 시선으로 풀어낸 가상의 한국 영화. 코미디 가족 가족 추적 언론 가짜뉴스"
100056,비 오는 날 거울의 하루 056,"가상의 미래 도시을 배경으로, 택배 기사가 정체를 알 수 없는 음성 메시지를 매일 받기 시작한다. 이 과정에서 환경과 공존을 마주하며 자신의 삶을 다시 바라본다. 범죄와 다큐멘터리의 요소를 결합해 이야기를 긴장감 있게 풀어낸 가상의 한국 영화.","[{""id"": 7, ""name"": ""범죄""}, {""id"": 15, ""name"": ""다큐멘터리""}]","[{""id"": 105, ""name"": ""제주""}, {""id"": 116, ""name"": ""학교""}, {""id"": 113, ""name"": ""여행""}, {""id"": 102, ""name"": ""우정""}]",ko,2003-05-16,8.6,7615,40.092,78,False,False,"['범죄', '다큐멘터리']","['제주', '학교', '여행', '우정']",범죄 다큐멘터리,제주 학교 여행 우정,2003,"가상의 미래 도시을 배경으로, 택배 기사가 정체를 알 수 없는 음성 메시지를 매일 받기 시작한다. 이 과정에서 환경과 공존을 마주하며 자신의 삶을 다시 바라본다. 범죄와 다큐멘터리의 요소를 결합해 이야기를 긴장감 있게 풀어낸 가상의 한국 영화.","가상의 미래 도시을 배경으로, 택배 기사가 정체를 알 수 없는 음성 메시지를 매일 받기 시작한다. 이 과정에서 환경과 공존을 마주하며 자신의 삶을 다시 바라본다. 범죄와 다큐멘터리의 요소를 결합해 이야기를 긴장감 있게 풀어낸 가상의 한국 영화. 범죄 다큐멘터리 제주 학교 여행 우정"
100057,제주의 등대에서 만난 사람 057,"국경 근처의 작은 역을 배경으로, 가족과 멀어진 의사가 도시 전체의 전력이 사라진 밤에 중요한 선택을 한다. 이 과정에서 세대 간 갈등을 마주하며 자신의 삶을 다시 바라본다. 애니메이션와 범죄의 요소를 결합해 이야기를 긴장감 있게 풀어낸 가상의 한국 영화.","[{""id"": 12, ""name"": ""애니메이션""}, {""id"": 7, ""name"": ""범죄""}]","[{""id"": 111, ""name"": ""성장""}, {""id"": 105, ""name"": ""제주""}, {""id"": 122, ""name"": ""공동체""}, {""id"": 114, ""name"": ""음악""}]",ko,2002-11-30,6.6,7752,38.412,91,False,False,"['애니메이션', '범죄']","['성장', '제주', '공동체', '음악']",애니메이션 범죄,성장 제주 공동체 음악,2002,"국경 근처의 작은 역을 배경으로, 가족과 멀어진 의사가 도시 전체의 전력이 사라진 밤에 중요한 선택을 한다. 이 과정에서 세대 간 갈등을 마주하며 자신의 삶을 다시 바라본다. 애니메이션와 범죄의 요소를 결합해 이야기를 긴장감 있게 풀어낸 가상의 한국 영화.","국경 근처의 작은 역을 배경으로, 가족과 멀어진 의사가 도시 전체의 전력이 사라진 밤에 중요한 선택을 한다. 이 과정에서 세대 간 갈등을 마주하며 자신의 삶을 다시 바라본다. 애니메이션와 범죄의 요소를 결합해 이야기를 긴장감 있게 풀어낸 가상의 한국 영화. 애니메이션 범죄 성장 제주 공동체 음악"
100058,서울의 기억의 밤 058,"부산항 인근을 배경으로, 고향으로 돌아온 요리사가 하루가 반복되는 이상한 현상을 겪는다. 이 과정에서 사랑과 이별을 마주하며 자신의 삶을 다시 바라본다. 코미디와 역사의 요소를 결합해 이야기를 따뜻한 시선으로 풀어낸 가상의 한국 영화.","[{""id"": 2, ""name"": ""코미디""}, {""id"": 14, ""name"": ""역사""}]","[{""id"": 105, ""name"": ""제주""}, {""id"": 123, ""name"": ""역사""}, {""id"": 122, ""name"": ""공동체""}, {""id"": 104, ""name"": ""미스터리""}]",ko,2003-01-19,8.4,7889,27.662,104,False,False,"['코미디', '역사']","['제주', '역사', '공동체', '미스터리']",코미디 역사,제주 역사 공동체 미스터리,2003,"부산항 인근을 배경으로, 고향으로 돌아온 요리사가 하루가 반복되는 이상한 현상을 겪는다. 이 과정에서 사랑과 이별을 마주하며 자신의 삶을 다시 바라본다. 코미디와 역사의 요소를 결합해 이야기를 따뜻한 시선으로 풀어낸 가상의 한국 영화.","부산항 인근을 배경으로, 고향으로 돌아온 요리사가 하루가 반복되는 이상한 현상을 겪는다. 이 과정에서 사랑과 이별을 마주하며 자신의 삶을 다시 바라본다. 코미디와 역사의 요소를 결합해 이야기를 따뜻한 시선으로 풀어낸 가상의 한국 영화. 코미디 역사 제주 역사 공동체 미스터리"
100059,부산의 정원의 온도 059,"인천의 낡은 공단을 배경으로, 택배 기사가 실종 사건의 단서가 된 노래를 해석하기 시작한다. 이 과정에서 선택과 책임을 마주하며 자신의 삶을 다시 바라본다. 범죄와 액션의 요소를 결합해 이야기를 긴장감 있게 풀어낸 가상의 한국 영화.","[{""id"": 7, ""name"": ""범죄""}, {""id"": 6, ""name"": ""액션""}]","[{""id"": 115, ""name"": ""요리""}, {""id"": 105, ""name"": ""제주""}, {""id"": 108, ""name"": ""인공지능""}, {""id"": 118, ""name"": ""미래""}]",ko,2003-03-10,6.4,8026,33.042,117,False,False,"['범죄', '액션']","['요리', '제주', '인공지능', '미래']",범죄 액션,요리 제주 인공지능 미래,2003,"인천의 낡은 공단을 배경으로, 택배 기사가 실종 사건의 단서가 된 노래를 해석하기 시작한다. 이 과정에서 선택과 책임을 마주하며 자신의 삶을 다시 바라본다. 범죄와 액션의 요소를 결합해 이야기를 긴장감 있게 풀어낸 가상의 한국 영화.","인천의 낡은 공단을 배경으로, 택배 기사가 실종 사건의 단서가 된 노래를 해석하기 시작한다. 이 과정에서 선택과 책임을 마주하며 자신의 삶을 다시 바라본다. 범죄와 액션의 요소를 결합해 이야기를 긴장감 있게 풀어낸 가상의 한국 영화. 범죄 액션 요리 제주 인공지능 미래"
100060,한강의 그림자 너머 060,"광주의 대학가을 배경으로, 가족과 멀어진 의사가 서로 다른 목적을 가진 사람들과 뜻밖의 팀을 이룬다. 이 과정에서 지역 공동체을 마주하며 자신의 삶을 다시 바라본다. 애니메이션와 음악의 요소를 결합해 이야기를 긴장감 있게 풀어낸 가상의 한국 영화.","[{""id"": 12, ""name"": ""애니메이션""}, {""id"": 13, ""name"": ""음악""}]","[{""id"": 121, ""name"": ""가짜뉴스""}, {""id"": 101, ""name"": ""가족""}, {""id"": 123, ""name"": ""역사""}, {""id"": 109, ""name"": ""로봇""}]",ko,2003-04-29,8.1,8163,27.492,130,False,False,"['애니메이션', '음악']","['가짜뉴스', '가족', '역사', '로봇']",애니메이션 음악,가짜뉴스 가족 역사 로봇,2003,"광주의 대학가을 배경으로, 가족과 멀어진 의사가 서로 다른 목적을 가진 사람들과 뜻밖의 팀을 이룬다. 이 과정에서 지역 공동체을 마주하며 자신의 삶을 다시 바라본다. 애니메이션와 음악의 요소를 결합해 이야기를 긴장감 있게 풀어낸 가상의 한국 영화.","광주의 대학가을 배경으로, 가족과 멀어진 의사가 서로 다른 목적을 가진 사람들과 뜻밖의 팀을 이룬다. 이 과정에서 지역 공동체을 마주하며 자신의 삶을 다시 바라본다. 애니메이션와 음악의 요소를 결합해 이야기를 긴장감 있게 풀어낸 가상의 한국 영화. 애니메이션 음악 가짜뉴스 가족 역사 로봇"
100061,새벽의 연구소의 비밀 061,"외딴 섬을 배경으로, 고향으로 돌아온 요리사가 마을 사람들만 알고 있는 비밀스러운 규칙을 알게 된다. 이 과정에서 기술과 인간성을 마주하며 자신의 삶을 다시 바라본다. 코미디와 미스터리의 요소를 결합해 이야기를 따뜻한 시선으로 풀어낸 가상의 한국 영화.","[{""id"": 2, ""name"": ""코미디""}, {""id"": 5, ""name"": ""미스터리""}]","[{""id"": 120, ""name"": ""언론""}, {""id"": 109, ""name"": ""로봇""}, {""id"": 112, ""name"": ""사랑""}, {""id"": 105, ""name"": ""제주""}]",ko,2003-06-18,6.2,8300,24.032,78,False,False,"['코미디', '미스터리']","['언론', '로봇', '사랑', '제주']",코미디 미스터리,언론 로봇 사랑 제주,2003,"외딴 섬을 배경으로, 고향으로 돌아온 요리사가 마을 사람들만 알고 있는 비밀스러운 규칙을 알게 된다. 이 과정에서 기술과 인간성을 마주하며 자신의 삶을 다시 바라본다. 코미디와 미스터리의 요소를 결합해 이야기를 따뜻한 시선으로 풀어낸 가상의 한국 영화.","외딴 섬을 배경으로, 고향으로 돌아온 요리사가 마을 사람들만 알고 있는 비밀스러운 규칙을 알게 된다. 이 과정에서 기술과 인간성을 마주하며 자신의 삶을 다시 바라본다. 코미디와 미스터리의 요소를 결합해 이야기를 따뜻한 시선으로 풀어낸 가상의 한국 영화. 코미디 미스터리 언론 로봇 사랑 제주"
100062,겨울의 지도로 가는 길 062,"서울의 오래된 골목을 배경으로, 택배 기사가 인공지능이 작성한 의문의 일기를 추적한다. 이 과정에서 기억과 정체성을 마주하며 자신의 삶을 다시 바라본다. 범죄와 애니메이션의 요소를 결합해 이야기를 긴장감 있게 풀어낸 가상의 한국 영화.","[{""id"": 7, ""name"": ""범죄""}, {""id"": 12, ""name"": ""애니메이션""}]","[{""id"": 113, ""name"": ""여행""}, {""id"": 101, ""name"": ""가족""}, {""id"": 109, ""name"": ""로봇""}, {""id"": 123, ""name"": ""역사""}]",ko,2003-08-07,7.9,8437,23.94,91,False,False,"['범죄', '애니메이션']","['여행', '가족', '로봇', '역사']",범죄 애니메이션,여행 가족 로봇 역사,2003,"서울의 오래된 골목을 배경으로, 택배 기사가 인공지능이 작성한 의문의 일기를 추적한다. 이 과정에서 기억과 정체성을 마주하며 자신의 삶을 다시 바라본다. 범죄와 애니메이션의 요소를 결합해 이야기를 긴장감 있게 풀어낸 가상의 한국 영화.","서울의 오래된 골목을 배경으로, 택배 기사가 인공지능이 작성한 의문의 일기를 추적한다. 이 과정에서 기억과 정체성을 마주하며 자신의 삶을 다시 바라본다. 범죄와 애니메이션의 요소를 결합해 이야기를 긴장감 있게 풀어낸 가상의 한국 영화. 범죄 애니메이션 여행 가족 로봇 역사"
100063,여름의 강과 우리 063,"한강변을 배경으로, 가족과 멀어진 의사가 우연히 과거의 사건과 연결된 사진을 발견한다. 이 과정에서 우정과 신뢰을 마주하며 자신의 삶을 다시 바라본다. 애니메이션와 스릴러의 요소를 결합해 이야기를 긴장감 있게 풀어낸 가상의 한국 영화.","[{""id"": 12, ""name"": ""애니메이션""}, {""id"": 4, ""name"": ""스릴러""}]","[{""id"": 105, ""name"": ""제주""}, {""id"": 117, ""name"": ""범죄""}, {""id"": 107, ""name"": ""바다""}, {""id"": 121, ""name"": ""가짜뉴스""}]",ko,2003-09-26,6.0,8574,26.802,104,False,False,"['애니메이션', '스릴러']","['제주', '범죄', '바다', '가짜뉴스']",애니메이션 스릴러,제주 범죄 바다 가짜뉴스,2003,"한강변을 배경으로, 가족과 멀어진 의사가 우연히 과거의 사건과 연결된 사진을 발견한다. 이 과정에서 우정과 신뢰을 마주하며 자신의 삶을 다시 바라본다. 애니메이션와 스릴러의 요소를 결합해 이야기를 긴장감 있게 풀어낸 가상의 한국 영화.","한강변을 배경으로, 가족과 멀어진 의사가 우연히 과거의 사건과 연결된 사진을 발견한다. 이 과정에서 우정과 신뢰을 마주하며 자신의 삶을 다시 바라본다. 애니메이션와 스릴러의 요소를 결합해 이야기를 긴장감 있게 풀어낸 가상의 한국 영화. 애니메이션 스릴러 제주 범죄 바다 가짜뉴스"
100064,봄날의 정거장에게 064,"대구의 오래된 극장을 배경으로, 고향으로 돌아온 요리사가 가족이 숨겨온 오래된 약속의 의미를 알게 된다. 이 과정에서 가족의 의미을 마주하며 자신의 삶을 다시 바라본다. 코미디와 모험의 요소를 결합해 이야기를 따뜻한 시선으로 풀어낸 가상의 한국 영화.","[{""id"": 2, ""name"": ""코미디""}, {""id"": 11, ""name"": ""모험""}]","[{""id"": 111, ""name"": ""성장""}, {""id"": 110, ""name"": ""추적""}, {""id"": 105, ""name"": ""제주""}, {""id"": 107, ""name"": ""바다""}]",ko,2003-04-12,7.7,8711,30.39,117,False,False,"['코미디', '모험']","['성장', '추적', '제주', '바다']",코미디 모험,성장 추적 제주 바다,2003,"대구의 오래된 극장을 배경으로, 고향으로 돌아온 요리사가 가족이 숨겨온 오래된 약속의 의미를 알게 된다. 이 과정에서 가족의 의미을 마주하며 자신의 삶을 다시 바라본다. 코미디와 모험의 요소를 결합해 이야기를 따뜻한 시선으로 풀어낸 가상의 한국 영화.","대구의 오래된 극장을 배경으로, 고향으로 돌아온 요리사가 가족이 숨겨온 오래된 약속의 의미를 알게 된다. 이 과정에서 가족의 의미을 마주하며 자신의 삶을 다시 바라본다. 코미디와 모험의 요소를 결합해 이야기를 따뜻한 시선으로 풀어낸 가상의 한국 영화. 코미디 모험 성장 추적 제주 바다"
100065,가을의 숲 065,"달 기지을 배경으로, 택배 기사가 폐쇄 예정인 공간을 지키기 위한 계획을 세운다. 이 과정에서 상실과 회복을 마주하며 자신의 삶을 다시 바라본다. 범죄와 로맨스의 요소를 결합해 이야기를 긴장감 있게 풀어낸 가상의 한국 영화.","[{""id"": 7, ""name"": ""범죄""}, {""id"": 3, ""name"": ""로맨스""}]","[{""id"": 108, ""name"": ""인공지능""}, {""id"": 113, ""name"": ""여행""}, {""id"": 103, ""name"": ""기억""}, {""id"": 124, ""name"": ""시간여행""}]",ko,2003-06-01,5.8,8848,35.045,130,False,False,"['범죄', '로맨스']","['인공지능', '여행', '기억', '시간여행']",범죄 로맨스,인공지능 여행 기억 시간여행,2003,"달 기지을 배경으로, 택배 기사가 폐쇄 예정인 공간을 지키기 위한 계획을 세운다. 이 과정에서 상실과 회복을 마주하며 자신의 삶을 다시 바라본다. 범죄와 로맨스의 요소를 결합해 이야기를 긴장감 있게 풀어낸 가상의 한국 영화.","달 기지을 배경으로, 택배 기사가 폐쇄 예정인 공간을 지키기 위한 계획을 세운다. 이 과정에서 상실과 회복을 마주하며 자신의 삶을 다시 바라본다. 범죄와 로맨스의 요소를 결합해 이야기를 긴장감 있게 풀어낸 가상의 한국 영화. 범죄 로맨스 인공지능 여행 기억 시간여행"
100066,푸른 사진의 끝 066,"제주도의 작은 해안마을을 배경으로, 가족과 멀어진 의사가 수십 년 전 사라진 편지 한 통을 발견한다. 이 과정에서 도전과 성장을 마주하며 자신의 삶을 다시 바라본다. 애니메이션와 SF의 요소를 결합해 이야기를 긴장감 있게 풀어낸 가상의 한국 영화.","[{""id"": 12, ""name"": ""애니메이션""}, {""id"": 10, ""name"": ""SF""}]","[{""id"": 101, ""name"": ""가족""}, {""id"": 116, ""name"": ""학교""}, {""id"": 113, ""name"": ""여행""}, {""id"": 109, ""name"": ""로봇""}]",ko,2003-07-21,7.4,8985,32.093,78,False,False,"['애니메이션', 'SF']","['가족', '학교', '여행', '로봇']",애니메이션 SF,가족 학교 여행 로봇,2003,"제주도의 작은 해안마을을 배경으로, 가족과 멀어진 의사가 수십 년 전 사라진 편지 한 통을 발견한다. 이 과정에서 도전과 성장을 마주하며 자신의 삶을 다시 바라본다. 애니메이션와 SF의 요소를 결합해 이야기를 긴장감 있게 풀어낸 가상의 한국 영화.","제주도의 작은 해안마을을 배경으로, 가족과 멀어진 의사가 수십 년 전 사라진 편지 한 통을 발견한다. 이 과정에서 도전과 성장을 마주하며 자신의 삶을 다시 바라본다. 애니메이션와 SF의 요소를 결합해 이야기를 긴장감 있게 풀어낸 가상의 한국 영화. 애니메이션 SF 가족 학교 여행 로봇"
100067,붉은 로봇의 선택 067,"강원도의 산골마을을 배경으로, 고향으로 돌아온 요리사가 가짜 뉴스로 인해 무너진 관계를 회복하려 한다. 이 과정에서 진실과 거짓을 마주하며 자신의 삶을 다시 바라본다. 코미디와 미스터리의 요소를 결합해 이야기를 따뜻한 시선으로 풀어낸 가상의 한국 영화.","[{""id"": 2, ""name"": ""코미디""}, {""id"": 5, ""name"": ""미스터리""}]","[{""id"": 105, ""name"": ""제주""}, {""id"": 124, ""name"": ""시간여행""}, {""id"": 112, ""name"": ""사랑""}, {""id"": 116, ""name"": ""학교""}]",ko,2003-09-09,5.7,9122,34.624,91,False,False,"['코미디', '미스터리']","['제주', '시간여행', '사랑', '학교']",코미디 미스터리,제주 시간여행 사랑 학교,2003,"강원도의 산골마을을 배경으로, 고향으로 돌아온 요리사가 가짜 뉴스로 인해 무너진 관계를 회복하려 한다. 이 과정에서 진실과 거짓을 마주하며 자신의 삶을 다시 바라본다. 코미디와 미스터리의 요소를 결합해 이야기를 따뜻한 시선으로 풀어낸 가상의 한국 영화.","강원도의 산골마을을 배경으로, 고향으로 돌아온 요리사가 가짜 뉴스로 인해 무너진 관계를 회복하려 한다. 이 과정에서 진실과 거짓을 마주하며 자신의 삶을 다시 바라본다. 코미디와 미스터리의 요소를 결합해 이야기를 따뜻한 시선으로 풀어낸 가상의 한국 영화. 코미디 미스터리 제주 시간여행 사랑 학교"
100068,검은 신호을 기다리며 068,"전주의 한옥마을을 배경으로, 택배 기사가 정체를 알 수 없는 음성 메시지를 매일 받기 시작한다. 이 과정에서 환경과 공존을 마주하며 자신의 삶을 다시 바라본다. 범죄와 판타지의 요소를 결합해 이야기를 긴장감 있게 풀어낸 가상의 한국 영화.","[{""id"": 7, ""name"": ""범죄""}, {""id"": 9, ""name"": ""판타지""}]","[{""id"": 121, ""name"": ""가짜뉴스""}, {""id"": 118, ""name"": ""미래""}, {""id"": 114, ""name"": ""음악""}, {""id"": 116, ""name"": ""학교""}]",ko,2003-10-29,7.2,9259,40.566,104,False,False,"['범죄', '판타지']","['가짜뉴스', '미래', '음악', '학교']",범죄 판타지,가짜뉴스 미래 음악 학교,2003,"전주의 한옥마을을 배경으로, 택배 기사가 정체를 알 수 없는 음성 메시지를 매일 받기 시작한다. 이 과정에서 환경과 공존을 마주하며 자신의 삶을 다시 바라본다. 범죄와 판타지의 요소를 결합해 이야기를 긴장감 있게 풀어낸 가상의 한국 영화.","전주의 한옥마을을 배경으로, 택배 기사가 정체를 알 수 없는 음성 메시지를 매일 받기 시작한다. 이 과정에서 환경과 공존을 마주하며 자신의 삶을 다시 바라본다. 범죄와 판타지의 요소를 결합해 이야기를 긴장감 있게 풀어낸 가상의 한국 영화. 범죄 판타지 가짜뉴스 미래 음악 학교"
100069,하얀 불꽃의 계절 069,"가상의 미래 도시을 배경으로, 가족과 멀어진 의사가 도시 전체의 전력이 사라진 밤에 중요한 선택을 한다. 이 과정에서 세대 간 갈등을 마주하며 자신의 삶을 다시 바라본다. 애니메이션와 드라마의 요소를 결합해 이야기를 긴장감 있게 풀어낸 가상의 한국 영화.","[{""id"": 12, ""name"": ""애니메이션""}, {""id"": 1, ""name"": ""드라마""}]","[{""id"": 122, ""name"": ""공동체""}, {""id"": 112, ""name"": ""사랑""}, {""id"": 115, ""name"": ""요리""}, {""id"": 108, ""name"": ""인공지능""}]",ko,2003-12-18,5.4,9396,40.094,117,False,False,"['애니메이션', '드라마']","['공동체', '사랑', '요리', '인공지능']",애니메이션 드라마,공동체 사랑 요리 인공지능,2003,"가상의 미래 도시을 배경으로, 가족과 멀어진 의사가 도시 전체의 전력이 사라진 밤에 중요한 선택을 한다. 이 과정에서 세대 간 갈등을 마주하며 자신의 삶을 다시 바라본다. 애니메이션와 드라마의 요소를 결합해 이야기를 긴장감 있게 풀어낸 가상의 한국 영화.","가상의 미래 도시을 배경으로, 가족과 멀어진 의사가 도시 전체의 전력이 사라진 밤에 중요한 선택을 한다. 이 과정에서 세대 간 갈등을 마주하며 자신의 삶을 다시 바라본다. 애니메이션와 드라마의 요소를 결합해 이야기를 긴장감 있게 풀어낸 가상의 한국 영화. 애니메이션 드라마 공동체 사랑 요리 인공지능"
100070,마지막 도서관의 기록 070,"국경 근처의 작은 역을 배경으로, 고향으로 돌아온 요리사가 하루가 반복되는 이상한 현상을 겪는다. 이 과정에서 사랑과 이별을 마주하며 자신의 삶을 다시 바라본다. 코미디와 가족의 요소를 결합해 이야기를 따뜻한 시선으로 풀어낸 가상의 한국 영화.","[{""id"": 2, ""name"": ""코미디""}, {""id"": 8, ""name"": ""가족""}]","[{""id"": 107, ""name"": ""바다""}, {""id"": 118, ""name"": ""미래""}, {""id"": 115, ""name"": ""요리""}, {""id"": 109, ""name"": ""로봇""}]",ko,2004-02-06,7.2,9533,26.533,130,False,False,"['코미디', '가족']","['바다', '미래', '요리', '로봇']",코미디 가족,바다 미래 요리 로봇,2004,"국경 근처의 작은 역을 배경으로, 고향으로 돌아온 요리사가 하루가 반복되는 이상한 현상을 겪는다. 이 과정에서 사랑과 이별을 마주하며 자신의 삶을 다시 바라본다. 코미디와 가족의 요소를 결합해 이야기를 따뜻한 시선으로 풀어낸 가상의 한국 영화.","국경 근처의 작은 역을 배경으로, 고향으로 돌아온 요리사가 하루가 반복되는 이상한 현상을 겪는다. 이 과정에서 사랑과 이별을 마주하며 자신의 삶을 다시 바라본다. 코미디와 가족의 요소를 결합해 이야기를 따뜻한 시선으로 풀어낸 가상의 한국 영화. 코미디 가족 바다 미래 요리 로봇"
100071,첫 번째 별의 하루 071,"부산항 인근을 배경으로, 택배 기사가 실종 사건의 단서가 된 노래를 해석하기 시작한다. 이 과정에서 선택과 책임을 마주하며 자신의 삶을 다시 바라본다. 범죄와 다큐멘터리의 요소를 결합해 이야기를 긴장감 있게 풀어낸 가상의 한국 영화.","[{""id"": 7, ""name"": ""범죄""}, {""id"": 15, ""name"": ""다큐멘터리""}]","[{""id"": 117, ""name"": ""범죄""}, {""id"": 121, ""name"": ""가짜뉴스""}, {""id"": 113, ""name"": ""여행""}, {""id"": 104, ""name"": ""미스터리""}]",ko,2003-08-23,5.1,9670,39.616,78,False,False,"['범죄', '다큐멘터리']","['범죄', '가짜뉴스', '여행', '미스터리']",범죄 다큐멘터리,범죄 가짜뉴스 여행 미스터리,2003,"부산항 인근을 배경으로, 택배 기사가 실종 사건의 단서가 된 노래를 해석하기 시작한다. 이 과정에서 선택과 책임을 마주하며 자신의 삶을 다시 바라본다. 범죄와 다큐멘터리의 요소를 결합해 이야기를 긴장감 있게 풀어낸 가상의 한국 영화.","부산항 인근을 배경으로, 택배 기사가 실종 사건의 단서가 된 노래를 해석하기 시작한다. 이 과정에서 선택과 책임을 마주하며 자신의 삶을 다시 바라본다. 범죄와 다큐멘터리의 요소를 결합해 이야기를 긴장감 있게 풀어낸 가상의 한국 영화. 범죄 다큐멘터리 범죄 가짜뉴스 여행 미스터리"
100072,낯선 식당에서 만난 사람 072,"인천의 낡은 공단을 배경으로, 가족과 멀어진 의사가 서로 다른 목적을 가진 사람들과 뜻밖의 팀을 이룬다. 이 과정에서 지역 공동체을 마주하며 자신의 삶을 다시 바라본다. 애니메이션와 범죄의 요소를 결합해 이야기를 긴장감 있게 풀어낸 가상의 한국 영화.","[{""id"": 12, ""name"": ""애니메이션""}, {""id"": 7, ""name"": ""범죄""}]","[{""id"": 120, ""name"": ""언론""}, {""id"": 106, ""name"": ""서울""}, {""id"": 124, ""name"": ""시간여행""}, {""id"": 108, ""name"": ""인공지능""}]",ko,2003-10-12,7.0,9807,24.709,91,False,False,"['애니메이션', '범죄']","['언론', '서울', '시간여행', '인공지능']",애니메이션 범죄,언론 서울 시간여행 인공지능,2003,"인천의 낡은 공단을 배경으로, 가족과 멀어진 의사가 서로 다른 목적을 가진 사람들과 뜻밖의 팀을 이룬다. 이 과정에서 지역 공동체을 마주하며 자신의 삶을 다시 바라본다. 애니메이션와 범죄의 요소를 결합해 이야기를 긴장감 있게 풀어낸 가상의 한국 영화.","인천의 낡은 공단을 배경으로, 가족과 멀어진 의사가 서로 다른 목적을 가진 사람들과 뜻밖의 팀을 이룬다. 이 과정에서 지역 공동체을 마주하며 자신의 삶을 다시 바라본다. 애니메이션와 범죄의 요소를 결합해 이야기를 긴장감 있게 풀어낸 가상의 한국 영화. 애니메이션 범죄 언론 서울 시간여행 인공지능"
100073,잊힌 비행의 밤 073,"광주의 대학가을 배경으로, 고향으로 돌아온 요리사가 마을 사람들만 알고 있는 비밀스러운 규칙을 알게 된다. 이 과정에서 기술과 인간성을 마주하며 자신의 삶을 다시 바라본다. 코미디와 역사의 요소를 결합해 이야기를 따뜻한 시선으로 풀어낸 가상의 한국 영화.","[{""id"": 2, ""name"": ""코미디""}, {""id"": 14, ""name"": ""역사""}]","[{""id"": 105, ""name"": ""제주""}, {""id"": 125, ""name"": ""탐정""}, {""id"": 102, ""name"": ""우정""}, {""id"": 122, ""name"": ""공동체""}]",ko,2003-12-01,5.1,9944,40.392,104,False,False,"['코미디', '역사']","['제주', '탐정', '우정', '공동체']",코미디 역사,제주 탐정 우정 공동체,2003,"광주의 대학가을 배경으로, 고향으로 돌아온 요리사가 마을 사람들만 알고 있는 비밀스러운 규칙을 알게 된다. 이 과정에서 기술과 인간성을 마주하며 자신의 삶을 다시 바라본다. 코미디와 역사의 요소를 결합해 이야기를 따뜻한 시선으로 풀어낸 가상의 한국 영화.","광주의 대학가을 배경으로, 고향으로 돌아온 요리사가 마을 사람들만 알고 있는 비밀스러운 규칙을 알게 된다. 이 과정에서 기술과 인간성을 마주하며 자신의 삶을 다시 바라본다. 코미디와 역사의 요소를 결합해 이야기를 따뜻한 시선으로 풀어낸 가상의 한국 영화. 코미디 역사 제주 탐정 우정 공동체"
100074,비밀의 터널의 온도 074,"외딴 섬을 배경으로, 택배 기사가 인공지능이 작성한 의문의 일기를 추적한다. 이 과정에서 기억과 정체성을 마주하며 자신의 삶을 다시 바라본다. 범죄와 액션의 요소를 결합해 이야기를 긴장감 있게 풀어낸 가상의 한국 영화.","[{""id"": 7, ""name"": ""범죄""}, {""id"": 6, ""name"": ""액션""}]","[{""id"": 119, ""name"": ""환경""}, {""id"": 103, ""name"": ""기억""}, {""id"": 111, ""name"": ""성장""}, {""id"": 124, ""name"": ""시간여행""}]",ko,2004-01-20,6.8,10081,28.794,117,False,False,"['범죄', '액션']","['환경', '기억', '성장', '시간여행']",범죄 액션,환경 기억 성장 시간여행,2004,"외딴 섬을 배경으로, 택배 기사가 인공지능이 작성한 의문의 일기를 추적한다. 이 과정에서 기억과 정체성을 마주하며 자신의 삶을 다시 바라본다. 범죄와 액션의 요소를 결합해 이야기를 긴장감 있게 풀어낸 가상의 한국 영화.","외딴 섬을 배경으로, 택배 기사가 인공지능이 작성한 의문의 일기를 추적한다. 이 과정에서 기억과 정체성을 마주하며 자신의 삶을 다시 바라본다. 범죄와 액션의 요소를 결합해 이야기를 긴장감 있게 풀어낸 가상의 한국 영화. 범죄 액션 환경 기억 성장 시간여행"
100075,고요한 약속 너머 075,"서울의 오래된 골목을 배경으로, 가족과 멀어진 의사가 우연히 과거의 사건과 연결된 사진을 발견한다. 이 과정에서 우정과 신뢰을 마주하며 자신의 삶을 다시 바라본다. 애니메이션와 음악의 요소를 결합해 이야기를 긴장감 있게 풀어낸 가상의 한국 영화.","[{""id"": 12, ""name"": ""애니메이션""}, {""id"": 13, ""name"": ""음악""}]","[{""id"": 119, ""name"": ""환경""}, {""id"": 108, ""name"": ""인공지능""}, {""id"": 124, ""name"": ""시간여행""}, {""id"": 106, ""name"": ""서울""}]",ko,2004-03-10,8.3,10218,30.611,130,False,False,"['애니메이션', '음악']","['환경', '인공지능', '시간여행', '서울']",애니메이션 음악,환경 인공지능 시간여행 서울,2004,"서울의 오래된 골목을 배경으로, 가족과 멀어진 의사가 우연히 과거의 사건과 연결된 사진을 발견한다. 이 과정에서 우정과 신뢰을 마주하며 자신의 삶을 다시 바라본다. 애니메이션와 음악의 요소를 결합해 이야기를 긴장감 있게 풀어낸 가상의 한국 영화.","서울의 오래된 골목을 배경으로, 가족과 멀어진 의사가 우연히 과거의 사건과 연결된 사진을 발견한다. 이 과정에서 우정과 신뢰을 마주하며 자신의 삶을 다시 바라본다. 애니메이션와 음악의 요소를 결합해 이야기를 긴장감 있게 풀어낸 가상의 한국 영화. 애니메이션 음악 환경 인공지능 시간여행 서울"
100076,빛나는 극장의 비밀 076,"한강변을 배경으로, 고향으로 돌아온 요리사가 가족이 숨겨온 오래된 약속의 의미를 알게 된다. 이 과정에서 가족의 의미을 마주하며 자신의 삶을 다시 바라본다. 코미디와 미스터리의 요소를 결합해 이야기를 따뜻한 시선으로 풀어낸 가상의 한국 영화.","[{""id"": 2, ""name"": ""코미디""}, {""id"": 5, ""name"": ""미스터리""}]","[{""id"": 114, ""name"": ""음악""}, {""id"": 122, ""name"": ""공동체""}, {""id"": 119, ""name"": ""환경""}, {""id"": 115, ""name"": ""요리""}]",ko,2004-04-29,6.4,10355,33.675,78,False,False,"['코미디', '미스터리']","['음악', '공동체', '환경', '요리']",코미디 미스터리,음악 공동체 환경 요리,2004,"한강변을 배경으로, 고향으로 돌아온 요리사가 가족이 숨겨온 오래된 약속의 의미를 알게 된다. 이 과정에서 가족의 의미을 마주하며 자신의 삶을 다시 바라본다. 코미디와 미스터리의 요소를 결합해 이야기를 따뜻한 시선으로 풀어낸 가상의 한국 영화.","한강변을 배경으로, 고향으로 돌아온 요리사가 가족이 숨겨온 오래된 약속의 의미를 알게 된다. 이 과정에서 가족의 의미을 마주하며 자신의 삶을 다시 바라본다. 코미디와 미스터리의 요소를 결합해 이야기를 따뜻한 시선으로 풀어낸 가상의 한국 영화. 코미디 미스터리 음악 공동체 환경 요리"
100077,흐린 시간로 가는 길 077,"대구의 오래된 극장을 배경으로, 택배 기사가 폐쇄 예정인 공간을 지키기 위한 계획을 세운다. 이 과정에서 상실과 회복을 마주하며 자신의 삶을 다시 바라본다. 범죄와 애니메이션의 요소를 결합해 이야기를 긴장감 있게 풀어낸 가상의 한국 영화.","[{""id"": 7, ""name"": ""범죄""}, {""id"": 12, ""name"": ""애니메이션""}]","[{""id"": 114, ""name"": ""음악""}, {""id"": 111, ""name"": ""성장""}, {""id"": 124, ""name"": ""시간여행""}, {""id"": 107, ""name"": ""바다""}]",ko,2004-06-18,8.3,10492,40.881,91,False,False,"['범죄', '애니메이션']","['음악', '성장', '시간여행', '바다']",범죄 애니메이션,음악 성장 시간여행 바다,2004,"대구의 오래된 극장을 배경으로, 택배 기사가 폐쇄 예정인 공간을 지키기 위한 계획을 세운다. 이 과정에서 상실과 회복을 마주하며 자신의 삶을 다시 바라본다. 범죄와 애니메이션의 요소를 결합해 이야기를 긴장감 있게 풀어낸 가상의 한국 영화.","대구의 오래된 극장을 배경으로, 택배 기사가 폐쇄 예정인 공간을 지키기 위한 계획을 세운다. 이 과정에서 상실과 회복을 마주하며 자신의 삶을 다시 바라본다. 범죄와 애니메이션의 요소를 결합해 이야기를 긴장감 있게 풀어낸 가상의 한국 영화. 범죄 애니메이션 음악 성장 시간여행 바다"
100078,먼 학교과 우리 078,"달 기지을 배경으로, 가족과 멀어진 의사가 수십 년 전 사라진 편지 한 통을 발견한다. 이 과정에서 도전과 성장을 마주하며 자신의 삶을 다시 바라본다. 애니메이션와 스릴러의 요소를 결합해 이야기를 긴장감 있게 풀어낸 가상의 한국 영화.","[{""id"": 12, ""name"": ""애니메이션""}, {""id"": 4, ""name"": ""스릴러""}]","[{""id"": 122, ""name"": ""공동체""}, {""id"": 110, ""name"": ""추적""}, {""id"": 118, ""name"": ""미래""}, {""id"": 115, ""name"": ""요리""}]",ko,2004-01-03,6.4,10629,41.219,104,False,False,"['애니메이션', '스릴러']","['공동체', '추적', '미래', '요리']",애니메이션 스릴러,공동체 추적 미래 요리,2004,"달 기지을 배경으로, 가족과 멀어진 의사가 수십 년 전 사라진 편지 한 통을 발견한다. 이 과정에서 도전과 성장을 마주하며 자신의 삶을 다시 바라본다. 애니메이션와 스릴러의 요소를 결합해 이야기를 긴장감 있게 풀어낸 가상의 한국 영화.","달 기지을 배경으로, 가족과 멀어진 의사가 수십 년 전 사라진 편지 한 통을 발견한다. 이 과정에서 도전과 성장을 마주하며 자신의 삶을 다시 바라본다. 애니메이션와 스릴러의 요소를 결합해 이야기를 긴장감 있게 풀어낸 가상의 한국 영화. 애니메이션 스릴러 공동체 추적 미래 요리"
100079,작은 문에게 079,"제주도의 작은 해안마을을 배경으로, 고향으로 돌아온 요리사가 가짜 뉴스로 인해 무너진 관계를 회복하려 한다. 이 과정에서 진실과 거짓을 마주하며 자신의 삶을 다시 바라본다. 코미디와 모험의 요소를 결합해 이야기를 따뜻한 시선으로 풀어낸 가상의 한국 영화.","[{""id"": 2, ""name"": ""코미디""}, {""id"": 11, ""name"": ""모험""}]","[{""id"": 103, ""name"": ""기억""}, {""id"": 102, ""name"": ""우정""}, {""id"": 110, ""name"": ""추적""}, {""id"": 115, ""name"": ""요리""}]",ko,2004-02-22,7.9,10766,41.417,117,False,False,"['코미디', '모험']","['기억', '우정', '추적', '요리']",코미디 모험,기억 우정 추적 요리,2004,"제주도의 작은 해안마을을 배경으로, 고향으로 돌아온 요리사가 가짜 뉴스로 인해 무너진 관계를 회복하려 한다. 이 과정에서 진실과 거짓을 마주하며 자신의 삶을 다시 바라본다. 코미디와 모험의 요소를 결합해 이야기를 따뜻한 시선으로 풀어낸 가상의 한국 영화.","제주도의 작은 해안마을을 배경으로, 고향으로 돌아온 요리사가 가짜 뉴스로 인해 무너진 관계를 회복하려 한다. 이 과정에서 진실과 거짓을 마주하며 자신의 삶을 다시 바라본다. 코미디와 모험의 요소를 결합해 이야기를 따뜻한 시선으로 풀어낸 가상의 한국 영화. 코미디 모험 기억 우정 추적 요리"
100080,오래된 카페 080,"강원도의 산골마을을 배경으로, 택배 기사가 정체를 알 수 없는 음성 메시지를 매일 받기 시작한다. 이 과정에서 환경과 공존을 마주하며 자신의 삶을 다시 바라본다. 범죄와 로맨스의 요소를 결합해 이야기를 긴장감 있게 풀어낸 가상의 한국 영화.","[{""id"": 7, ""name"": ""범죄""}, {""id"": 3, ""name"": ""로맨스""}]","[{""id"": 113, ""name"": ""여행""}, {""id"": 110, ""name"": ""추적""}, {""id"": 119, ""name"": ""환경""}, {""id"": 117, ""name"": ""범죄""}]",ko,2004-04-12,6.2,10903,36.119,130,False,False,"['범죄', '로맨스']","['여행', '추적', '환경', '범죄']",범죄 로맨스,여행 추적 환경 범죄,2004,"강원도의 산골마을을 배경으로, 택배 기사가 정체를 알 수 없는 음성 메시지를 매일 받기 시작한다. 이 과정에서 환경과 공존을 마주하며 자신의 삶을 다시 바라본다. 범죄와 로맨스의 요소를 결합해 이야기를 긴장감 있게 풀어낸 가상의 한국 영화.","강원도의 산골마을을 배경으로, 택배 기사가 정체를 알 수 없는 음성 메시지를 매일 받기 시작한다. 이 과정에서 환경과 공존을 마주하며 자신의 삶을 다시 바라본다. 범죄와 로맨스의 요소를 결합해 이야기를 긴장감 있게 풀어낸 가상의 한국 영화. 범죄 로맨스 여행 추적 환경 범죄"
100081,새로운 파도의 끝 081,"전주의 한옥마을을 배경으로, 가족과 멀어진 의사가 도시 전체의 전력이 사라진 밤에 중요한 선택을 한다. 이 과정에서 세대 간 갈등을 마주하며 자신의 삶을 다시 바라본다. 애니메이션와 SF의 요소를 결합해 이야기를 긴장감 있게 풀어낸 가상의 한국 영화.","[{""id"": 12, ""name"": ""애니메이션""}, {""id"": 10, ""name"": ""SF""}]","[{""id"": 102, ""name"": ""우정""}, {""id"": 111, ""name"": ""성장""}, {""id"": 107, ""name"": ""바다""}, {""id"": 101, ""name"": ""가족""}]",ko,2004-06-01,7.7,11040,33.024,78,False,False,"['애니메이션', 'SF']","['우정', '성장', '바다', '가족']",애니메이션 SF,우정 성장 바다 가족,2004,"전주의 한옥마을을 배경으로, 가족과 멀어진 의사가 도시 전체의 전력이 사라진 밤에 중요한 선택을 한다. 이 과정에서 세대 간 갈등을 마주하며 자신의 삶을 다시 바라본다. 애니메이션와 SF의 요소를 결합해 이야기를 긴장감 있게 풀어낸 가상의 한국 영화.","전주의 한옥마을을 배경으로, 가족과 멀어진 의사가 도시 전체의 전력이 사라진 밤에 중요한 선택을 한다. 이 과정에서 세대 간 갈등을 마주하며 자신의 삶을 다시 바라본다. 애니메이션와 SF의 요소를 결합해 이야기를 긴장감 있게 풀어낸 가상의 한국 영화. 애니메이션 SF 우정 성장 바다 가족"
100082,달빛 아래 섬의 선택 082,"가상의 미래 도시을 배경으로, 고향으로 돌아온 요리사가 하루가 반복되는 이상한 현상을 겪는다. 이 과정에서 사랑과 이별을 마주하며 자신의 삶을 다시 바라본다. 코미디와 미스터리의 요소를 결합해 이야기를 따뜻한 시선으로 풀어낸 가상의 한국 영화.","[{""id"": 2, ""name"": ""코미디""}, {""id"": 5, ""name"": ""미스터리""}]","[{""id"": 113, ""name"": ""여행""}, {""id"": 107, ""name"": ""바다""}, {""id"": 101, ""name"": ""가족""}, {""id"": 117, ""name"": ""범죄""}]",ko,2004-07-21,5.8,11177,24.736,91,False,False,"['코미디', '미스터리']","['여행', '바다', '가족', '범죄']",코미디 미스터리,여행 바다 가족 범죄,2004,"가상의 미래 도시을 배경으로, 고향으로 돌아온 요리사가 하루가 반복되는 이상한 현상을 겪는다. 이 과정에서 사랑과 이별을 마주하며 자신의 삶을 다시 바라본다. 코미디와 미스터리의 요소를 결합해 이야기를 따뜻한 시선으로 풀어낸 가상의 한국 영화.","가상의 미래 도시을 배경으로, 고향으로 돌아온 요리사가 하루가 반복되는 이상한 현상을 겪는다. 이 과정에서 사랑과 이별을 마주하며 자신의 삶을 다시 바라본다. 코미디와 미스터리의 요소를 결합해 이야기를 따뜻한 시선으로 풀어낸 가상의 한국 영화. 코미디 미스터리 여행 바다 가족 범죄"
100083,바람 속 노래을 기다리며 083,"국경 근처의 작은 역을 배경으로, 택배 기사가 실종 사건의 단서가 된 노래를 해석하기 시작한다. 이 과정에서 선택과 책임을 마주하며 자신의 삶을 다시 바라본다. 범죄와 판타지의 요소를 결합해 이야기를 긴장감 있게 풀어낸 가상의 한국 영화.","[{""id"": 7, ""name"": ""범죄""}, {""id"": 9, ""name"": ""판타지""}]","[{""id"": 116, ""name"": ""학교""}, {""id"": 120, ""name"": ""언론""}, {""id"": 103, ""name"": ""기억""}, {""id"": 115, ""name"": ""요리""}]",ko,2004-09-09,7.5,11314,37.622,104,False,False,"['범죄', '판타지']","['학교', '언론', '기억', '요리']",범죄 판타지,학교 언론 기억 요리,2004,"국경 근처의 작은 역을 배경으로, 택배 기사가 실종 사건의 단서가 된 노래를 해석하기 시작한다. 이 과정에서 선택과 책임을 마주하며 자신의 삶을 다시 바라본다. 범죄와 판타지의 요소를 결합해 이야기를 긴장감 있게 풀어낸 가상의 한국 영화.","국경 근처의 작은 역을 배경으로, 택배 기사가 실종 사건의 단서가 된 노래를 해석하기 시작한다. 이 과정에서 선택과 책임을 마주하며 자신의 삶을 다시 바라본다. 범죄와 판타지의 요소를 결합해 이야기를 긴장감 있게 풀어낸 가상의 한국 영화. 범죄 판타지 학교 언론 기억 요리"
100084,비 오는 날 탐정의 계절 084,"부산항 인근을 배경으로, 가족과 멀어진 의사가 서로 다른 목적을 가진 사람들과 뜻밖의 팀을 이룬다. 이 과정에서 지역 공동체을 마주하며 자신의 삶을 다시 바라본다. 애니메이션와 드라마의 요소를 결합해 이야기를 긴장감 있게 풀어낸 가상의 한국 영화.","[{""id"": 12, ""name"": ""애니메이션""}, {""id"": 1, ""name"": ""드라마""}]","[{""id"": 108, ""name"": ""인공지능""}, {""id"": 115, ""name"": ""요리""}, {""id"": 123, ""name"": ""역사""}, {""id"": 114, ""name"": ""음악""}]",ko,2004-10-29,5.7,11451,39.275,117,False,False,"['애니메이션', '드라마']","['인공지능', '요리', '역사', '음악']",애니메이션 드라마,인공지능 요리 역사 음악,2004,"부산항 인근을 배경으로, 가족과 멀어진 의사가 서로 다른 목적을 가진 사람들과 뜻밖의 팀을 이룬다. 이 과정에서 지역 공동체을 마주하며 자신의 삶을 다시 바라본다. 애니메이션와 드라마의 요소를 결합해 이야기를 긴장감 있게 풀어낸 가상의 한국 영화.","부산항 인근을 배경으로, 가족과 멀어진 의사가 서로 다른 목적을 가진 사람들과 뜻밖의 팀을 이룬다. 이 과정에서 지역 공동체을 마주하며 자신의 삶을 다시 바라본다. 애니메이션와 드라마의 요소를 결합해 이야기를 긴장감 있게 풀어낸 가상의 한국 영화. 애니메이션 드라마 인공지능 요리 역사 음악"
100085,제주의 레시피의 기록 085,"인천의 낡은 공단을 배경으로, 고향으로 돌아온 요리사가 마을 사람들만 알고 있는 비밀스러운 규칙을 알게 된다. 이 과정에서 기술과 인간성을 마주하며 자신의 삶을 다시 바라본다. 코미디와 가족의 요소를 결합해 이야기를 따뜻한 시선으로 풀어낸 가상의 한국 영화.","[{""id"": 2, ""name"": ""코미디""}, {""id"": 8, ""name"": ""가족""}]","[{""id"": 103, ""name"": ""기억""}, {""id"": 117, ""name"": ""범죄""}, {""id"": 120, ""name"": ""언론""}, {""id"": 118, ""name"": ""미래""}]",ko,2004-05-15,7.3,11588,26.834,130,False,False,"['코미디', '가족']","['기억', '범죄', '언론', '미래']",코미디 가족,기억 범죄 언론 미래,2004,"인천의 낡은 공단을 배경으로, 고향으로 돌아온 요리사가 마을 사람들만 알고 있는 비밀스러운 규칙을 알게 된다. 이 과정에서 기술과 인간성을 마주하며 자신의 삶을 다시 바라본다. 코미디와 가족의 요소를 결합해 이야기를 따뜻한 시선으로 풀어낸 가상의 한국 영화.","인천의 낡은 공단을 배경으로, 고향으로 돌아온 요리사가 마을 사람들만 알고 있는 비밀스러운 규칙을 알게 된다. 이 과정에서 기술과 인간성을 마주하며 자신의 삶을 다시 바라본다. 코미디와 가족의 요소를 결합해 이야기를 따뜻한 시선으로 풀어낸 가상의 한국 영화. 코미디 가족 기억 범죄 언론 미래"
100086,서울의 눈의 하루 086,"광주의 대학가을 배경으로, 택배 기사가 인공지능이 작성한 의문의 일기를 추적한다. 이 과정에서 기억과 정체성을 마주하며 자신의 삶을 다시 바라본다. 범죄와 다큐멘터리의 요소를 결합해 이야기를 긴장감 있게 풀어낸 가상의 한국 영화.","[{""id"": 7, ""name"": ""범죄""}, {""id"": 15, ""name"": ""다큐멘터리""}]","[{""id"": 101, ""name"": ""가족""}, {""id"": 124, ""name"": ""시간여행""}, {""id"": 111, ""name"": ""성장""}, {""id"": 112, ""name"": ""사랑""}]",ko,2004-07-04,5.4,11725,31.855,78,False,False,"['범죄', '다큐멘터리']","['가족', '시간여행', '성장', '사랑']",범죄 다큐멘터리,가족 시간여행 성장 사랑,2004,"광주의 대학가을 배경으로, 택배 기사가 인공지능이 작성한 의문의 일기를 추적한다. 이 과정에서 기억과 정체성을 마주하며 자신의 삶을 다시 바라본다. 범죄와 다큐멘터리의 요소를 결합해 이야기를 긴장감 있게 풀어낸 가상의 한국 영화.","광주의 대학가을 배경으로, 택배 기사가 인공지능이 작성한 의문의 일기를 추적한다. 이 과정에서 기억과 정체성을 마주하며 자신의 삶을 다시 바라본다. 범죄와 다큐멘터리의 요소를 결합해 이야기를 긴장감 있게 풀어낸 가상의 한국 영화. 범죄 다큐멘터리 가족 시간여행 성장 사랑"
100087,부산의 골목에서 만난 사람 087,"외딴 섬을 배경으로, 가족과 멀어진 의사가 우연히 과거의 사건과 연결된 사진을 발견한다. 이 과정에서 우정과 신뢰을 마주하며 자신의 삶을 다시 바라본다. 애니메이션와 범죄의 요소를 결합해 이야기를 긴장감 있게 풀어낸 가상의 한국 영화.","[{""id"": 12, ""name"": ""애니메이션""}, {""id"": 7, ""name"": ""범죄""}]","[{""id"": 102, ""name"": ""우정""}, {""id"": 115, ""name"": ""요리""}, {""id"": 104, ""name"": ""미스터리""}, {""id"": 119, ""name"": ""환경""}]",ko,2004-08-23,7.1,11862,30.819,91,False,False,"['애니메이션', '범죄']","['우정', '요리', '미스터리', '환경']",애니메이션 범죄,우정 요리 미스터리 환경,2004,"외딴 섬을 배경으로, 가족과 멀어진 의사가 우연히 과거의 사건과 연결된 사진을 발견한다. 이 과정에서 우정과 신뢰을 마주하며 자신의 삶을 다시 바라본다. 애니메이션와 범죄의 요소를 결합해 이야기를 긴장감 있게 풀어낸 가상의 한국 영화.","외딴 섬을 배경으로, 가족과 멀어진 의사가 우연히 과거의 사건과 연결된 사진을 발견한다. 이 과정에서 우정과 신뢰을 마주하며 자신의 삶을 다시 바라본다. 애니메이션와 범죄의 요소를 결합해 이야기를 긴장감 있게 풀어낸 가상의 한국 영화. 애니메이션 범죄 우정 요리 미스터리 환경"
100088,한강의 마을의 밤 088,"서울의 오래된 골목을 배경으로, 고향으로 돌아온 요리사가 가족이 숨겨온 오래된 약속의 의미를 알게 된다. 이 과정에서 가족의 의미을 마주하며 자신의 삶을 다시 바라본다. 코미디와 역사의 요소를 결합해 이야기를 따뜻한 시선으로 풀어낸 가상의 한국 영화.","[{""id"": 2, ""name"": ""코미디""}, {""id"": 14, ""name"": ""역사""}]","[{""id"": 118, ""name"": ""미래""}, {""id"": 106, ""name"": ""서울""}, {""id"": 107, ""name"": ""바다""}, {""id"": 103, ""name"": ""기억""}]",ko,2004-10-12,5.4,11999,32.398,104,False,False,"['코미디', '역사']","['미래', '서울', '바다', '기억']",코미디 역사,미래 서울 바다 기억,2004,"서울의 오래된 골목을 배경으로, 고향으로 돌아온 요리사가 가족이 숨겨온 오래된 약속의 의미를 알게 된다. 이 과정에서 가족의 의미을 마주하며 자신의 삶을 다시 바라본다. 코미디와 역사의 요소를 결합해 이야기를 따뜻한 시선으로 풀어낸 가상의 한국 영화.","서울의 오래된 골목을 배경으로, 고향으로 돌아온 요리사가 가족이 숨겨온 오래된 약속의 의미를 알게 된다. 이 과정에서 가족의 의미을 마주하며 자신의 삶을 다시 바라본다. 코미디와 역사의 요소를 결합해 이야기를 따뜻한 시선으로 풀어낸 가상의 한국 영화. 코미디 역사 미래 서울 바다 기억"
100089,새벽의 열차의 온도 089,"한강변을 배경으로, 택배 기사가 폐쇄 예정인 공간을 지키기 위한 계획을 세운다. 이 과정에서 상실과 회복을 마주하며 자신의 삶을 다시 바라본다. 범죄와 액션의 요소를 결합해 이야기를 긴장감 있게 풀어낸 가상의 한국 영화.","[{""id"": 7, ""name"": ""범죄""}, {""id"": 6, ""name"": ""액션""}]","[{""id"": 122, ""name"": ""공동체""}, {""id"": 124, ""name"": ""시간여행""}, {""id"": 105, ""name"": ""제주""}, {""id"": 120, ""name"": ""언론""}]",ko,2004-12-01,7.0,136,25.909,117,False,False,"['범죄', '액션']","['공동체', '시간여행', '제주', '언론']",범죄 액션,공동체 시간여행 제주 언론,2004,"한강변을 배경으로, 택배 기사가 폐쇄 예정인 공간을 지키기 위한 계획을 세운다. 이 과정에서 상실과 회복을 마주하며 자신의 삶을 다시 바라본다. 범죄와 액션의 요소를 결합해 이야기를 긴장감 있게 풀어낸 가상의 한국 영화.","한강변을 배경으로, 택배 기사가 폐쇄 예정인 공간을 지키기 위한 계획을 세운다. 이 과정에서 상실과 회복을 마주하며 자신의 삶을 다시 바라본다. 범죄와 액션의 요소를 결합해 이야기를 긴장감 있게 풀어낸 가상의 한국 영화. 범죄 액션 공동체 시간여행 제주 언론"
100090,겨울의 우주선 너머 090,"대구의 오래된 극장을 배경으로, 가족과 멀어진 의사가 수십 년 전 사라진 편지 한 통을 발견한다. 이 과정에서 도전과 성장을 마주하며 자신의 삶을 다시 바라본다. 애니메이션와 음악의 요소를 결합해 이야기를 긴장감 있게 풀어낸 가상의 한국 영화.","[{""id"": 12, ""name"": ""애니메이션""}, {""id"": 13, ""name"": ""음악""}]","[{""id"": 124, ""name"": ""시간여행""}, {""id"": 121, ""name"": ""가짜뉴스""}, {""id"": 125, ""name"": ""탐정""}, {""id"": 116, ""name"": ""학교""}]",ko,2005-01-20,5.1,273,28.113,130,False,False,"['애니메이션', '음악']","['시간여행', '가짜뉴스', '탐정', '학교']",애니메이션 음악,시간여행 가짜뉴스 탐정 학교,2005,"대구의 오래된 극장을 배경으로, 가족과 멀어진 의사가 수십 년 전 사라진 편지 한 통을 발견한다. 이 과정에서 도전과 성장을 마주하며 자신의 삶을 다시 바라본다. 애니메이션와 음악의 요소를 결합해 이야기를 긴장감 있게 풀어낸 가상의 한국 영화.","대구의 오래된 극장을 배경으로, 가족과 멀어진 의사가 수십 년 전 사라진 편지 한 통을 발견한다. 이 과정에서 도전과 성장을 마주하며 자신의 삶을 다시 바라본다. 애니메이션와 음악의 요소를 결합해 이야기를 긴장감 있게 풀어낸 가상의 한국 영화. 애니메이션 음악 시간여행 가짜뉴스 탐정 학교"
100091,여름의 전화의 비밀 091,"달 기지을 배경으로, 고향으로 돌아온 요리사가 가짜 뉴스로 인해 무너진 관계를 회복하려 한다. 이 과정에서 진실과 거짓을 마주하며 자신의 삶을 다시 바라본다. 코미디와 미스터리의 요소를 결합해 이야기를 따뜻한 시선으로 풀어낸 가상의 한국 영화.","[{""id"": 2, ""name"": ""코미디""}, {""id"": 5, ""name"": ""미스터리""}]","[{""id"": 107, ""name"": ""바다""}, {""id"": 119, ""name"": ""환경""}, {""id"": 117, ""name"": ""범죄""}, {""id"": 106, ""name"": ""서울""}]",ko,2005-03-11,6.8,410,20.048,78,False,False,"['코미디', '미스터리']","['바다', '환경', '범죄', '서울']",코미디 미스터리,바다 환경 범죄 서울,2005,"달 기지을 배경으로, 고향으로 돌아온 요리사가 가짜 뉴스로 인해 무너진 관계를 회복하려 한다. 이 과정에서 진실과 거짓을 마주하며 자신의 삶을 다시 바라본다. 코미디와 미스터리의 요소를 결합해 이야기를 따뜻한 시선으로 풀어낸 가상의 한국 영화.","달 기지을 배경으로, 고향으로 돌아온 요리사가 가짜 뉴스로 인해 무너진 관계를 회복하려 한다. 이 과정에서 진실과 거짓을 마주하며 자신의 삶을 다시 바라본다. 코미디와 미스터리의 요소를 결합해 이야기를 따뜻한 시선으로 풀어낸 가상의 한국 영화. 코미디 미스터리 바다 환경 범죄 서울"
100092,봄날의 편지로 가는 길 092,"제주도의 작은 해안마을을 배경으로, 택배 기사가 정체를 알 수 없는 음성 메시지를 매일 받기 시작한다. 이 과정에서 환경과 공존을 마주하며 자신의 삶을 다시 바라본다. 범죄와 애니메이션의 요소를 결합해 이야기를 긴장감 있게 풀어낸 가상의 한국 영화.","[{""id"": 7, ""name"": ""범죄""}, {""id"": 12, ""name"": ""애니메이션""}]","[{""id"": 101, ""name"": ""가족""}, {""id"": 120, ""name"": ""언론""}, {""id"": 111, ""name"": ""성장""}, {""id"": 113, ""name"": ""여행""}]",ko,2004-09-25,8.5,547,27.166,91,False,False,"['범죄', '애니메이션']","['가족', '언론', '성장', '여행']",범죄 애니메이션,가족 언론 성장 여행,2004,"제주도의 작은 해안마을을 배경으로, 택배 기사가 정체를 알 수 없는 음성 메시지를 매일 받기 시작한다. 이 과정에서 환경과 공존을 마주하며 자신의 삶을 다시 바라본다. 범죄와 애니메이션의 요소를 결합해 이야기를 긴장감 있게 풀어낸 가상의 한국 영화.","제주도의 작은 해안마을을 배경으로, 택배 기사가 정체를 알 수 없는 음성 메시지를 매일 받기 시작한다. 이 과정에서 환경과 공존을 마주하며 자신의 삶을 다시 바라본다. 범죄와 애니메이션의 요소를 결합해 이야기를 긴장감 있게 풀어낸 가상의 한국 영화. 범죄 애니메이션 가족 언론 성장 여행"
100093,가을의 시장과 우리 093,"강원도의 산골마을을 배경으로, 가족과 멀어진 의사가 도시 전체의 전력이 사라진 밤에 중요한 선택을 한다. 이 과정에서 세대 간 갈등을 마주하며 자신의 삶을 다시 바라본다. 애니메이션와 스릴러의 요소를 결합해 이야기를 긴장감 있게 풀어낸 가상의 한국 영화.","[{""id"": 12, ""name"": ""애니메이션""}, {""id"": 4, ""name"": ""스릴러""}]","[{""id"": 106, ""name"": ""서울""}, {""id"": 125, ""name"": ""탐정""}, {""id"": 101, ""name"": ""가족""}, {""id"": 120, ""name"": ""언론""}]",ko,2004-11-14,6.6,684,34.049,104,False,False,"['애니메이션', '스릴러']","['서울', '탐정', '가족', '언론']",애니메이션 스릴러,서울 탐정 가족 언론,2004,"강원도의 산골마을을 배경으로, 가족과 멀어진 의사가 도시 전체의 전력이 사라진 밤에 중요한 선택을 한다. 이 과정에서 세대 간 갈등을 마주하며 자신의 삶을 다시 바라본다. 애니메이션와 스릴러의 요소를 결합해 이야기를 긴장감 있게 풀어낸 가상의 한국 영화.","강원도의 산골마을을 배경으로, 가족과 멀어진 의사가 도시 전체의 전력이 사라진 밤에 중요한 선택을 한다. 이 과정에서 세대 간 갈등을 마주하며 자신의 삶을 다시 바라본다. 애니메이션와 스릴러의 요소를 결합해 이야기를 긴장감 있게 풀어낸 가상의 한국 영화. 애니메이션 스릴러 서울 탐정 가족 언론"
100094,푸른 달에게 094,"전주의 한옥마을을 배경으로, 고향으로 돌아온 요리사가 하루가 반복되는 이상한 현상을 겪는다. 이 과정에서 사랑과 이별을 마주하며 자신의 삶을 다시 바라본다. 코미디와 모험의 요소를 결합해 이야기를 따뜻한 시선으로 풀어낸 가상의 한국 영화.","[{""id"": 2, ""name"": ""코미디""}, {""id"": 11, ""name"": ""모험""}]","[{""id"": 115, ""name"": ""요리""}, {""id"": 108, ""name"": ""인공지능""}, {""id"": 117, ""name"": ""범죄""}, {""id"": 118, ""name"": ""미래""}]",ko,2005-01-03,8.3,821,28.708,117,False,False,"['코미디', '모험']","['요리', '인공지능', '범죄', '미래']",코미디 모험,요리 인공지능 범죄 미래,2005,"전주의 한옥마을을 배경으로, 고향으로 돌아온 요리사가 하루가 반복되는 이상한 현상을 겪는다. 이 과정에서 사랑과 이별을 마주하며 자신의 삶을 다시 바라본다. 코미디와 모험의 요소를 결합해 이야기를 따뜻한 시선으로 풀어낸 가상의 한국 영화.","전주의 한옥마을을 배경으로, 고향으로 돌아온 요리사가 하루가 반복되는 이상한 현상을 겪는다. 이 과정에서 사랑과 이별을 마주하며 자신의 삶을 다시 바라본다. 코미디와 모험의 요소를 결합해 이야기를 따뜻한 시선으로 풀어낸 가상의 한국 영화. 코미디 모험 요리 인공지능 범죄 미래"
100095,붉은 호텔 095,"가상의 미래 도시을 배경으로, 택배 기사가 실종 사건의 단서가 된 노래를 해석하기 시작한다. 이 과정에서 선택과 책임을 마주하며 자신의 삶을 다시 바라본다. 범죄와 로맨스의 요소를 결합해 이야기를 긴장감 있게 풀어낸 가상의 한국 영화.","[{""id"": 7, ""name"": ""범죄""}, {""id"": 3, ""name"": ""로맨스""}]","[{""id"": 118, ""name"": ""미래""}, {""id"": 113, ""name"": ""여행""}, {""id"": 102, ""name"": ""우정""}, {""id"": 123, ""name"": ""역사""}]",ko,2005-02-22,6.3,958,33.714,130,False,False,"['범죄', '로맨스']","['미래', '여행', '우정', '역사']",범죄 로맨스,미래 여행 우정 역사,2005,"가상의 미래 도시을 배경으로, 택배 기사가 실종 사건의 단서가 된 노래를 해석하기 시작한다. 이 과정에서 선택과 책임을 마주하며 자신의 삶을 다시 바라본다. 범죄와 로맨스의 요소를 결합해 이야기를 긴장감 있게 풀어낸 가상의 한국 영화.","가상의 미래 도시을 배경으로, 택배 기사가 실종 사건의 단서가 된 노래를 해석하기 시작한다. 이 과정에서 선택과 책임을 마주하며 자신의 삶을 다시 바라본다. 범죄와 로맨스의 요소를 결합해 이야기를 긴장감 있게 풀어낸 가상의 한국 영화. 범죄 로맨스 미래 여행 우정 역사"
100096,검은 거울의 끝 096,"국경 근처의 작은 역을 배경으로, 가족과 멀어진 의사가 서로 다른 목적을 가진 사람들과 뜻밖의 팀을 이룬다. 이 과정에서 지역 공동체을 마주하며 자신의 삶을 다시 바라본다. 애니메이션와 SF의 요소를 결합해 이야기를 긴장감 있게 풀어낸 가상의 한국 영화.","[{""id"": 12, ""name"": ""애니메이션""}, {""id"": 10, ""name"": ""SF""}]","[{""id"": 117, ""name"": ""범죄""}, {""id"": 106, ""name"": ""서울""}, {""id"": 111, ""name"": ""성장""}, {""id"": 119, ""name"": ""환경""}]",ko,2005-04-13,8.0,1095,30.631,78,False,False,"['애니메이션', 'SF']","['범죄', '서울', '성장', '환경']",애니메이션 SF,범죄 서울 성장 환경,2005,"국경 근처의 작은 역을 배경으로, 가족과 멀어진 의사가 서로 다른 목적을 가진 사람들과 뜻밖의 팀을 이룬다. 이 과정에서 지역 공동체을 마주하며 자신의 삶을 다시 바라본다. 애니메이션와 SF의 요소를 결합해 이야기를 긴장감 있게 풀어낸 가상의 한국 영화.","국경 근처의 작은 역을 배경으로, 가족과 멀어진 의사가 서로 다른 목적을 가진 사람들과 뜻밖의 팀을 이룬다. 이 과정에서 지역 공동체을 마주하며 자신의 삶을 다시 바라본다. 애니메이션와 SF의 요소를 결합해 이야기를 긴장감 있게 풀어낸 가상의 한국 영화. 애니메이션 SF 범죄 서울 성장 환경"
100097,하얀 등대의 선택 097,"부산항 인근을 배경으로, 고향으로 돌아온 요리사가 마을 사람들만 알고 있는 비밀스러운 규칙을 알게 된다. 이 과정에서 기술과 인간성을 마주하며 자신의 삶을 다시 바라본다. 코미디와 미스터리의 요소를 결합해 이야기를 따뜻한 시선으로 풀어낸 가상의 한국 영화.","[{""id"": 2, ""name"": ""코미디""}, {""id"": 5, ""name"": ""미스터리""}]","[{""id"": 115, ""name"": ""요리""}, {""id"": 110, ""name"": ""추적""}, {""id"": 117, ""name"": ""범죄""}, {""id"": 107, ""name"": ""바다""}]",ko,2005-06-02,6.1,1232,31.734,91,False,False,"['코미디', '미스터리']","['요리', '추적', '범죄', '바다']",코미디 미스터리,요리 추적 범죄 바다,2005,"부산항 인근을 배경으로, 고향으로 돌아온 요리사가 마을 사람들만 알고 있는 비밀스러운 규칙을 알게 된다. 이 과정에서 기술과 인간성을 마주하며 자신의 삶을 다시 바라본다. 코미디와 미스터리의 요소를 결합해 이야기를 따뜻한 시선으로 풀어낸 가상의 한국 영화.","부산항 인근을 배경으로, 고향으로 돌아온 요리사가 마을 사람들만 알고 있는 비밀스러운 규칙을 알게 된다. 이 과정에서 기술과 인간성을 마주하며 자신의 삶을 다시 바라본다. 코미디와 미스터리의 요소를 결합해 이야기를 따뜻한 시선으로 풀어낸 가상의 한국 영화. 코미디 미스터리 요리 추적 범죄 바다"
100098,마지막 기억을 기다리며 098,"인천의 낡은 공단을 배경으로, 택배 기사가 인공지능이 작성한 의문의 일기를 추적한다. 이 과정에서 기억과 정체성을 마주하며 자신의 삶을 다시 바라본다. 범죄와 판타지의 요소를 결합해 이야기를 긴장감 있게 풀어낸 가상의 한국 영화.","[{""id"": 7, ""name"": ""범죄""}, {""id"": 9, ""name"": ""판타지""}]","[{""id"": 105, ""name"": ""제주""}, {""id"": 109, ""name"": ""로봇""}, {""id"": 103, ""name"": ""기억""}, {""id"": 111, ""name"": ""성장""}]",ko,2005-07-22,7.8,1369,20.377,104,False,False,"['범죄', '판타지']","['제주', '로봇', '기억', '성장']",범죄 판타지,제주 로봇 기억 성장,2005,"인천의 낡은 공단을 배경으로, 택배 기사가 인공지능이 작성한 의문의 일기를 추적한다. 이 과정에서 기억과 정체성을 마주하며 자신의 삶을 다시 바라본다. 범죄와 판타지의 요소를 결합해 이야기를 긴장감 있게 풀어낸 가상의 한국 영화.","인천의 낡은 공단을 배경으로, 택배 기사가 인공지능이 작성한 의문의 일기를 추적한다. 이 과정에서 기억과 정체성을 마주하며 자신의 삶을 다시 바라본다. 범죄와 판타지의 요소를 결합해 이야기를 긴장감 있게 풀어낸 가상의 한국 영화. 범죄 판타지 제주 로봇 기억 성장"
100099,첫 번째 정원의 계절 099,"광주의 대학가을 배경으로, 가족과 멀어진 의사가 우연히 과거의 사건과 연결된 사진을 발견한다. 이 과정에서 우정과 신뢰을 마주하며 자신의 삶을 다시 바라본다. 애니메이션와 드라마의 요소를 결합해 이야기를 긴장감 있게 풀어낸 가상의 한국 영화.","[{""id"": 12, ""name"": ""애니메이션""}, {""id"": 1, ""name"": ""드라마""}]","[{""id"": 108, ""name"": ""인공지능""}, {""id"": 120, ""name"": ""언론""}, {""id"": 101, ""name"": ""가족""}, {""id"": 123, ""name"": ""역사""}]",ko,2005-02-05,5.9,1506,33.744,117,False,False,"['애니메이션', '드라마']","['인공지능', '언론', '가족', '역사']",애니메이션 드라마,인공지능 언론 가족 역사,2005,"광주의 대학가을 배경으로, 가족과 멀어진 의사가 우연히 과거의 사건과 연결된 사진을 발견한다. 이 과정에서 우정과 신뢰을 마주하며 자신의 삶을 다시 바라본다. 애니메이션와 드라마의 요소를 결합해 이야기를 긴장감 있게 풀어낸 가상의 한국 영화.","광주의 대학가을 배경으로, 가족과 멀어진 의사가 우연히 과거의 사건과 연결된 사진을 발견한다. 이 과정에서 우정과 신뢰을 마주하며 자신의 삶을 다시 바라본다. 애니메이션와 드라마의 요소를 결합해 이야기를 긴장감 있게 풀어낸 가상의 한국 영화. 애니메이션 드라마 인공지능 언론 가족 역사"
100100,낯선 그림자의 기록 100,"외딴 섬을 배경으로, 고향으로 돌아온 요리사가 가족이 숨겨온 오래된 약속의 의미를 알게 된다. 이 과정에서 가족의 의미을 마주하며 자신의 삶을 다시 바라본다. 코미디와 가족의 요소를 결합해 이야기를 따뜻한 시선으로 풀어낸 가상의 한국 영화.","[{""id"": 2, ""name"": ""코미디""}, {""id"": 8, ""name"": ""가족""}]","[{""id"": 114, ""name"": ""음악""}, {""id"": 116, ""name"": ""학교""}, {""id"": 125, ""name"": ""탐정""}, {""id"": 122, ""name"": ""공동체""}]",ko,2005-03-27,7.7,1643,28.011,130,False,False,"['코미디', '가족']","['음악', '학교', '탐정', '공동체']",코미디 가족,음악 학교 탐정 공동체,2005,"외딴 섬을 배경으로, 고향으로 돌아온 요리사가 가족이 숨겨온 오래된 약속의 의미를 알게 된다. 이 과정에서 가족의 의미을 마주하며 자신의 삶을 다시 바라본다. 코미디와 가족의 요소를 결합해 이야기를 따뜻한 시선으로 풀어낸 가상의 한국 영화.","외딴 섬을 배경으로, 고향으로 돌아온 요리사가 가족이 숨겨온 오래된 약속의 의미를 알게 된다. 이 과정에서 가족의 의미을 마주하며 자신의 삶을 다시 바라본다. 코미디와 가족의 요소를 결합해 이야기를 따뜻한 시선으로 풀어낸 가상의 한국 영화. 코미디 가족 음악 학교 탐정 공동체"
100101,잊힌 연구소의 하루 101,"서울의 오래된 골목을 배경으로, 택배 기사가 폐쇄 예정인 공간을 지키기 위한 계획을 세운다. 이 과정에서 상실과 회복을 마주하며 자신의 삶을 다시 바라본다. 범죄와 다큐멘터리의 요소를 결합해 이야기를 긴장감 있게 풀어낸 가상의 한국 영화.","[{""id"": 7, ""name"": ""범죄""}, {""id"": 15, ""name"": ""다큐멘터리""}]","[{""id"": 112, ""name"": ""사랑""}, {""id"": 104, ""name"": ""미스터리""}, {""id"": 105, ""name"": ""제주""}, {""id"": 106, ""name"": ""서울""}]",ko,2005-05-16,5.9,1780,28.733,78,False,False,"['범죄', '다큐멘터리']","['사랑', '미스터리', '제주', '서울']",범죄 다큐멘터리,사랑 미스터리 제주 서울,2005,"서울의 오래된 골목을 배경으로, 택배 기사가 폐쇄 예정인 공간을 지키기 위한 계획을 세운다. 이 과정에서 상실과 회복을 마주하며 자신의 삶을 다시 바라본다. 범죄와 다큐멘터리의 요소를 결합해 이야기를 긴장감 있게 풀어낸 가상의 한국 영화.","서울의 오래된 골목을 배경으로, 택배 기사가 폐쇄 예정인 공간을 지키기 위한 계획을 세운다. 이 과정에서 상실과 회복을 마주하며 자신의 삶을 다시 바라본다. 범죄와 다큐멘터리의 요소를 결합해 이야기를 긴장감 있게 풀어낸 가상의 한국 영화. 범죄 다큐멘터리 사랑 미스터리 제주 서울"
100102,비밀의 지도에서 만난 사람 102,"한강변을 배경으로, 가족과 멀어진 의사가 수십 년 전 사라진 편지 한 통을 발견한다. 이 과정에서 도전과 성장을 마주하며 자신의 삶을 다시 바라본다. 애니메이션와 범죄의 요소를 결합해 이야기를 긴장감 있게 풀어낸 가상의 한국 영화.","[{""id"": 12, ""name"": ""애니메이션""}, {""id"": 7, ""name"": ""범죄""}]","[{""id"": 109, ""name"": ""로봇""}, {""id"": 124, ""name"": ""시간여행""}, {""id"": 102, ""name"": ""우정""}, {""id"": 125, ""name"": ""탐정""}]",ko,2005-07-05,7.6,1917,29.242,91,False,False,"['애니메이션', '범죄']","['로봇', '시간여행', '우정', '탐정']",애니메이션 범죄,로봇 시간여행 우정 탐정,2005,"한강변을 배경으로, 가족과 멀어진 의사가 수십 년 전 사라진 편지 한 통을 발견한다. 이 과정에서 도전과 성장을 마주하며 자신의 삶을 다시 바라본다. 애니메이션와 범죄의 요소를 결합해 이야기를 긴장감 있게 풀어낸 가상의 한국 영화.","한강변을 배경으로, 가족과 멀어진 의사가 수십 년 전 사라진 편지 한 통을 발견한다. 이 과정에서 도전과 성장을 마주하며 자신의 삶을 다시 바라본다. 애니메이션와 범죄의 요소를 결합해 이야기를 긴장감 있게 풀어낸 가상의 한국 영화. 애니메이션 범죄 로봇 시간여행 우정 탐정"
100103,고요한 강의 밤 103,"대구의 오래된 극장을 배경으로, 고향으로 돌아온 요리사가 가짜 뉴스로 인해 무너진 관계를 회복하려 한다. 이 과정에서 진실과 거짓을 마주하며 자신의 삶을 다시 바라본다. 코미디와 역사의 요소를 결합해 이야기를 따뜻한 시선으로 풀어낸 가상의 한국 영화.","[{""id"": 2, ""name"": ""코미디""}, {""id"": 14, ""name"": ""역사""}]","[{""id"": 104, ""name"": ""미스터리""}, {""id"": 109, ""name"": ""로봇""}, {""id"": 117, ""name"": ""범죄""}, {""id"": 103, ""name"": ""기억""}]",ko,2005-08-24,5.7,2054,31.102,104,False,False,"['코미디', '역사']","['미스터리', '로봇', '범죄', '기억']",코미디 역사,미스터리 로봇 범죄 기억,2005,"대구의 오래된 극장을 배경으로, 고향으로 돌아온 요리사가 가짜 뉴스로 인해 무너진 관계를 회복하려 한다. 이 과정에서 진실과 거짓을 마주하며 자신의 삶을 다시 바라본다. 코미디와 역사의 요소를 결합해 이야기를 따뜻한 시선으로 풀어낸 가상의 한국 영화.","대구의 오래된 극장을 배경으로, 고향으로 돌아온 요리사가 가짜 뉴스로 인해 무너진 관계를 회복하려 한다. 이 과정에서 진실과 거짓을 마주하며 자신의 삶을 다시 바라본다. 코미디와 역사의 요소를 결합해 이야기를 따뜻한 시선으로 풀어낸 가상의 한국 영화. 코미디 역사 미스터리 로봇 범죄 기억"
100104,빛나는 정거장의 온도 104,"달 기지을 배경으로, 택배 기사가 정체를 알 수 없는 음성 메시지를 매일 받기 시작한다. 이 과정에서 환경과 공존을 마주하며 자신의 삶을 다시 바라본다. 범죄와 액션의 요소를 결합해 이야기를 긴장감 있게 풀어낸 가상의 한국 영화.","[{""id"": 7, ""name"": ""범죄""}, {""id"": 6, ""name"": ""액션""}]","[{""id"": 119, ""name"": ""환경""}, {""id"": 110, ""name"": ""추적""}, {""id"": 106, ""name"": ""서울""}, {""id"": 101, ""name"": ""가족""}]",ko,2005-10-13,7.3,2191,33.605,117,False,False,"['범죄', '액션']","['환경', '추적', '서울', '가족']",범죄 액션,환경 추적 서울 가족,2005,"달 기지을 배경으로, 택배 기사가 정체를 알 수 없는 음성 메시지를 매일 받기 시작한다. 이 과정에서 환경과 공존을 마주하며 자신의 삶을 다시 바라본다. 범죄와 액션의 요소를 결합해 이야기를 긴장감 있게 풀어낸 가상의 한국 영화.","달 기지을 배경으로, 택배 기사가 정체를 알 수 없는 음성 메시지를 매일 받기 시작한다. 이 과정에서 환경과 공존을 마주하며 자신의 삶을 다시 바라본다. 범죄와 액션의 요소를 결합해 이야기를 긴장감 있게 풀어낸 가상의 한국 영화. 범죄 액션 환경 추적 서울 가족"
100105,흐린 숲 너머 105,"제주도의 작은 해안마을을 배경으로, 가족과 멀어진 의사가 도시 전체의 전력이 사라진 밤에 중요한 선택을 한다. 이 과정에서 세대 간 갈등을 마주하며 자신의 삶을 다시 바라본다. 애니메이션와 음악의 요소를 결합해 이야기를 긴장감 있게 풀어낸 가상의 한국 영화.","[{""id"": 12, ""name"": ""애니메이션""}, {""id"": 13, ""name"": ""음악""}]","[{""id"": 124, ""name"": ""시간여행""}, {""id"": 116, ""name"": ""학교""}, {""id"": 125, ""name"": ""탐정""}, {""id"": 117, ""name"": ""범죄""}]",ko,2005-12-02,5.4,2328,22.228,130,False,False,"['애니메이션', '음악']","['시간여행', '학교', '탐정', '범죄']",애니메이션 음악,시간여행 학교 탐정 범죄,2005,"제주도의 작은 해안마을을 배경으로, 가족과 멀어진 의사가 도시 전체의 전력이 사라진 밤에 중요한 선택을 한다. 이 과정에서 세대 간 갈등을 마주하며 자신의 삶을 다시 바라본다. 애니메이션와 음악의 요소를 결합해 이야기를 긴장감 있게 풀어낸 가상의 한국 영화.","제주도의 작은 해안마을을 배경으로, 가족과 멀어진 의사가 도시 전체의 전력이 사라진 밤에 중요한 선택을 한다. 이 과정에서 세대 간 갈등을 마주하며 자신의 삶을 다시 바라본다. 애니메이션와 음악의 요소를 결합해 이야기를 긴장감 있게 풀어낸 가상의 한국 영화. 애니메이션 음악 시간여행 학교 탐정 범죄"
100106,먼 사진의 비밀 106,"강원도의 산골마을을 배경으로, 고향으로 돌아온 요리사가 하루가 반복되는 이상한 현상을 겪는다. 이 과정에서 사랑과 이별을 마주하며 자신의 삶을 다시 바라본다. 코미디와 미스터리의 요소를 결합해 이야기를 따뜻한 시선으로 풀어낸 가상의 한국 영화.","[{""id"": 2, ""name"": ""코미디""}, {""id"": 5, ""name"": ""미스터리""}]","[{""id"": 116, ""name"": ""학교""}, {""id"": 103, ""name"": ""기억""}, {""id"": 121, ""name"": ""가짜뉴스""}, {""id"": 106, ""name"": ""서울""}]",ko,2005-06-18,7.1,2465,31.615,78,False,False,"['코미디', '미스터리']","['학교', '기억', '가짜뉴스', '서울']",코미디 미스터리,학교 기억 가짜뉴스 서울,2005,"강원도의 산골마을을 배경으로, 고향으로 돌아온 요리사가 하루가 반복되는 이상한 현상을 겪는다. 이 과정에서 사랑과 이별을 마주하며 자신의 삶을 다시 바라본다. 코미디와 미스터리의 요소를 결합해 이야기를 따뜻한 시선으로 풀어낸 가상의 한국 영화.","강원도의 산골마을을 배경으로, 고향으로 돌아온 요리사가 하루가 반복되는 이상한 현상을 겪는다. 이 과정에서 사랑과 이별을 마주하며 자신의 삶을 다시 바라본다. 코미디와 미스터리의 요소를 결합해 이야기를 따뜻한 시선으로 풀어낸 가상의 한국 영화. 코미디 미스터리 학교 기억 가짜뉴스 서울"
100107,작은 로봇로 가는 길 107,"전주의 한옥마을을 배경으로, 택배 기사가 실종 사건의 단서가 된 노래를 해석하기 시작한다. 이 과정에서 선택과 책임을 마주하며 자신의 삶을 다시 바라본다. 범죄와 애니메이션의 요소를 결합해 이야기를 긴장감 있게 풀어낸 가상의 한국 영화.","[{""id"": 7, ""name"": ""범죄""}, {""id"": 12, ""name"": ""애니메이션""}]","[{""id"": 108, ""name"": ""인공지능""}, {""id"": 125, ""name"": ""탐정""}, {""id"": 104, ""name"": ""미스터리""}, {""id"": 114, ""name"": ""음악""}]",ko,2005-08-07,5.3,2602,38.826,91,False,False,"['범죄', '애니메이션']","['인공지능', '탐정', '미스터리', '음악']",범죄 애니메이션,인공지능 탐정 미스터리 음악,2005,"전주의 한옥마을을 배경으로, 택배 기사가 실종 사건의 단서가 된 노래를 해석하기 시작한다. 이 과정에서 선택과 책임을 마주하며 자신의 삶을 다시 바라본다. 범죄와 애니메이션의 요소를 결합해 이야기를 긴장감 있게 풀어낸 가상의 한국 영화.","전주의 한옥마을을 배경으로, 택배 기사가 실종 사건의 단서가 된 노래를 해석하기 시작한다. 이 과정에서 선택과 책임을 마주하며 자신의 삶을 다시 바라본다. 범죄와 애니메이션의 요소를 결합해 이야기를 긴장감 있게 풀어낸 가상의 한국 영화. 범죄 애니메이션 인공지능 탐정 미스터리 음악"
100108,오래된 신호과 우리 108,"가상의 미래 도시을 배경으로, 가족과 멀어진 의사가 서로 다른 목적을 가진 사람들과 뜻밖의 팀을 이룬다. 이 과정에서 지역 공동체을 마주하며 자신의 삶을 다시 바라본다. 애니메이션와 스릴러의 요소를 결합해 이야기를 긴장감 있게 풀어낸 가상의 한국 영화.","[{""id"": 12, ""name"": ""애니메이션""}, {""id"": 4, ""name"": ""스릴러""}]","[{""id"": 113, ""name"": ""여행""}, {""id"": 101, ""name"": ""가족""}, {""id"": 108, ""name"": ""인공지능""}, {""id"": 120, ""name"": ""언론""}]",ko,2005-09-26,6.9,2739,24.556,104,False,False,"['애니메이션', '스릴러']","['여행', '가족', '인공지능', '언론']",애니메이션 스릴러,여행 가족 인공지능 언론,2005,"가상의 미래 도시을 배경으로, 가족과 멀어진 의사가 서로 다른 목적을 가진 사람들과 뜻밖의 팀을 이룬다. 이 과정에서 지역 공동체을 마주하며 자신의 삶을 다시 바라본다. 애니메이션와 스릴러의 요소를 결합해 이야기를 긴장감 있게 풀어낸 가상의 한국 영화.","가상의 미래 도시을 배경으로, 가족과 멀어진 의사가 서로 다른 목적을 가진 사람들과 뜻밖의 팀을 이룬다. 이 과정에서 지역 공동체을 마주하며 자신의 삶을 다시 바라본다. 애니메이션와 스릴러의 요소를 결합해 이야기를 긴장감 있게 풀어낸 가상의 한국 영화. 애니메이션 스릴러 여행 가족 인공지능 언론"
100109,새로운 불꽃에게 109,"국경 근처의 작은 역을 배경으로, 고향으로 돌아온 요리사가 마을 사람들만 알고 있는 비밀스러운 규칙을 알게 된다. 이 과정에서 기술과 인간성을 마주하며 자신의 삶을 다시 바라본다. 코미디와 모험의 요소를 결합해 이야기를 따뜻한 시선으로 풀어낸 가상의 한국 영화.","[{""id"": 2, ""name"": ""코미디""}, {""id"": 11, ""name"": ""모험""}]","[{""id"": 116, ""name"": ""학교""}, {""id"": 105, ""name"": ""제주""}, {""id"": 114, ""name"": ""음악""}, {""id"": 122, ""name"": ""공동체""}]",ko,2005-11-15,5.1,2876,22.722,117,False,False,"['코미디', '모험']","['학교', '제주', '음악', '공동체']",코미디 모험,학교 제주 음악 공동체,2005,"국경 근처의 작은 역을 배경으로, 고향으로 돌아온 요리사가 마을 사람들만 알고 있는 비밀스러운 규칙을 알게 된다. 이 과정에서 기술과 인간성을 마주하며 자신의 삶을 다시 바라본다. 코미디와 모험의 요소를 결합해 이야기를 따뜻한 시선으로 풀어낸 가상의 한국 영화.","국경 근처의 작은 역을 배경으로, 고향으로 돌아온 요리사가 마을 사람들만 알고 있는 비밀스러운 규칙을 알게 된다. 이 과정에서 기술과 인간성을 마주하며 자신의 삶을 다시 바라본다. 코미디와 모험의 요소를 결합해 이야기를 따뜻한 시선으로 풀어낸 가상의 한국 영화. 코미디 모험 학교 제주 음악 공동체"
100110,달빛 아래 도서관 110,"부산항 인근을 배경으로, 택배 기사가 인공지능이 작성한 의문의 일기를 추적한다. 이 과정에서 기억과 정체성을 마주하며 자신의 삶을 다시 바라본다. 범죄와 로맨스의 요소를 결합해 이야기를 긴장감 있게 풀어낸 가상의 한국 영화.","[{""id"": 7, ""name"": ""범죄""}, {""id"": 3, ""name"": ""로맨스""}]","[{""id"": 124, ""name"": ""시간여행""}, {""id"": 106, ""name"": ""서울""}, {""id"": 115, ""name"": ""요리""}, {""id"": 119, ""name"": ""환경""}]",ko,2006-01-04,6.8,3013,38.434,130,False,False,"['범죄', '로맨스']","['시간여행', '서울', '요리', '환경']",범죄 로맨스,시간여행 서울 요리 환경,2006,"부산항 인근을 배경으로, 택배 기사가 인공지능이 작성한 의문의 일기를 추적한다. 이 과정에서 기억과 정체성을 마주하며 자신의 삶을 다시 바라본다. 범죄와 로맨스의 요소를 결합해 이야기를 긴장감 있게 풀어낸 가상의 한국 영화.","부산항 인근을 배경으로, 택배 기사가 인공지능이 작성한 의문의 일기를 추적한다. 이 과정에서 기억과 정체성을 마주하며 자신의 삶을 다시 바라본다. 범죄와 로맨스의 요소를 결합해 이야기를 긴장감 있게 풀어낸 가상의 한국 영화. 범죄 로맨스 시간여행 서울 요리 환경"
100111,바람 속 별의 끝 111,"인천의 낡은 공단을 배경으로, 가족과 멀어진 의사가 우연히 과거의 사건과 연결된 사진을 발견한다. 이 과정에서 우정과 신뢰을 마주하며 자신의 삶을 다시 바라본다. 애니메이션와 SF의 요소를 결합해 이야기를 긴장감 있게 풀어낸 가상의 한국 영화.","[{""id"": 12, ""name"": ""애니메이션""}, {""id"": 10, ""name"": ""SF""}]","[{""id"": 118, ""name"": ""미래""}, {""id"": 120, ""name"": ""언론""}, {""id"": 104, ""name"": ""미스터리""}, {""id"": 105, ""name"": ""제주""}]",ko,2006-02-23,8.5,3150,31.821,78,False,False,"['애니메이션', 'SF']","['미래', '언론', '미스터리', '제주']",애니메이션 SF,미래 언론 미스터리 제주,2006,"인천의 낡은 공단을 배경으로, 가족과 멀어진 의사가 우연히 과거의 사건과 연결된 사진을 발견한다. 이 과정에서 우정과 신뢰을 마주하며 자신의 삶을 다시 바라본다. 애니메이션와 SF의 요소를 결합해 이야기를 긴장감 있게 풀어낸 가상의 한국 영화.","인천의 낡은 공단을 배경으로, 가족과 멀어진 의사가 우연히 과거의 사건과 연결된 사진을 발견한다. 이 과정에서 우정과 신뢰을 마주하며 자신의 삶을 다시 바라본다. 애니메이션와 SF의 요소를 결합해 이야기를 긴장감 있게 풀어낸 가상의 한국 영화. 애니메이션 SF 미래 언론 미스터리 제주"
100112,비 오는 날 식당의 선택 112,"광주의 대학가을 배경으로, 고향으로 돌아온 요리사가 가족이 숨겨온 오래된 약속의 의미를 알게 된다. 이 과정에서 가족의 의미을 마주하며 자신의 삶을 다시 바라본다. 코미디와 미스터리의 요소를 결합해 이야기를 따뜻한 시선으로 풀어낸 가상의 한국 영화.","[{""id"": 2, ""name"": ""코미디""}, {""id"": 5, ""name"": ""미스터리""}]","[{""id"": 112, ""name"": ""사랑""}, {""id"": 124, ""name"": ""시간여행""}, {""id"": 108, ""name"": ""인공지능""}, {""id"": 115, ""name"": ""요리""}]",ko,2006-04-14,6.5,3287,24.769,91,False,False,"['코미디', '미스터리']","['사랑', '시간여행', '인공지능', '요리']",코미디 미스터리,사랑 시간여행 인공지능 요리,2006,"광주의 대학가을 배경으로, 고향으로 돌아온 요리사가 가족이 숨겨온 오래된 약속의 의미를 알게 된다. 이 과정에서 가족의 의미을 마주하며 자신의 삶을 다시 바라본다. 코미디와 미스터리의 요소를 결합해 이야기를 따뜻한 시선으로 풀어낸 가상의 한국 영화.","광주의 대학가을 배경으로, 고향으로 돌아온 요리사가 가족이 숨겨온 오래된 약속의 의미를 알게 된다. 이 과정에서 가족의 의미을 마주하며 자신의 삶을 다시 바라본다. 코미디와 미스터리의 요소를 결합해 이야기를 따뜻한 시선으로 풀어낸 가상의 한국 영화. 코미디 미스터리 사랑 시간여행 인공지능 요리"
100113,제주의 비행을 기다리며 113,"외딴 섬을 배경으로, 택배 기사가 폐쇄 예정인 공간을 지키기 위한 계획을 세운다. 이 과정에서 상실과 회복을 마주하며 자신의 삶을 다시 바라본다. 범죄와 판타지의 요소를 결합해 이야기를 긴장감 있게 풀어낸 가상의 한국 영화.","[{""id"": 7, ""name"": ""범죄""}, {""id"": 9, ""name"": ""판타지""}]","[{""id"": 101, ""name"": ""가족""}, {""id"": 104, ""name"": ""미스터리""}, {""id"": 108, ""name"": ""인공지능""}, {""id"": 113, ""name"": ""여행""}]",ko,2005-10-29,8.1,3424,22.629,104,False,False,"['범죄', '판타지']","['가족', '미스터리', '인공지능', '여행']",범죄 판타지,가족 미스터리 인공지능 여행,2005,"외딴 섬을 배경으로, 택배 기사가 폐쇄 예정인 공간을 지키기 위한 계획을 세운다. 이 과정에서 상실과 회복을 마주하며 자신의 삶을 다시 바라본다. 범죄와 판타지의 요소를 결합해 이야기를 긴장감 있게 풀어낸 가상의 한국 영화.","외딴 섬을 배경으로, 택배 기사가 폐쇄 예정인 공간을 지키기 위한 계획을 세운다. 이 과정에서 상실과 회복을 마주하며 자신의 삶을 다시 바라본다. 범죄와 판타지의 요소를 결합해 이야기를 긴장감 있게 풀어낸 가상의 한국 영화. 범죄 판타지 가족 미스터리 인공지능 여행"
100114,서울의 터널의 계절 114,"서울의 오래된 골목을 배경으로, 가족과 멀어진 의사가 수십 년 전 사라진 편지 한 통을 발견한다. 이 과정에서 도전과 성장을 마주하며 자신의 삶을 다시 바라본다. 애니메이션와 드라마의 요소를 결합해 이야기를 긴장감 있게 풀어낸 가상의 한국 영화.","[{""id"": 12, ""name"": ""애니메이션""}, {""id"": 1, ""name"": ""드라마""}]","[{""id"": 108, ""name"": ""인공지능""}, {""id"": 104, ""name"": ""미스터리""}, {""id"": 112, ""name"": ""사랑""}, {""id"": 105, ""name"": ""제주""}]",ko,2005-12-18,6.3,3561,35.394,117,False,False,"['애니메이션', '드라마']","['인공지능', '미스터리', '사랑', '제주']",애니메이션 드라마,인공지능 미스터리 사랑 제주,2005,"서울의 오래된 골목을 배경으로, 가족과 멀어진 의사가 수십 년 전 사라진 편지 한 통을 발견한다. 이 과정에서 도전과 성장을 마주하며 자신의 삶을 다시 바라본다. 애니메이션와 드라마의 요소를 결합해 이야기를 긴장감 있게 풀어낸 가상의 한국 영화.","서울의 오래된 골목을 배경으로, 가족과 멀어진 의사가 수십 년 전 사라진 편지 한 통을 발견한다. 이 과정에서 도전과 성장을 마주하며 자신의 삶을 다시 바라본다. 애니메이션와 드라마의 요소를 결합해 이야기를 긴장감 있게 풀어낸 가상의 한국 영화. 애니메이션 드라마 인공지능 미스터리 사랑 제주"
100115,부산의 약속의 기록 115,"한강변을 배경으로, 고향으로 돌아온 요리사가 가짜 뉴스로 인해 무너진 관계를 회복하려 한다. 이 과정에서 진실과 거짓을 마주하며 자신의 삶을 다시 바라본다. 코미디와 가족의 요소를 결합해 이야기를 따뜻한 시선으로 풀어낸 가상의 한국 영화.","[{""id"": 2, ""name"": ""코미디""}, {""id"": 8, ""name"": ""가족""}]","[{""id"": 124, ""name"": ""시간여행""}, {""id"": 123, ""name"": ""역사""}, {""id"": 117, ""name"": ""범죄""}, {""id"": 114, ""name"": ""음악""}]",ko,2006-02-06,8.1,3698,28.75,130,False,False,"['코미디', '가족']","['시간여행', '역사', '범죄', '음악']",코미디 가족,시간여행 역사 범죄 음악,2006,"한강변을 배경으로, 고향으로 돌아온 요리사가 가짜 뉴스로 인해 무너진 관계를 회복하려 한다. 이 과정에서 진실과 거짓을 마주하며 자신의 삶을 다시 바라본다. 코미디와 가족의 요소를 결합해 이야기를 따뜻한 시선으로 풀어낸 가상의 한국 영화.","한강변을 배경으로, 고향으로 돌아온 요리사가 가짜 뉴스로 인해 무너진 관계를 회복하려 한다. 이 과정에서 진실과 거짓을 마주하며 자신의 삶을 다시 바라본다. 코미디와 가족의 요소를 결합해 이야기를 따뜻한 시선으로 풀어낸 가상의 한국 영화. 코미디 가족 시간여행 역사 범죄 음악"
100116,한강의 극장의 하루 116,"대구의 오래된 극장을 배경으로, 택배 기사가 정체를 알 수 없는 음성 메시지를 매일 받기 시작한다. 이 과정에서 환경과 공존을 마주하며 자신의 삶을 다시 바라본다. 범죄와 다큐멘터리의 요소를 결합해 이야기를 긴장감 있게 풀어낸 가상의 한국 영화.","[{""id"": 7, ""name"": ""범죄""}, {""id"": 15, ""name"": ""다큐멘터리""}]","[{""id"": 106, ""name"": ""서울""}, {""id"": 122, ""name"": ""공동체""}, {""id"": 113, ""name"": ""여행""}, {""id"": 102, ""name"": ""우정""}]",ko,2006-03-28,6.1,3835,32.799,78,False,False,"['범죄', '다큐멘터리']","['서울', '공동체', '여행', '우정']",범죄 다큐멘터리,서울 공동체 여행 우정,2006,"대구의 오래된 극장을 배경으로, 택배 기사가 정체를 알 수 없는 음성 메시지를 매일 받기 시작한다. 이 과정에서 환경과 공존을 마주하며 자신의 삶을 다시 바라본다. 범죄와 다큐멘터리의 요소를 결합해 이야기를 긴장감 있게 풀어낸 가상의 한국 영화.","대구의 오래된 극장을 배경으로, 택배 기사가 정체를 알 수 없는 음성 메시지를 매일 받기 시작한다. 이 과정에서 환경과 공존을 마주하며 자신의 삶을 다시 바라본다. 범죄와 다큐멘터리의 요소를 결합해 이야기를 긴장감 있게 풀어낸 가상의 한국 영화. 범죄 다큐멘터리 서울 공동체 여행 우정"
100117,새벽의 시간에서 만난 사람 117,"달 기지을 배경으로, 가족과 멀어진 의사가 도시 전체의 전력이 사라진 밤에 중요한 선택을 한다. 이 과정에서 세대 간 갈등을 마주하며 자신의 삶을 다시 바라본다. 애니메이션와 범죄의 요소를 결합해 이야기를 긴장감 있게 풀어낸 가상의 한국 영화.","[{""id"": 12, ""name"": ""애니메이션""}, {""id"": 7, ""name"": ""범죄""}]","[{""id"": 119, ""name"": ""환경""}, {""id"": 111, ""name"": ""성장""}, {""id"": 104, ""name"": ""미스터리""}, {""id"": 116, ""name"": ""학교""}]",ko,2006-05-17,7.8,3972,22.109,91,False,False,"['애니메이션', '범죄']","['환경', '성장', '미스터리', '학교']",애니메이션 범죄,환경 성장 미스터리 학교,2006,"달 기지을 배경으로, 가족과 멀어진 의사가 도시 전체의 전력이 사라진 밤에 중요한 선택을 한다. 이 과정에서 세대 간 갈등을 마주하며 자신의 삶을 다시 바라본다. 애니메이션와 범죄의 요소를 결합해 이야기를 긴장감 있게 풀어낸 가상의 한국 영화.","달 기지을 배경으로, 가족과 멀어진 의사가 도시 전체의 전력이 사라진 밤에 중요한 선택을 한다. 이 과정에서 세대 간 갈등을 마주하며 자신의 삶을 다시 바라본다. 애니메이션와 범죄의 요소를 결합해 이야기를 긴장감 있게 풀어낸 가상의 한국 영화. 애니메이션 범죄 환경 성장 미스터리 학교"
100118,겨울의 학교의 밤 118,"제주도의 작은 해안마을을 배경으로, 고향으로 돌아온 요리사가 하루가 반복되는 이상한 현상을 겪는다. 이 과정에서 사랑과 이별을 마주하며 자신의 삶을 다시 바라본다. 코미디와 역사의 요소를 결합해 이야기를 따뜻한 시선으로 풀어낸 가상의 한국 영화.","[{""id"": 2, ""name"": ""코미디""}, {""id"": 14, ""name"": ""역사""}]","[{""id"": 116, ""name"": ""학교""}, {""id"": 123, ""name"": ""역사""}, {""id"": 114, ""name"": ""음악""}, {""id"": 111, ""name"": ""성장""}]",ko,2006-07-06,5.9,4109,39.745,104,False,False,"['코미디', '역사']","['학교', '역사', '음악', '성장']",코미디 역사,학교 역사 음악 성장,2006,"제주도의 작은 해안마을을 배경으로, 고향으로 돌아온 요리사가 하루가 반복되는 이상한 현상을 겪는다. 이 과정에서 사랑과 이별을 마주하며 자신의 삶을 다시 바라본다. 코미디와 역사의 요소를 결합해 이야기를 따뜻한 시선으로 풀어낸 가상의 한국 영화.","제주도의 작은 해안마을을 배경으로, 고향으로 돌아온 요리사가 하루가 반복되는 이상한 현상을 겪는다. 이 과정에서 사랑과 이별을 마주하며 자신의 삶을 다시 바라본다. 코미디와 역사의 요소를 결합해 이야기를 따뜻한 시선으로 풀어낸 가상의 한국 영화. 코미디 역사 학교 역사 음악 성장"
100119,여름의 문의 온도 119,"강원도의 산골마을을 배경으로, 택배 기사가 실종 사건의 단서가 된 노래를 해석하기 시작한다. 이 과정에서 선택과 책임을 마주하며 자신의 삶을 다시 바라본다. 범죄와 액션의 요소를 결합해 이야기를 긴장감 있게 풀어낸 가상의 한국 영화.","[{""id"": 7, ""name"": ""범죄""}, {""id"": 6, ""name"": ""액션""}]","[{""id"": 109, ""name"": ""로봇""}, {""id"": 122, ""name"": ""공동체""}, {""id"": 105, ""name"": ""제주""}, {""id"": 117, ""name"": ""범죄""}]",ko,2006-08-25,7.5,4246,37.232,117,False,False,"['범죄', '액션']","['로봇', '공동체', '제주', '범죄']",범죄 액션,로봇 공동체 제주 범죄,2006,"강원도의 산골마을을 배경으로, 택배 기사가 실종 사건의 단서가 된 노래를 해석하기 시작한다. 이 과정에서 선택과 책임을 마주하며 자신의 삶을 다시 바라본다. 범죄와 액션의 요소를 결합해 이야기를 긴장감 있게 풀어낸 가상의 한국 영화.","강원도의 산골마을을 배경으로, 택배 기사가 실종 사건의 단서가 된 노래를 해석하기 시작한다. 이 과정에서 선택과 책임을 마주하며 자신의 삶을 다시 바라본다. 범죄와 액션의 요소를 결합해 이야기를 긴장감 있게 풀어낸 가상의 한국 영화. 범죄 액션 로봇 공동체 제주 범죄"
100120,봄날의 카페 너머 120,"전주의 한옥마을을 배경으로, 가족과 멀어진 의사가 서로 다른 목적을 가진 사람들과 뜻밖의 팀을 이룬다. 이 과정에서 지역 공동체을 마주하며 자신의 삶을 다시 바라본다. 애니메이션와 음악의 요소를 결합해 이야기를 긴장감 있게 풀어낸 가상의 한국 영화.","[{""id"": 12, ""name"": ""애니메이션""}, {""id"": 13, ""name"": ""음악""}]","[{""id"": 124, ""name"": ""시간여행""}, {""id"": 104, ""name"": ""미스터리""}, {""id"": 121, ""name"": ""가짜뉴스""}, {""id"": 113, ""name"": ""여행""}]",ko,2006-03-11,5.8,4383,30.182,130,False,False,"['애니메이션', '음악']","['시간여행', '미스터리', '가짜뉴스', '여행']",애니메이션 음악,시간여행 미스터리 가짜뉴스 여행,2006,"전주의 한옥마을을 배경으로, 가족과 멀어진 의사가 서로 다른 목적을 가진 사람들과 뜻밖의 팀을 이룬다. 이 과정에서 지역 공동체을 마주하며 자신의 삶을 다시 바라본다. 애니메이션와 음악의 요소를 결합해 이야기를 긴장감 있게 풀어낸 가상의 한국 영화.","전주의 한옥마을을 배경으로, 가족과 멀어진 의사가 서로 다른 목적을 가진 사람들과 뜻밖의 팀을 이룬다. 이 과정에서 지역 공동체을 마주하며 자신의 삶을 다시 바라본다. 애니메이션와 음악의 요소를 결합해 이야기를 긴장감 있게 풀어낸 가상의 한국 영화. 애니메이션 음악 시간여행 미스터리 가짜뉴스 여행"
100121,가을의 파도의 비밀 121,"가상의 미래 도시을 배경으로, 고향으로 돌아온 요리사가 마을 사람들만 알고 있는 비밀스러운 규칙을 알게 된다. 이 과정에서 기술과 인간성을 마주하며 자신의 삶을 다시 바라본다. 코미디와 미스터리의 요소를 결합해 이야기를 따뜻한 시선으로 풀어낸 가상의 한국 영화.","[{""id"": 2, ""name"": ""코미디""}, {""id"": 5, ""name"": ""미스터리""}]","[{""id"": 109, ""name"": ""로봇""}, {""id"": 106, ""name"": ""서울""}, {""id"": 105, ""name"": ""제주""}, {""id"": 107, ""name"": ""바다""}]",ko,2006-04-30,7.4,4520,32.984,78,False,False,"['코미디', '미스터리']","['로봇', '서울', '제주', '바다']",코미디 미스터리,로봇 서울 제주 바다,2006,"가상의 미래 도시을 배경으로, 고향으로 돌아온 요리사가 마을 사람들만 알고 있는 비밀스러운 규칙을 알게 된다. 이 과정에서 기술과 인간성을 마주하며 자신의 삶을 다시 바라본다. 코미디와 미스터리의 요소를 결합해 이야기를 따뜻한 시선으로 풀어낸 가상의 한국 영화.","가상의 미래 도시을 배경으로, 고향으로 돌아온 요리사가 마을 사람들만 알고 있는 비밀스러운 규칙을 알게 된다. 이 과정에서 기술과 인간성을 마주하며 자신의 삶을 다시 바라본다. 코미디와 미스터리의 요소를 결합해 이야기를 따뜻한 시선으로 풀어낸 가상의 한국 영화. 코미디 미스터리 로봇 서울 제주 바다"
100122,푸른 섬로 가는 길 122,"국경 근처의 작은 역을 배경으로, 택배 기사가 인공지능이 작성한 의문의 일기를 추적한다. 이 과정에서 기억과 정체성을 마주하며 자신의 삶을 다시 바라본다. 범죄와 애니메이션의 요소를 결합해 이야기를 긴장감 있게 풀어낸 가상의 한국 영화.","[{""id"": 7, ""name"": ""범죄""}, {""id"": 12, ""name"": ""애니메이션""}]","[{""id"": 104, ""name"": ""미스터리""}, {""id"": 121, ""name"": ""가짜뉴스""}, {""id"": 120, ""name"": ""언론""}, {""id"": 117, ""name"": ""범죄""}]",ko,2006-06-19,5.6,4657,26.095,91,False,False,"['범죄', '애니메이션']","['미스터리', '가짜뉴스', '언론', '범죄']",범죄 애니메이션,미스터리 가짜뉴스 언론 범죄,2006,"국경 근처의 작은 역을 배경으로, 택배 기사가 인공지능이 작성한 의문의 일기를 추적한다. 이 과정에서 기억과 정체성을 마주하며 자신의 삶을 다시 바라본다. 범죄와 애니메이션의 요소를 결합해 이야기를 긴장감 있게 풀어낸 가상의 한국 영화.","국경 근처의 작은 역을 배경으로, 택배 기사가 인공지능이 작성한 의문의 일기를 추적한다. 이 과정에서 기억과 정체성을 마주하며 자신의 삶을 다시 바라본다. 범죄와 애니메이션의 요소를 결합해 이야기를 긴장감 있게 풀어낸 가상의 한국 영화. 범죄 애니메이션 미스터리 가짜뉴스 언론 범죄"
100123,붉은 노래과 우리 123,"부산항 인근을 배경으로, 가족과 멀어진 의사가 우연히 과거의 사건과 연결된 사진을 발견한다. 이 과정에서 우정과 신뢰을 마주하며 자신의 삶을 다시 바라본다. 애니메이션와 스릴러의 요소를 결합해 이야기를 긴장감 있게 풀어낸 가상의 한국 영화.","[{""id"": 12, ""name"": ""애니메이션""}, {""id"": 4, ""name"": ""스릴러""}]","[{""id"": 101, ""name"": ""가족""}, {""id"": 110, ""name"": ""추적""}, {""id"": 112, ""name"": ""사랑""}, {""id"": 109, ""name"": ""로봇""}]",ko,2006-08-08,7.1,4794,38.871,104,False,False,"['애니메이션', '스릴러']","['가족', '추적', '사랑', '로봇']",애니메이션 스릴러,가족 추적 사랑 로봇,2006,"부산항 인근을 배경으로, 가족과 멀어진 의사가 우연히 과거의 사건과 연결된 사진을 발견한다. 이 과정에서 우정과 신뢰을 마주하며 자신의 삶을 다시 바라본다. 애니메이션와 스릴러의 요소를 결합해 이야기를 긴장감 있게 풀어낸 가상의 한국 영화.","부산항 인근을 배경으로, 가족과 멀어진 의사가 우연히 과거의 사건과 연결된 사진을 발견한다. 이 과정에서 우정과 신뢰을 마주하며 자신의 삶을 다시 바라본다. 애니메이션와 스릴러의 요소를 결합해 이야기를 긴장감 있게 풀어낸 가상의 한국 영화. 애니메이션 스릴러 가족 추적 사랑 로봇"
100124,검은 탐정에게 124,"인천의 낡은 공단을 배경으로, 고향으로 돌아온 요리사가 가족이 숨겨온 오래된 약속의 의미를 알게 된다. 이 과정에서 가족의 의미을 마주하며 자신의 삶을 다시 바라본다. 코미디와 모험의 요소를 결합해 이야기를 따뜻한 시선으로 풀어낸 가상의 한국 영화.","[{""id"": 2, ""name"": ""코미디""}, {""id"": 11, ""name"": ""모험""}]","[{""id"": 110, ""name"": ""추적""}, {""id"": 111, ""name"": ""성장""}, {""id"": 105, ""name"": ""제주""}, {""id"": 119, ""name"": ""환경""}]",ko,2006-09-27,5.3,4931,27.09,117,False,False,"['코미디', '모험']","['추적', '성장', '제주', '환경']",코미디 모험,추적 성장 제주 환경,2006,"인천의 낡은 공단을 배경으로, 고향으로 돌아온 요리사가 가족이 숨겨온 오래된 약속의 의미를 알게 된다. 이 과정에서 가족의 의미을 마주하며 자신의 삶을 다시 바라본다. 코미디와 모험의 요소를 결합해 이야기를 따뜻한 시선으로 풀어낸 가상의 한국 영화.","인천의 낡은 공단을 배경으로, 고향으로 돌아온 요리사가 가족이 숨겨온 오래된 약속의 의미를 알게 된다. 이 과정에서 가족의 의미을 마주하며 자신의 삶을 다시 바라본다. 코미디와 모험의 요소를 결합해 이야기를 따뜻한 시선으로 풀어낸 가상의 한국 영화. 코미디 모험 추적 성장 제주 환경"
100125,하얀 레시피 125,"광주의 대학가을 배경으로, 택배 기사가 폐쇄 예정인 공간을 지키기 위한 계획을 세운다. 이 과정에서 상실과 회복을 마주하며 자신의 삶을 다시 바라본다. 범죄와 로맨스의 요소를 결합해 이야기를 긴장감 있게 풀어낸 가상의 한국 영화.","[{""id"": 7, ""name"": ""범죄""}, {""id"": 3, ""name"": ""로맨스""}]","[{""id"": 122, ""name"": ""공동체""}, {""id"": 111, ""name"": ""성장""}, {""id"": 101, ""name"": ""가족""}, {""id"": 115, ""name"": ""요리""}]",ko,2006-11-16,7.1,5068,27.457,130,False,False,"['범죄', '로맨스']","['공동체', '성장', '가족', '요리']",범죄 로맨스,공동체 성장 가족 요리,2006,"광주의 대학가을 배경으로, 택배 기사가 폐쇄 예정인 공간을 지키기 위한 계획을 세운다. 이 과정에서 상실과 회복을 마주하며 자신의 삶을 다시 바라본다. 범죄와 로맨스의 요소를 결합해 이야기를 긴장감 있게 풀어낸 가상의 한국 영화.","광주의 대학가을 배경으로, 택배 기사가 폐쇄 예정인 공간을 지키기 위한 계획을 세운다. 이 과정에서 상실과 회복을 마주하며 자신의 삶을 다시 바라본다. 범죄와 로맨스의 요소를 결합해 이야기를 긴장감 있게 풀어낸 가상의 한국 영화. 범죄 로맨스 공동체 성장 가족 요리"
100126,마지막 눈의 끝 126,"외딴 섬을 배경으로, 가족과 멀어진 의사가 수십 년 전 사라진 편지 한 통을 발견한다. 이 과정에서 도전과 성장을 마주하며 자신의 삶을 다시 바라본다. 애니메이션와 SF의 요소를 결합해 이야기를 긴장감 있게 풀어낸 가상의 한국 영화.","[{""id"": 12, ""name"": ""애니메이션""}, {""id"": 10, ""name"": ""SF""}]","[{""id"": 117, ""name"": ""범죄""}, {""id"": 113, ""name"": ""여행""}, {""id"": 125, ""name"": ""탐정""}, {""id"": 119, ""name"": ""환경""}]",ko,2007-01-05,5.2,5205,34.161,78,False,False,"['애니메이션', 'SF']","['범죄', '여행', '탐정', '환경']",애니메이션 SF,범죄 여행 탐정 환경,2007,"외딴 섬을 배경으로, 가족과 멀어진 의사가 수십 년 전 사라진 편지 한 통을 발견한다. 이 과정에서 도전과 성장을 마주하며 자신의 삶을 다시 바라본다. 애니메이션와 SF의 요소를 결합해 이야기를 긴장감 있게 풀어낸 가상의 한국 영화.","외딴 섬을 배경으로, 가족과 멀어진 의사가 수십 년 전 사라진 편지 한 통을 발견한다. 이 과정에서 도전과 성장을 마주하며 자신의 삶을 다시 바라본다. 애니메이션와 SF의 요소를 결합해 이야기를 긴장감 있게 풀어낸 가상의 한국 영화. 애니메이션 SF 범죄 여행 탐정 환경"
100127,첫 번째 골목의 선택 127,"서울의 오래된 골목을 배경으로, 고향으로 돌아온 요리사가 가짜 뉴스로 인해 무너진 관계를 회복하려 한다. 이 과정에서 진실과 거짓을 마주하며 자신의 삶을 다시 바라본다. 코미디와 미스터리의 요소를 결합해 이야기를 따뜻한 시선으로 풀어낸 가상의 한국 영화.","[{""id"": 2, ""name"": ""코미디""}, {""id"": 5, ""name"": ""미스터리""}]","[{""id"": 110, ""name"": ""추적""}, {""id"": 123, ""name"": ""역사""}, {""id"": 102, ""name"": ""우정""}, {""id"": 106, ""name"": ""서울""}]",ko,2006-07-22,6.8,5342,35.334,91,False,False,"['코미디', '미스터리']","['추적', '역사', '우정', '서울']",코미디 미스터리,추적 역사 우정 서울,2006,"서울의 오래된 골목을 배경으로, 고향으로 돌아온 요리사가 가짜 뉴스로 인해 무너진 관계를 회복하려 한다. 이 과정에서 진실과 거짓을 마주하며 자신의 삶을 다시 바라본다. 코미디와 미스터리의 요소를 결합해 이야기를 따뜻한 시선으로 풀어낸 가상의 한국 영화.","서울의 오래된 골목을 배경으로, 고향으로 돌아온 요리사가 가짜 뉴스로 인해 무너진 관계를 회복하려 한다. 이 과정에서 진실과 거짓을 마주하며 자신의 삶을 다시 바라본다. 코미디와 미스터리의 요소를 결합해 이야기를 따뜻한 시선으로 풀어낸 가상의 한국 영화. 코미디 미스터리 추적 역사 우정 서울"
100128,낯선 마을을 기다리며 128,"한강변을 배경으로, 택배 기사가 정체를 알 수 없는 음성 메시지를 매일 받기 시작한다. 이 과정에서 환경과 공존을 마주하며 자신의 삶을 다시 바라본다. 범죄와 판타지의 요소를 결합해 이야기를 긴장감 있게 풀어낸 가상의 한국 영화.","[{""id"": 7, ""name"": ""범죄""}, {""id"": 9, ""name"": ""판타지""}]","[{""id"": 114, ""name"": ""음악""}, {""id"": 122, ""name"": ""공동체""}, {""id"": 119, ""name"": ""환경""}, {""id"": 113, ""name"": ""여행""}]",ko,2006-09-10,8.5,5479,38.627,104,False,False,"['범죄', '판타지']","['음악', '공동체', '환경', '여행']",범죄 판타지,음악 공동체 환경 여행,2006,"한강변을 배경으로, 택배 기사가 정체를 알 수 없는 음성 메시지를 매일 받기 시작한다. 이 과정에서 환경과 공존을 마주하며 자신의 삶을 다시 바라본다. 범죄와 판타지의 요소를 결합해 이야기를 긴장감 있게 풀어낸 가상의 한국 영화.","한강변을 배경으로, 택배 기사가 정체를 알 수 없는 음성 메시지를 매일 받기 시작한다. 이 과정에서 환경과 공존을 마주하며 자신의 삶을 다시 바라본다. 범죄와 판타지의 요소를 결합해 이야기를 긴장감 있게 풀어낸 가상의 한국 영화. 범죄 판타지 음악 공동체 환경 여행"
100129,잊힌 열차의 계절 129,"대구의 오래된 극장을 배경으로, 가족과 멀어진 의사가 도시 전체의 전력이 사라진 밤에 중요한 선택을 한다. 이 과정에서 세대 간 갈등을 마주하며 자신의 삶을 다시 바라본다. 애니메이션와 드라마의 요소를 결합해 이야기를 긴장감 있게 풀어낸 가상의 한국 영화.","[{""id"": 12, ""name"": ""애니메이션""}, {""id"": 1, ""name"": ""드라마""}]","[{""id"": 110, ""name"": ""추적""}, {""id"": 115, ""name"": ""요리""}, {""id"": 104, ""name"": ""미스터리""}, {""id"": 124, ""name"": ""시간여행""}]",ko,2006-10-30,6.5,5616,23.504,117,False,False,"['애니메이션', '드라마']","['추적', '요리', '미스터리', '시간여행']",애니메이션 드라마,추적 요리 미스터리 시간여행,2006,"대구의 오래된 극장을 배경으로, 가족과 멀어진 의사가 도시 전체의 전력이 사라진 밤에 중요한 선택을 한다. 이 과정에서 세대 간 갈등을 마주하며 자신의 삶을 다시 바라본다. 애니메이션와 드라마의 요소를 결합해 이야기를 긴장감 있게 풀어낸 가상의 한국 영화.","대구의 오래된 극장을 배경으로, 가족과 멀어진 의사가 도시 전체의 전력이 사라진 밤에 중요한 선택을 한다. 이 과정에서 세대 간 갈등을 마주하며 자신의 삶을 다시 바라본다. 애니메이션와 드라마의 요소를 결합해 이야기를 긴장감 있게 풀어낸 가상의 한국 영화. 애니메이션 드라마 추적 요리 미스터리 시간여행"
100130,비밀의 우주선의 기록 130,"달 기지을 배경으로, 고향으로 돌아온 요리사가 하루가 반복되는 이상한 현상을 겪는다. 이 과정에서 사랑과 이별을 마주하며 자신의 삶을 다시 바라본다. 코미디와 가족의 요소를 결합해 이야기를 따뜻한 시선으로 풀어낸 가상의 한국 영화.","[{""id"": 2, ""name"": ""코미디""}, {""id"": 8, ""name"": ""가족""}]","[{""id"": 120, ""name"": ""언론""}, {""id"": 104, ""name"": ""미스터리""}, {""id"": 112, ""name"": ""사랑""}, {""id"": 121, ""name"": ""가짜뉴스""}]",ko,2006-12-19,8.2,5753,33.713,130,False,False,"['코미디', '가족']","['언론', '미스터리', '사랑', '가짜뉴스']",코미디 가족,언론 미스터리 사랑 가짜뉴스,2006,"달 기지을 배경으로, 고향으로 돌아온 요리사가 하루가 반복되는 이상한 현상을 겪는다. 이 과정에서 사랑과 이별을 마주하며 자신의 삶을 다시 바라본다. 코미디와 가족의 요소를 결합해 이야기를 따뜻한 시선으로 풀어낸 가상의 한국 영화.","달 기지을 배경으로, 고향으로 돌아온 요리사가 하루가 반복되는 이상한 현상을 겪는다. 이 과정에서 사랑과 이별을 마주하며 자신의 삶을 다시 바라본다. 코미디와 가족의 요소를 결합해 이야기를 따뜻한 시선으로 풀어낸 가상의 한국 영화. 코미디 가족 언론 미스터리 사랑 가짜뉴스"
100131,고요한 전화의 하루 131,"제주도의 작은 해안마을을 배경으로, 택배 기사가 실종 사건의 단서가 된 노래를 해석하기 시작한다. 이 과정에서 선택과 책임을 마주하며 자신의 삶을 다시 바라본다. 범죄와 다큐멘터리의 요소를 결합해 이야기를 긴장감 있게 풀어낸 가상의 한국 영화.","[{""id"": 7, ""name"": ""범죄""}, {""id"": 15, ""name"": ""다큐멘터리""}]","[{""id"": 103, ""name"": ""기억""}, {""id"": 117, ""name"": ""범죄""}, {""id"": 101, ""name"": ""가족""}, {""id"": 111, ""name"": ""성장""}]",ko,2007-02-07,6.3,5890,29.584,78,False,False,"['범죄', '다큐멘터리']","['기억', '범죄', '가족', '성장']",범죄 다큐멘터리,기억 범죄 가족 성장,2007,"제주도의 작은 해안마을을 배경으로, 택배 기사가 실종 사건의 단서가 된 노래를 해석하기 시작한다. 이 과정에서 선택과 책임을 마주하며 자신의 삶을 다시 바라본다. 범죄와 다큐멘터리의 요소를 결합해 이야기를 긴장감 있게 풀어낸 가상의 한국 영화.","제주도의 작은 해안마을을 배경으로, 택배 기사가 실종 사건의 단서가 된 노래를 해석하기 시작한다. 이 과정에서 선택과 책임을 마주하며 자신의 삶을 다시 바라본다. 범죄와 다큐멘터리의 요소를 결합해 이야기를 긴장감 있게 풀어낸 가상의 한국 영화. 범죄 다큐멘터리 기억 범죄 가족 성장"
100132,빛나는 편지에서 만난 사람 132,"강원도의 산골마을을 배경으로, 가족과 멀어진 의사가 서로 다른 목적을 가진 사람들과 뜻밖의 팀을 이룬다. 이 과정에서 지역 공동체을 마주하며 자신의 삶을 다시 바라본다. 애니메이션와 범죄의 요소를 결합해 이야기를 긴장감 있게 풀어낸 가상의 한국 영화.","[{""id"": 12, ""name"": ""애니메이션""}, {""id"": 7, ""name"": ""범죄""}]","[{""id"": 101, ""name"": ""가족""}, {""id"": 105, ""name"": ""제주""}, {""id"": 109, ""name"": ""로봇""}, {""id"": 113, ""name"": ""여행""}]",ko,2007-03-29,8.2,6027,39.957,91,False,False,"['애니메이션', '범죄']","['가족', '제주', '로봇', '여행']",애니메이션 범죄,가족 제주 로봇 여행,2007,"강원도의 산골마을을 배경으로, 가족과 멀어진 의사가 서로 다른 목적을 가진 사람들과 뜻밖의 팀을 이룬다. 이 과정에서 지역 공동체을 마주하며 자신의 삶을 다시 바라본다. 애니메이션와 범죄의 요소를 결합해 이야기를 긴장감 있게 풀어낸 가상의 한국 영화.","강원도의 산골마을을 배경으로, 가족과 멀어진 의사가 서로 다른 목적을 가진 사람들과 뜻밖의 팀을 이룬다. 이 과정에서 지역 공동체을 마주하며 자신의 삶을 다시 바라본다. 애니메이션와 범죄의 요소를 결합해 이야기를 긴장감 있게 풀어낸 가상의 한국 영화. 애니메이션 범죄 가족 제주 로봇 여행"
100133,흐린 시장의 밤 133,"전주의 한옥마을을 배경으로, 고향으로 돌아온 요리사가 마을 사람들만 알고 있는 비밀스러운 규칙을 알게 된다. 이 과정에서 기술과 인간성을 마주하며 자신의 삶을 다시 바라본다. 코미디와 역사의 요소를 결합해 이야기를 따뜻한 시선으로 풀어낸 가상의 한국 영화.","[{""id"": 2, ""name"": ""코미디""}, {""id"": 14, ""name"": ""역사""}]","[{""id"": 113, ""name"": ""여행""}, {""id"": 107, ""name"": ""바다""}, {""id"": 125, ""name"": ""탐정""}, {""id"": 114, ""name"": ""음악""}]",ko,2007-05-18,6.3,6164,32.62,104,False,False,"['코미디', '역사']","['여행', '바다', '탐정', '음악']",코미디 역사,여행 바다 탐정 음악,2007,"전주의 한옥마을을 배경으로, 고향으로 돌아온 요리사가 마을 사람들만 알고 있는 비밀스러운 규칙을 알게 된다. 이 과정에서 기술과 인간성을 마주하며 자신의 삶을 다시 바라본다. 코미디와 역사의 요소를 결합해 이야기를 따뜻한 시선으로 풀어낸 가상의 한국 영화.","전주의 한옥마을을 배경으로, 고향으로 돌아온 요리사가 마을 사람들만 알고 있는 비밀스러운 규칙을 알게 된다. 이 과정에서 기술과 인간성을 마주하며 자신의 삶을 다시 바라본다. 코미디와 역사의 요소를 결합해 이야기를 따뜻한 시선으로 풀어낸 가상의 한국 영화. 코미디 역사 여행 바다 탐정 음악"
100134,먼 달의 온도 134,"가상의 미래 도시을 배경으로, 택배 기사가 인공지능이 작성한 의문의 일기를 추적한다. 이 과정에서 기억과 정체성을 마주하며 자신의 삶을 다시 바라본다. 범죄와 액션의 요소를 결합해 이야기를 긴장감 있게 풀어낸 가상의 한국 영화.","[{""id"": 7, ""name"": ""범죄""}, {""id"": 6, ""name"": ""액션""}]","[{""id"": 117, ""name"": ""범죄""}, {""id"": 125, ""name"": ""탐정""}, {""id"": 104, ""name"": ""미스터리""}, {""id"": 105, ""name"": ""제주""}]",ko,2006-12-02,8.0,6301,36.15,117,False,False,"['범죄', '액션']","['범죄', '탐정', '미스터리', '제주']",범죄 액션,범죄 탐정 미스터리 제주,2006,"가상의 미래 도시을 배경으로, 택배 기사가 인공지능이 작성한 의문의 일기를 추적한다. 이 과정에서 기억과 정체성을 마주하며 자신의 삶을 다시 바라본다. 범죄와 액션의 요소를 결합해 이야기를 긴장감 있게 풀어낸 가상의 한국 영화.","가상의 미래 도시을 배경으로, 택배 기사가 인공지능이 작성한 의문의 일기를 추적한다. 이 과정에서 기억과 정체성을 마주하며 자신의 삶을 다시 바라본다. 범죄와 액션의 요소를 결합해 이야기를 긴장감 있게 풀어낸 가상의 한국 영화. 범죄 액션 범죄 탐정 미스터리 제주"
100135,작은 호텔 너머 135,"국경 근처의 작은 역을 배경으로, 가족과 멀어진 의사가 우연히 과거의 사건과 연결된 사진을 발견한다. 이 과정에서 우정과 신뢰을 마주하며 자신의 삶을 다시 바라본다. 애니메이션와 음악의 요소를 결합해 이야기를 긴장감 있게 풀어낸 가상의 한국 영화.","[{""id"": 12, ""name"": ""애니메이션""}, {""id"": 13, ""name"": ""음악""}]","[{""id"": 101, ""name"": ""가족""}, {""id"": 120, ""name"": ""언론""}, {""id"": 118, ""name"": ""미래""}, {""id"": 116, ""name"": ""학교""}]",ko,2007-01-21,6.1,6438,30.322,130,False,False,"['애니메이션', '음악']","['가족', '언론', '미래', '학교']",애니메이션 음악,가족 언론 미래 학교,2007,"국경 근처의 작은 역을 배경으로, 가족과 멀어진 의사가 우연히 과거의 사건과 연결된 사진을 발견한다. 이 과정에서 우정과 신뢰을 마주하며 자신의 삶을 다시 바라본다. 애니메이션와 음악의 요소를 결합해 이야기를 긴장감 있게 풀어낸 가상의 한국 영화.","국경 근처의 작은 역을 배경으로, 가족과 멀어진 의사가 우연히 과거의 사건과 연결된 사진을 발견한다. 이 과정에서 우정과 신뢰을 마주하며 자신의 삶을 다시 바라본다. 애니메이션와 음악의 요소를 결합해 이야기를 긴장감 있게 풀어낸 가상의 한국 영화. 애니메이션 음악 가족 언론 미래 학교"
100136,오래된 거울의 비밀 136,"부산항 인근을 배경으로, 고향으로 돌아온 요리사가 가족이 숨겨온 오래된 약속의 의미를 알게 된다. 이 과정에서 가족의 의미을 마주하며 자신의 삶을 다시 바라본다. 코미디와 미스터리의 요소를 결합해 이야기를 따뜻한 시선으로 풀어낸 가상의 한국 영화.","[{""id"": 2, ""name"": ""코미디""}, {""id"": 5, ""name"": ""미스터리""}]","[{""id"": 109, ""name"": ""로봇""}, {""id"": 111, ""name"": ""성장""}, {""id"": 117, ""name"": ""범죄""}, {""id"": 112, ""name"": ""사랑""}]",ko,2007-03-12,7.6,6575,23.932,78,False,False,"['코미디', '미스터리']","['로봇', '성장', '범죄', '사랑']",코미디 미스터리,로봇 성장 범죄 사랑,2007,"부산항 인근을 배경으로, 고향으로 돌아온 요리사가 가족이 숨겨온 오래된 약속의 의미를 알게 된다. 이 과정에서 가족의 의미을 마주하며 자신의 삶을 다시 바라본다. 코미디와 미스터리의 요소를 결합해 이야기를 따뜻한 시선으로 풀어낸 가상의 한국 영화.","부산항 인근을 배경으로, 고향으로 돌아온 요리사가 가족이 숨겨온 오래된 약속의 의미를 알게 된다. 이 과정에서 가족의 의미을 마주하며 자신의 삶을 다시 바라본다. 코미디와 미스터리의 요소를 결합해 이야기를 따뜻한 시선으로 풀어낸 가상의 한국 영화. 코미디 미스터리 로봇 성장 범죄 사랑"
100137,새로운 등대로 가는 길 137,"인천의 낡은 공단을 배경으로, 택배 기사가 폐쇄 예정인 공간을 지키기 위한 계획을 세운다. 이 과정에서 상실과 회복을 마주하며 자신의 삶을 다시 바라본다. 범죄와 애니메이션의 요소를 결합해 이야기를 긴장감 있게 풀어낸 가상의 한국 영화.","[{""id"": 7, ""name"": ""범죄""}, {""id"": 12, ""name"": ""애니메이션""}]","[{""id"": 105, ""name"": ""제주""}, {""id"": 113, ""name"": ""여행""}, {""id"": 117, ""name"": ""범죄""}, {""id"": 121, ""name"": ""가짜뉴스""}]",ko,2007-05-01,5.7,6712,25.322,91,False,False,"['범죄', '애니메이션']","['제주', '여행', '범죄', '가짜뉴스']",범죄 애니메이션,제주 여행 범죄 가짜뉴스,2007,"인천의 낡은 공단을 배경으로, 택배 기사가 폐쇄 예정인 공간을 지키기 위한 계획을 세운다. 이 과정에서 상실과 회복을 마주하며 자신의 삶을 다시 바라본다. 범죄와 애니메이션의 요소를 결합해 이야기를 긴장감 있게 풀어낸 가상의 한국 영화.","인천의 낡은 공단을 배경으로, 택배 기사가 폐쇄 예정인 공간을 지키기 위한 계획을 세운다. 이 과정에서 상실과 회복을 마주하며 자신의 삶을 다시 바라본다. 범죄와 애니메이션의 요소를 결합해 이야기를 긴장감 있게 풀어낸 가상의 한국 영화. 범죄 애니메이션 제주 여행 범죄 가짜뉴스"
100138,달빛 아래 기억과 우리 138,"광주의 대학가을 배경으로, 가족과 멀어진 의사가 수십 년 전 사라진 편지 한 통을 발견한다. 이 과정에서 도전과 성장을 마주하며 자신의 삶을 다시 바라본다. 애니메이션와 스릴러의 요소를 결합해 이야기를 긴장감 있게 풀어낸 가상의 한국 영화.","[{""id"": 12, ""name"": ""애니메이션""}, {""id"": 4, ""name"": ""스릴러""}]","[{""id"": 105, ""name"": ""제주""}, {""id"": 120, ""name"": ""언론""}, {""id"": 123, ""name"": ""역사""}, {""id"": 114, ""name"": ""음악""}]",ko,2007-06-20,7.5,6849,38.987,104,False,False,"['애니메이션', '스릴러']","['제주', '언론', '역사', '음악']",애니메이션 스릴러,제주 언론 역사 음악,2007,"광주의 대학가을 배경으로, 가족과 멀어진 의사가 수십 년 전 사라진 편지 한 통을 발견한다. 이 과정에서 도전과 성장을 마주하며 자신의 삶을 다시 바라본다. 애니메이션와 스릴러의 요소를 결합해 이야기를 긴장감 있게 풀어낸 가상의 한국 영화.","광주의 대학가을 배경으로, 가족과 멀어진 의사가 수십 년 전 사라진 편지 한 통을 발견한다. 이 과정에서 도전과 성장을 마주하며 자신의 삶을 다시 바라본다. 애니메이션와 스릴러의 요소를 결합해 이야기를 긴장감 있게 풀어낸 가상의 한국 영화. 애니메이션 스릴러 제주 언론 역사 음악"
100139,바람 속 정원에게 139,"외딴 섬을 배경으로, 고향으로 돌아온 요리사가 가짜 뉴스로 인해 무너진 관계를 회복하려 한다. 이 과정에서 진실과 거짓을 마주하며 자신의 삶을 다시 바라본다. 코미디와 모험의 요소를 결합해 이야기를 따뜻한 시선으로 풀어낸 가상의 한국 영화.","[{""id"": 2, ""name"": ""코미디""}, {""id"": 11, ""name"": ""모험""}]","[{""id"": 103, ""name"": ""기억""}, {""id"": 114, ""name"": ""음악""}, {""id"": 101, ""name"": ""가족""}, {""id"": 112, ""name"": ""사랑""}]",ko,2007-08-09,5.6,6986,34.757,117,False,False,"['코미디', '모험']","['기억', '음악', '가족', '사랑']",코미디 모험,기억 음악 가족 사랑,2007,"외딴 섬을 배경으로, 고향으로 돌아온 요리사가 가짜 뉴스로 인해 무너진 관계를 회복하려 한다. 이 과정에서 진실과 거짓을 마주하며 자신의 삶을 다시 바라본다. 코미디와 모험의 요소를 결합해 이야기를 따뜻한 시선으로 풀어낸 가상의 한국 영화.","외딴 섬을 배경으로, 고향으로 돌아온 요리사가 가짜 뉴스로 인해 무너진 관계를 회복하려 한다. 이 과정에서 진실과 거짓을 마주하며 자신의 삶을 다시 바라본다. 코미디와 모험의 요소를 결합해 이야기를 따뜻한 시선으로 풀어낸 가상의 한국 영화. 코미디 모험 기억 음악 가족 사랑"
100140,비 오는 날 그림자 140,"서울의 오래된 골목을 배경으로, 택배 기사가 정체를 알 수 없는 음성 메시지를 매일 받기 시작한다. 이 과정에서 환경과 공존을 마주하며 자신의 삶을 다시 바라본다. 범죄와 로맨스의 요소를 결합해 이야기를 긴장감 있게 풀어낸 가상의 한국 영화.","[{""id"": 7, ""name"": ""범죄""}, {""id"": 3, ""name"": ""로맨스""}]","[{""id"": 116, ""name"": ""학교""}, {""id"": 101, ""name"": ""가족""}, {""id"": 121, ""name"": ""가짜뉴스""}, {""id"": 114, ""name"": ""음악""}]",ko,2007-09-28,7.4,7123,24.136,130,False,False,"['범죄', '로맨스']","['학교', '가족', '가짜뉴스', '음악']",범죄 로맨스,학교 가족 가짜뉴스 음악,2007,"서울의 오래된 골목을 배경으로, 택배 기사가 정체를 알 수 없는 음성 메시지를 매일 받기 시작한다. 이 과정에서 환경과 공존을 마주하며 자신의 삶을 다시 바라본다. 범죄와 로맨스의 요소를 결합해 이야기를 긴장감 있게 풀어낸 가상의 한국 영화.","서울의 오래된 골목을 배경으로, 택배 기사가 정체를 알 수 없는 음성 메시지를 매일 받기 시작한다. 이 과정에서 환경과 공존을 마주하며 자신의 삶을 다시 바라본다. 범죄와 로맨스의 요소를 결합해 이야기를 긴장감 있게 풀어낸 가상의 한국 영화. 범죄 로맨스 학교 가족 가짜뉴스 음악"
100141,제주의 연구소의 끝 141,"한강변을 배경으로, 가족과 멀어진 의사가 도시 전체의 전력이 사라진 밤에 중요한 선택을 한다. 이 과정에서 세대 간 갈등을 마주하며 자신의 삶을 다시 바라본다. 애니메이션와 SF의 요소를 결합해 이야기를 긴장감 있게 풀어낸 가상의 한국 영화.","[{""id"": 12, ""name"": ""애니메이션""}, {""id"": 10, ""name"": ""SF""}]","[{""id"": 118, ""name"": ""미래""}, {""id"": 117, ""name"": ""범죄""}, {""id"": 125, ""name"": ""탐정""}, {""id"": 120, ""name"": ""언론""}]",ko,2007-04-14,5.5,7260,36.321,78,False,False,"['애니메이션', 'SF']","['미래', '범죄', '탐정', '언론']",애니메이션 SF,미래 범죄 탐정 언론,2007,"한강변을 배경으로, 가족과 멀어진 의사가 도시 전체의 전력이 사라진 밤에 중요한 선택을 한다. 이 과정에서 세대 간 갈등을 마주하며 자신의 삶을 다시 바라본다. 애니메이션와 SF의 요소를 결합해 이야기를 긴장감 있게 풀어낸 가상의 한국 영화.","한강변을 배경으로, 가족과 멀어진 의사가 도시 전체의 전력이 사라진 밤에 중요한 선택을 한다. 이 과정에서 세대 간 갈등을 마주하며 자신의 삶을 다시 바라본다. 애니메이션와 SF의 요소를 결합해 이야기를 긴장감 있게 풀어낸 가상의 한국 영화. 애니메이션 SF 미래 범죄 탐정 언론"
100142,서울의 지도의 선택 142,"대구의 오래된 극장을 배경으로, 고향으로 돌아온 요리사가 하루가 반복되는 이상한 현상을 겪는다. 이 과정에서 사랑과 이별을 마주하며 자신의 삶을 다시 바라본다. 코미디와 미스터리의 요소를 결합해 이야기를 따뜻한 시선으로 풀어낸 가상의 한국 영화.","[{""id"": 2, ""name"": ""코미디""}, {""id"": 5, ""name"": ""미스터리""}]","[{""id"": 111, ""name"": ""성장""}, {""id"": 105, ""name"": ""제주""}, {""id"": 118, ""name"": ""미래""}, {""id"": 117, ""name"": ""범죄""}]",ko,2007-06-03,7.0,7397,37.727,91,False,False,"['코미디', '미스터리']","['성장', '제주', '미래', '범죄']",코미디 미스터리,성장 제주 미래 범죄,2007,"대구의 오래된 극장을 배경으로, 고향으로 돌아온 요리사가 하루가 반복되는 이상한 현상을 겪는다. 이 과정에서 사랑과 이별을 마주하며 자신의 삶을 다시 바라본다. 코미디와 미스터리의 요소를 결합해 이야기를 따뜻한 시선으로 풀어낸 가상의 한국 영화.","대구의 오래된 극장을 배경으로, 고향으로 돌아온 요리사가 하루가 반복되는 이상한 현상을 겪는다. 이 과정에서 사랑과 이별을 마주하며 자신의 삶을 다시 바라본다. 코미디와 미스터리의 요소를 결합해 이야기를 따뜻한 시선으로 풀어낸 가상의 한국 영화. 코미디 미스터리 성장 제주 미래 범죄"
100143,부산의 강을 기다리며 143,"달 기지을 배경으로, 택배 기사가 실종 사건의 단서가 된 노래를 해석하기 시작한다. 이 과정에서 선택과 책임을 마주하며 자신의 삶을 다시 바라본다. 범죄와 판타지의 요소를 결합해 이야기를 긴장감 있게 풀어낸 가상의 한국 영화.","[{""id"": 7, ""name"": ""범죄""}, {""id"": 9, ""name"": ""판타지""}]","[{""id"": 114, ""name"": ""음악""}, {""id"": 123, ""name"": ""역사""}, {""id"": 102, ""name"": ""우정""}, {""id"": 121, ""name"": ""가짜뉴스""}]",ko,2007-07-23,5.3,7534,37.868,104,False,False,"['범죄', '판타지']","['음악', '역사', '우정', '가짜뉴스']",범죄 판타지,음악 역사 우정 가짜뉴스,2007,"달 기지을 배경으로, 택배 기사가 실종 사건의 단서가 된 노래를 해석하기 시작한다. 이 과정에서 선택과 책임을 마주하며 자신의 삶을 다시 바라본다. 범죄와 판타지의 요소를 결합해 이야기를 긴장감 있게 풀어낸 가상의 한국 영화.","달 기지을 배경으로, 택배 기사가 실종 사건의 단서가 된 노래를 해석하기 시작한다. 이 과정에서 선택과 책임을 마주하며 자신의 삶을 다시 바라본다. 범죄와 판타지의 요소를 결합해 이야기를 긴장감 있게 풀어낸 가상의 한국 영화. 범죄 판타지 음악 역사 우정 가짜뉴스"
100144,한강의 정거장의 계절 144,"제주도의 작은 해안마을을 배경으로, 가족과 멀어진 의사가 서로 다른 목적을 가진 사람들과 뜻밖의 팀을 이룬다. 이 과정에서 지역 공동체을 마주하며 자신의 삶을 다시 바라본다. 애니메이션와 드라마의 요소를 결합해 이야기를 긴장감 있게 풀어낸 가상의 한국 영화.","[{""id"": 12, ""name"": ""애니메이션""}, {""id"": 1, ""name"": ""드라마""}]","[{""id"": 108, ""name"": ""인공지능""}, {""id"": 103, ""name"": ""기억""}, {""id"": 125, ""name"": ""탐정""}, {""id"": 107, ""name"": ""바다""}]",ko,2007-09-11,7.0,7671,24.399,117,False,False,"['애니메이션', '드라마']","['인공지능', '기억', '탐정', '바다']",애니메이션 드라마,인공지능 기억 탐정 바다,2007,"제주도의 작은 해안마을을 배경으로, 가족과 멀어진 의사가 서로 다른 목적을 가진 사람들과 뜻밖의 팀을 이룬다. 이 과정에서 지역 공동체을 마주하며 자신의 삶을 다시 바라본다. 애니메이션와 드라마의 요소를 결합해 이야기를 긴장감 있게 풀어낸 가상의 한국 영화.","제주도의 작은 해안마을을 배경으로, 가족과 멀어진 의사가 서로 다른 목적을 가진 사람들과 뜻밖의 팀을 이룬다. 이 과정에서 지역 공동체을 마주하며 자신의 삶을 다시 바라본다. 애니메이션와 드라마의 요소를 결합해 이야기를 긴장감 있게 풀어낸 가상의 한국 영화. 애니메이션 드라마 인공지능 기억 탐정 바다"
100145,새벽의 숲의 기록 145,"강원도의 산골마을을 배경으로, 고향으로 돌아온 요리사가 마을 사람들만 알고 있는 비밀스러운 규칙을 알게 된다. 이 과정에서 기술과 인간성을 마주하며 자신의 삶을 다시 바라본다. 코미디와 가족의 요소를 결합해 이야기를 따뜻한 시선으로 풀어낸 가상의 한국 영화.","[{""id"": 2, ""name"": ""코미디""}, {""id"": 8, ""name"": ""가족""}]","[{""id"": 112, ""name"": ""사랑""}, {""id"": 118, ""name"": ""미래""}, {""id"": 121, ""name"": ""가짜뉴스""}, {""id"": 102, ""name"": ""우정""}]",ko,2007-10-31,5.0,7808,34.841,130,False,False,"['코미디', '가족']","['사랑', '미래', '가짜뉴스', '우정']",코미디 가족,사랑 미래 가짜뉴스 우정,2007,"강원도의 산골마을을 배경으로, 고향으로 돌아온 요리사가 마을 사람들만 알고 있는 비밀스러운 규칙을 알게 된다. 이 과정에서 기술과 인간성을 마주하며 자신의 삶을 다시 바라본다. 코미디와 가족의 요소를 결합해 이야기를 따뜻한 시선으로 풀어낸 가상의 한국 영화.","강원도의 산골마을을 배경으로, 고향으로 돌아온 요리사가 마을 사람들만 알고 있는 비밀스러운 규칙을 알게 된다. 이 과정에서 기술과 인간성을 마주하며 자신의 삶을 다시 바라본다. 코미디와 가족의 요소를 결합해 이야기를 따뜻한 시선으로 풀어낸 가상의 한국 영화. 코미디 가족 사랑 미래 가짜뉴스 우정"
100146,겨울의 사진의 하루 146,"전주의 한옥마을을 배경으로, 택배 기사가 인공지능이 작성한 의문의 일기를 추적한다. 이 과정에서 기억과 정체성을 마주하며 자신의 삶을 다시 바라본다. 범죄와 다큐멘터리의 요소를 결합해 이야기를 긴장감 있게 풀어낸 가상의 한국 영화.","[{""id"": 7, ""name"": ""범죄""}, {""id"": 15, ""name"": ""다큐멘터리""}]","[{""id"": 105, ""name"": ""제주""}, {""id"": 109, ""name"": ""로봇""}, {""id"": 112, ""name"": ""사랑""}, {""id"": 114, ""name"": ""음악""}]",ko,2007-12-20,6.8,7945,36.602,78,False,False,"['범죄', '다큐멘터리']","['제주', '로봇', '사랑', '음악']",범죄 다큐멘터리,제주 로봇 사랑 음악,2007,"전주의 한옥마을을 배경으로, 택배 기사가 인공지능이 작성한 의문의 일기를 추적한다. 이 과정에서 기억과 정체성을 마주하며 자신의 삶을 다시 바라본다. 범죄와 다큐멘터리의 요소를 결합해 이야기를 긴장감 있게 풀어낸 가상의 한국 영화.","전주의 한옥마을을 배경으로, 택배 기사가 인공지능이 작성한 의문의 일기를 추적한다. 이 과정에서 기억과 정체성을 마주하며 자신의 삶을 다시 바라본다. 범죄와 다큐멘터리의 요소를 결합해 이야기를 긴장감 있게 풀어낸 가상의 한국 영화. 범죄 다큐멘터리 제주 로봇 사랑 음악"
100147,여름의 로봇에서 만난 사람 147,"가상의 미래 도시을 배경으로, 가족과 멀어진 의사가 우연히 과거의 사건과 연결된 사진을 발견한다. 이 과정에서 우정과 신뢰을 마주하며 자신의 삶을 다시 바라본다. 애니메이션와 범죄의 요소를 결합해 이야기를 긴장감 있게 풀어낸 가상의 한국 영화.","[{""id"": 12, ""name"": ""애니메이션""}, {""id"": 7, ""name"": ""범죄""}]","[{""id"": 121, ""name"": ""가짜뉴스""}, {""id"": 116, ""name"": ""학교""}, {""id"": 118, ""name"": ""미래""}, {""id"": 125, ""name"": ""탐정""}]",ko,2008-02-08,8.4,8082,30.146,91,False,False,"['애니메이션', '범죄']","['가짜뉴스', '학교', '미래', '탐정']",애니메이션 범죄,가짜뉴스 학교 미래 탐정,2008,"가상의 미래 도시을 배경으로, 가족과 멀어진 의사가 우연히 과거의 사건과 연결된 사진을 발견한다. 이 과정에서 우정과 신뢰을 마주하며 자신의 삶을 다시 바라본다. 애니메이션와 범죄의 요소를 결합해 이야기를 긴장감 있게 풀어낸 가상의 한국 영화.","가상의 미래 도시을 배경으로, 가족과 멀어진 의사가 우연히 과거의 사건과 연결된 사진을 발견한다. 이 과정에서 우정과 신뢰을 마주하며 자신의 삶을 다시 바라본다. 애니메이션와 범죄의 요소를 결합해 이야기를 긴장감 있게 풀어낸 가상의 한국 영화. 애니메이션 범죄 가짜뉴스 학교 미래 탐정"
100148,봄날의 신호의 밤 148,"국경 근처의 작은 역을 배경으로, 고향으로 돌아온 요리사가 가족이 숨겨온 오래된 약속의 의미를 알게 된다. 이 과정에서 가족의 의미을 마주하며 자신의 삶을 다시 바라본다. 코미디와 역사의 요소를 결합해 이야기를 따뜻한 시선으로 풀어낸 가상의 한국 영화.","[{""id"": 2, ""name"": ""코미디""}, {""id"": 14, ""name"": ""역사""}]","[{""id"": 105, ""name"": ""제주""}, {""id"": 109, ""name"": ""로봇""}, {""id"": 119, ""name"": ""환경""}, {""id"": 114, ""name"": ""음악""}]",ko,2007-08-25,6.6,8219,36.359,104,False,False,"['코미디', '역사']","['제주', '로봇', '환경', '음악']",코미디 역사,제주 로봇 환경 음악,2007,"국경 근처의 작은 역을 배경으로, 고향으로 돌아온 요리사가 가족이 숨겨온 오래된 약속의 의미를 알게 된다. 이 과정에서 가족의 의미을 마주하며 자신의 삶을 다시 바라본다. 코미디와 역사의 요소를 결합해 이야기를 따뜻한 시선으로 풀어낸 가상의 한국 영화.","국경 근처의 작은 역을 배경으로, 고향으로 돌아온 요리사가 가족이 숨겨온 오래된 약속의 의미를 알게 된다. 이 과정에서 가족의 의미을 마주하며 자신의 삶을 다시 바라본다. 코미디와 역사의 요소를 결합해 이야기를 따뜻한 시선으로 풀어낸 가상의 한국 영화. 코미디 역사 제주 로봇 환경 음악"
100149,가을의 불꽃의 온도 149,"부산항 인근을 배경으로, 택배 기사가 폐쇄 예정인 공간을 지키기 위한 계획을 세운다. 이 과정에서 상실과 회복을 마주하며 자신의 삶을 다시 바라본다. 범죄와 액션의 요소를 결합해 이야기를 긴장감 있게 풀어낸 가상의 한국 영화.","[{""id"": 7, ""name"": ""범죄""}, {""id"": 6, ""name"": ""액션""}]","[{""id"": 117, ""name"": ""범죄""}, {""id"": 107, ""name"": ""바다""}, {""id"": 108, ""name"": ""인공지능""}, {""id"": 120, ""name"": ""언론""}]",ko,2007-10-14,8.2,8356,33.494,117,False,False,"['범죄', '액션']","['범죄', '바다', '인공지능', '언론']",범죄 액션,범죄 바다 인공지능 언론,2007,"부산항 인근을 배경으로, 택배 기사가 폐쇄 예정인 공간을 지키기 위한 계획을 세운다. 이 과정에서 상실과 회복을 마주하며 자신의 삶을 다시 바라본다. 범죄와 액션의 요소를 결합해 이야기를 긴장감 있게 풀어낸 가상의 한국 영화.","부산항 인근을 배경으로, 택배 기사가 폐쇄 예정인 공간을 지키기 위한 계획을 세운다. 이 과정에서 상실과 회복을 마주하며 자신의 삶을 다시 바라본다. 범죄와 액션의 요소를 결합해 이야기를 긴장감 있게 풀어낸 가상의 한국 영화. 범죄 액션 범죄 바다 인공지능 언론"
100150,푸른 도서관 너머 150,"인천의 낡은 공단을 배경으로, 가족과 멀어진 의사가 수십 년 전 사라진 편지 한 통을 발견한다. 이 과정에서 도전과 성장을 마주하며 자신의 삶을 다시 바라본다. 애니메이션와 음악의 요소를 결합해 이야기를 긴장감 있게 풀어낸 가상의 한국 영화.","[{""id"": 12, ""name"": ""애니메이션""}, {""id"": 13, ""name"": ""음악""}]","[{""id"": 125, ""name"": ""탐정""}, {""id"": 103, ""name"": ""기억""}, {""id"": 102, ""name"": ""우정""}, {""id"": 119, ""name"": ""환경""}]",ko,2007-12-03,6.4,8493,28.07,130,False,False,"['애니메이션', '음악']","['탐정', '기억', '우정', '환경']",애니메이션 음악,탐정 기억 우정 환경,2007,"인천의 낡은 공단을 배경으로, 가족과 멀어진 의사가 수십 년 전 사라진 편지 한 통을 발견한다. 이 과정에서 도전과 성장을 마주하며 자신의 삶을 다시 바라본다. 애니메이션와 음악의 요소를 결합해 이야기를 긴장감 있게 풀어낸 가상의 한국 영화.","인천의 낡은 공단을 배경으로, 가족과 멀어진 의사가 수십 년 전 사라진 편지 한 통을 발견한다. 이 과정에서 도전과 성장을 마주하며 자신의 삶을 다시 바라본다. 애니메이션와 음악의 요소를 결합해 이야기를 긴장감 있게 풀어낸 가상의 한국 영화. 애니메이션 음악 탐정 기억 우정 환경"
100151,붉은 별의 비밀 151,"광주의 대학가을 배경으로, 고향으로 돌아온 요리사가 가짜 뉴스로 인해 무너진 관계를 회복하려 한다. 이 과정에서 진실과 거짓을 마주하며 자신의 삶을 다시 바라본다. 코미디와 미스터리의 요소를 결합해 이야기를 따뜻한 시선으로 풀어낸 가상의 한국 영화.","[{""id"": 2, ""name"": ""코미디""}, {""id"": 5, ""name"": ""미스터리""}]","[{""id"": 125, ""name"": ""탐정""}, {""id"": 120, ""name"": ""언론""}, {""id"": 124, ""name"": ""시간여행""}, {""id"": 119, ""name"": ""환경""}]",ko,2008-01-22,7.9,8630,27.846,78,False,False,"['코미디', '미스터리']","['탐정', '언론', '시간여행', '환경']",코미디 미스터리,탐정 언론 시간여행 환경,2008,"광주의 대학가을 배경으로, 고향으로 돌아온 요리사가 가짜 뉴스로 인해 무너진 관계를 회복하려 한다. 이 과정에서 진실과 거짓을 마주하며 자신의 삶을 다시 바라본다. 코미디와 미스터리의 요소를 결합해 이야기를 따뜻한 시선으로 풀어낸 가상의 한국 영화.","광주의 대학가을 배경으로, 고향으로 돌아온 요리사가 가짜 뉴스로 인해 무너진 관계를 회복하려 한다. 이 과정에서 진실과 거짓을 마주하며 자신의 삶을 다시 바라본다. 코미디와 미스터리의 요소를 결합해 이야기를 따뜻한 시선으로 풀어낸 가상의 한국 영화. 코미디 미스터리 탐정 언론 시간여행 환경"
100152,검은 식당로 가는 길 152,"외딴 섬을 배경으로, 택배 기사가 정체를 알 수 없는 음성 메시지를 매일 받기 시작한다. 이 과정에서 환경과 공존을 마주하며 자신의 삶을 다시 바라본다. 범죄와 애니메이션의 요소를 결합해 이야기를 긴장감 있게 풀어낸 가상의 한국 영화.","[{""id"": 7, ""name"": ""범죄""}, {""id"": 12, ""name"": ""애니메이션""}]","[{""id"": 105, ""name"": ""제주""}, {""id"": 108, ""name"": ""인공지능""}, {""id"": 109, ""name"": ""로봇""}, {""id"": 106, ""name"": ""서울""}]",ko,2008-03-12,6.0,8767,30.65,91,False,False,"['범죄', '애니메이션']","['제주', '인공지능', '로봇', '서울']",범죄 애니메이션,제주 인공지능 로봇 서울,2008,"외딴 섬을 배경으로, 택배 기사가 정체를 알 수 없는 음성 메시지를 매일 받기 시작한다. 이 과정에서 환경과 공존을 마주하며 자신의 삶을 다시 바라본다. 범죄와 애니메이션의 요소를 결합해 이야기를 긴장감 있게 풀어낸 가상의 한국 영화.","외딴 섬을 배경으로, 택배 기사가 정체를 알 수 없는 음성 메시지를 매일 받기 시작한다. 이 과정에서 환경과 공존을 마주하며 자신의 삶을 다시 바라본다. 범죄와 애니메이션의 요소를 결합해 이야기를 긴장감 있게 풀어낸 가상의 한국 영화. 범죄 애니메이션 제주 인공지능 로봇 서울"
100153,하얀 비행과 우리 153,"서울의 오래된 골목을 배경으로, 가족과 멀어진 의사가 도시 전체의 전력이 사라진 밤에 중요한 선택을 한다. 이 과정에서 세대 간 갈등을 마주하며 자신의 삶을 다시 바라본다. 애니메이션와 스릴러의 요소를 결합해 이야기를 긴장감 있게 풀어낸 가상의 한국 영화.","[{""id"": 12, ""name"": ""애니메이션""}, {""id"": 4, ""name"": ""스릴러""}]","[{""id"": 109, ""name"": ""로봇""}, {""id"": 121, ""name"": ""가짜뉴스""}, {""id"": 119, ""name"": ""환경""}, {""id"": 107, ""name"": ""바다""}]",ko,2008-05-01,7.9,8904,24.865,104,False,False,"['애니메이션', '스릴러']","['로봇', '가짜뉴스', '환경', '바다']",애니메이션 스릴러,로봇 가짜뉴스 환경 바다,2008,"서울의 오래된 골목을 배경으로, 가족과 멀어진 의사가 도시 전체의 전력이 사라진 밤에 중요한 선택을 한다. 이 과정에서 세대 간 갈등을 마주하며 자신의 삶을 다시 바라본다. 애니메이션와 스릴러의 요소를 결합해 이야기를 긴장감 있게 풀어낸 가상의 한국 영화.","서울의 오래된 골목을 배경으로, 가족과 멀어진 의사가 도시 전체의 전력이 사라진 밤에 중요한 선택을 한다. 이 과정에서 세대 간 갈등을 마주하며 자신의 삶을 다시 바라본다. 애니메이션와 스릴러의 요소를 결합해 이야기를 긴장감 있게 풀어낸 가상의 한국 영화. 애니메이션 스릴러 로봇 가짜뉴스 환경 바다"
100154,마지막 터널에게 154,"한강변을 배경으로, 고향으로 돌아온 요리사가 하루가 반복되는 이상한 현상을 겪는다. 이 과정에서 사랑과 이별을 마주하며 자신의 삶을 다시 바라본다. 코미디와 모험의 요소를 결합해 이야기를 따뜻한 시선으로 풀어낸 가상의 한국 영화.","[{""id"": 2, ""name"": ""코미디""}, {""id"": 11, ""name"": ""모험""}]","[{""id"": 106, ""name"": ""서울""}, {""id"": 110, ""name"": ""추적""}, {""id"": 107, ""name"": ""바다""}, {""id"": 113, ""name"": ""여행""}]",ko,2008-06-20,5.9,9041,35.674,117,False,False,"['코미디', '모험']","['서울', '추적', '바다', '여행']",코미디 모험,서울 추적 바다 여행,2008,"한강변을 배경으로, 고향으로 돌아온 요리사가 하루가 반복되는 이상한 현상을 겪는다. 이 과정에서 사랑과 이별을 마주하며 자신의 삶을 다시 바라본다. 코미디와 모험의 요소를 결합해 이야기를 따뜻한 시선으로 풀어낸 가상의 한국 영화.","한강변을 배경으로, 고향으로 돌아온 요리사가 하루가 반복되는 이상한 현상을 겪는다. 이 과정에서 사랑과 이별을 마주하며 자신의 삶을 다시 바라본다. 코미디와 모험의 요소를 결합해 이야기를 따뜻한 시선으로 풀어낸 가상의 한국 영화. 코미디 모험 서울 추적 바다 여행"
100155,첫 번째 약속 155,"대구의 오래된 극장을 배경으로, 택배 기사가 실종 사건의 단서가 된 노래를 해석하기 시작한다. 이 과정에서 선택과 책임을 마주하며 자신의 삶을 다시 바라본다. 범죄와 로맨스의 요소를 결합해 이야기를 긴장감 있게 풀어낸 가상의 한국 영화.","[{""id"": 7, ""name"": ""범죄""}, {""id"": 3, ""name"": ""로맨스""}]","[{""id"": 102, ""name"": ""우정""}, {""id"": 110, ""name"": ""추적""}, {""id"": 101, ""name"": ""가족""}, {""id"": 123, ""name"": ""역사""}]",ko,2008-01-05,7.5,9178,26.798,130,False,False,"['범죄', '로맨스']","['우정', '추적', '가족', '역사']",범죄 로맨스,우정 추적 가족 역사,2008,"대구의 오래된 극장을 배경으로, 택배 기사가 실종 사건의 단서가 된 노래를 해석하기 시작한다. 이 과정에서 선택과 책임을 마주하며 자신의 삶을 다시 바라본다. 범죄와 로맨스의 요소를 결합해 이야기를 긴장감 있게 풀어낸 가상의 한국 영화.","대구의 오래된 극장을 배경으로, 택배 기사가 실종 사건의 단서가 된 노래를 해석하기 시작한다. 이 과정에서 선택과 책임을 마주하며 자신의 삶을 다시 바라본다. 범죄와 로맨스의 요소를 결합해 이야기를 긴장감 있게 풀어낸 가상의 한국 영화. 범죄 로맨스 우정 추적 가족 역사"
100156,낯선 극장의 끝 156,"달 기지을 배경으로, 가족과 멀어진 의사가 서로 다른 목적을 가진 사람들과 뜻밖의 팀을 이룬다. 이 과정에서 지역 공동체을 마주하며 자신의 삶을 다시 바라본다. 애니메이션와 SF의 요소를 결합해 이야기를 긴장감 있게 풀어낸 가상의 한국 영화.","[{""id"": 12, ""name"": ""애니메이션""}, {""id"": 10, ""name"": ""SF""}]","[{""id"": 123, ""name"": ""역사""}, {""id"": 124, ""name"": ""시간여행""}, {""id"": 121, ""name"": ""가짜뉴스""}, {""id"": 125, ""name"": ""탐정""}]",ko,2008-02-24,5.6,9315,41.722,78,False,False,"['애니메이션', 'SF']","['역사', '시간여행', '가짜뉴스', '탐정']",애니메이션 SF,역사 시간여행 가짜뉴스 탐정,2008,"달 기지을 배경으로, 가족과 멀어진 의사가 서로 다른 목적을 가진 사람들과 뜻밖의 팀을 이룬다. 이 과정에서 지역 공동체을 마주하며 자신의 삶을 다시 바라본다. 애니메이션와 SF의 요소를 결합해 이야기를 긴장감 있게 풀어낸 가상의 한국 영화.","달 기지을 배경으로, 가족과 멀어진 의사가 서로 다른 목적을 가진 사람들과 뜻밖의 팀을 이룬다. 이 과정에서 지역 공동체을 마주하며 자신의 삶을 다시 바라본다. 애니메이션와 SF의 요소를 결합해 이야기를 긴장감 있게 풀어낸 가상의 한국 영화. 애니메이션 SF 역사 시간여행 가짜뉴스 탐정"
100157,잊힌 시간의 선택 157,"제주도의 작은 해안마을을 배경으로, 고향으로 돌아온 요리사가 마을 사람들만 알고 있는 비밀스러운 규칙을 알게 된다. 이 과정에서 기술과 인간성을 마주하며 자신의 삶을 다시 바라본다. 코미디와 미스터리의 요소를 결합해 이야기를 따뜻한 시선으로 풀어낸 가상의 한국 영화.","[{""id"": 2, ""name"": ""코미디""}, {""id"": 5, ""name"": ""미스터리""}]","[{""id"": 122, ""name"": ""공동체""}, {""id"": 102, ""name"": ""우정""}, {""id"": 124, ""name"": ""시간여행""}, {""id"": 116, ""name"": ""학교""}]",ko,2008-04-14,7.5,9452,34.241,91,False,False,"['코미디', '미스터리']","['공동체', '우정', '시간여행', '학교']",코미디 미스터리,공동체 우정 시간여행 학교,2008,"제주도의 작은 해안마을을 배경으로, 고향으로 돌아온 요리사가 마을 사람들만 알고 있는 비밀스러운 규칙을 알게 된다. 이 과정에서 기술과 인간성을 마주하며 자신의 삶을 다시 바라본다. 코미디와 미스터리의 요소를 결합해 이야기를 따뜻한 시선으로 풀어낸 가상의 한국 영화.","제주도의 작은 해안마을을 배경으로, 고향으로 돌아온 요리사가 마을 사람들만 알고 있는 비밀스러운 규칙을 알게 된다. 이 과정에서 기술과 인간성을 마주하며 자신의 삶을 다시 바라본다. 코미디와 미스터리의 요소를 결합해 이야기를 따뜻한 시선으로 풀어낸 가상의 한국 영화. 코미디 미스터리 공동체 우정 시간여행 학교"
100158,비밀의 학교을 기다리며 158,"강원도의 산골마을을 배경으로, 택배 기사가 인공지능이 작성한 의문의 일기를 추적한다. 이 과정에서 기억과 정체성을 마주하며 자신의 삶을 다시 바라본다. 범죄와 판타지의 요소를 결합해 이야기를 긴장감 있게 풀어낸 가상의 한국 영화.","[{""id"": 7, ""name"": ""범죄""}, {""id"": 9, ""name"": ""판타지""}]","[{""id"": 120, ""name"": ""언론""}, {""id"": 113, ""name"": ""여행""}, {""id"": 117, ""name"": ""범죄""}, {""id"": 121, ""name"": ""가짜뉴스""}]",ko,2008-06-03,5.4,9589,35.65,104,False,False,"['범죄', '판타지']","['언론', '여행', '범죄', '가짜뉴스']",범죄 판타지,언론 여행 범죄 가짜뉴스,2008,"강원도의 산골마을을 배경으로, 택배 기사가 인공지능이 작성한 의문의 일기를 추적한다. 이 과정에서 기억과 정체성을 마주하며 자신의 삶을 다시 바라본다. 범죄와 판타지의 요소를 결합해 이야기를 긴장감 있게 풀어낸 가상의 한국 영화.","강원도의 산골마을을 배경으로, 택배 기사가 인공지능이 작성한 의문의 일기를 추적한다. 이 과정에서 기억과 정체성을 마주하며 자신의 삶을 다시 바라본다. 범죄와 판타지의 요소를 결합해 이야기를 긴장감 있게 풀어낸 가상의 한국 영화. 범죄 판타지 언론 여행 범죄 가짜뉴스"
100159,고요한 문의 계절 159,"전주의 한옥마을을 배경으로, 가족과 멀어진 의사가 우연히 과거의 사건과 연결된 사진을 발견한다. 이 과정에서 우정과 신뢰을 마주하며 자신의 삶을 다시 바라본다. 애니메이션와 드라마의 요소를 결합해 이야기를 긴장감 있게 풀어낸 가상의 한국 영화.","[{""id"": 12, ""name"": ""애니메이션""}, {""id"": 1, ""name"": ""드라마""}]","[{""id"": 112, ""name"": ""사랑""}, {""id"": 124, ""name"": ""시간여행""}, {""id"": 117, ""name"": ""범죄""}, {""id"": 114, ""name"": ""음악""}]",ko,2008-07-23,7.3,9726,40.3,117,False,False,"['애니메이션', '드라마']","['사랑', '시간여행', '범죄', '음악']",애니메이션 드라마,사랑 시간여행 범죄 음악,2008,"전주의 한옥마을을 배경으로, 가족과 멀어진 의사가 우연히 과거의 사건과 연결된 사진을 발견한다. 이 과정에서 우정과 신뢰을 마주하며 자신의 삶을 다시 바라본다. 애니메이션와 드라마의 요소를 결합해 이야기를 긴장감 있게 풀어낸 가상의 한국 영화.","전주의 한옥마을을 배경으로, 가족과 멀어진 의사가 우연히 과거의 사건과 연결된 사진을 발견한다. 이 과정에서 우정과 신뢰을 마주하며 자신의 삶을 다시 바라본다. 애니메이션와 드라마의 요소를 결합해 이야기를 긴장감 있게 풀어낸 가상의 한국 영화. 애니메이션 드라마 사랑 시간여행 범죄 음악"
100160,빛나는 카페의 기록 160,"가상의 미래 도시을 배경으로, 고향으로 돌아온 요리사가 가족이 숨겨온 오래된 약속의 의미를 알게 된다. 이 과정에서 가족의 의미을 마주하며 자신의 삶을 다시 바라본다. 코미디와 가족의 요소를 결합해 이야기를 따뜻한 시선으로 풀어낸 가상의 한국 영화.","[{""id"": 2, ""name"": ""코미디""}, {""id"": 8, ""name"": ""가족""}]","[{""id"": 104, ""name"": ""미스터리""}, {""id"": 106, ""name"": ""서울""}, {""id"": 109, ""name"": ""로봇""}, {""id"": 121, ""name"": ""가짜뉴스""}]",ko,2008-09-11,5.3,9863,30.95,130,False,False,"['코미디', '가족']","['미스터리', '서울', '로봇', '가짜뉴스']",코미디 가족,미스터리 서울 로봇 가짜뉴스,2008,"가상의 미래 도시을 배경으로, 고향으로 돌아온 요리사가 가족이 숨겨온 오래된 약속의 의미를 알게 된다. 이 과정에서 가족의 의미을 마주하며 자신의 삶을 다시 바라본다. 코미디와 가족의 요소를 결합해 이야기를 따뜻한 시선으로 풀어낸 가상의 한국 영화.","가상의 미래 도시을 배경으로, 고향으로 돌아온 요리사가 가족이 숨겨온 오래된 약속의 의미를 알게 된다. 이 과정에서 가족의 의미을 마주하며 자신의 삶을 다시 바라본다. 코미디와 가족의 요소를 결합해 이야기를 따뜻한 시선으로 풀어낸 가상의 한국 영화. 코미디 가족 미스터리 서울 로봇 가짜뉴스"
100161,흐린 파도의 하루 161,"국경 근처의 작은 역을 배경으로, 택배 기사가 폐쇄 예정인 공간을 지키기 위한 계획을 세운다. 이 과정에서 상실과 회복을 마주하며 자신의 삶을 다시 바라본다. 범죄와 다큐멘터리의 요소를 결합해 이야기를 긴장감 있게 풀어낸 가상의 한국 영화.","[{""id"": 7, ""name"": ""범죄""}, {""id"": 15, ""name"": ""다큐멘터리""}]","[{""id"": 119, ""name"": ""환경""}, {""id"": 115, ""name"": ""요리""}, {""id"": 102, ""name"": ""우정""}, {""id"": 118, ""name"": ""미래""}]",ko,2008-10-31,7.1,10000,29.079,78,False,False,"['범죄', '다큐멘터리']","['환경', '요리', '우정', '미래']",범죄 다큐멘터리,환경 요리 우정 미래,2008,"국경 근처의 작은 역을 배경으로, 택배 기사가 폐쇄 예정인 공간을 지키기 위한 계획을 세운다. 이 과정에서 상실과 회복을 마주하며 자신의 삶을 다시 바라본다. 범죄와 다큐멘터리의 요소를 결합해 이야기를 긴장감 있게 풀어낸 가상의 한국 영화.","국경 근처의 작은 역을 배경으로, 택배 기사가 폐쇄 예정인 공간을 지키기 위한 계획을 세운다. 이 과정에서 상실과 회복을 마주하며 자신의 삶을 다시 바라본다. 범죄와 다큐멘터리의 요소를 결합해 이야기를 긴장감 있게 풀어낸 가상의 한국 영화. 범죄 다큐멘터리 환경 요리 우정 미래"
100162,먼 섬에서 만난 사람 162,"부산항 인근을 배경으로, 가족과 멀어진 의사가 수십 년 전 사라진 편지 한 통을 발견한다. 이 과정에서 도전과 성장을 마주하며 자신의 삶을 다시 바라본다. 애니메이션와 범죄의 요소를 결합해 이야기를 긴장감 있게 풀어낸 가상의 한국 영화.","[{""id"": 12, ""name"": ""애니메이션""}, {""id"": 7, ""name"": ""범죄""}]","[{""id"": 120, ""name"": ""언론""}, {""id"": 124, ""name"": ""시간여행""}, {""id"": 109, ""name"": ""로봇""}, {""id"": 106, ""name"": ""서울""}]",ko,2008-05-17,5.1,10137,34.012,91,False,False,"['애니메이션', '범죄']","['언론', '시간여행', '로봇', '서울']",애니메이션 범죄,언론 시간여행 로봇 서울,2008,"부산항 인근을 배경으로, 가족과 멀어진 의사가 수십 년 전 사라진 편지 한 통을 발견한다. 이 과정에서 도전과 성장을 마주하며 자신의 삶을 다시 바라본다. 애니메이션와 범죄의 요소를 결합해 이야기를 긴장감 있게 풀어낸 가상의 한국 영화.","부산항 인근을 배경으로, 가족과 멀어진 의사가 수십 년 전 사라진 편지 한 통을 발견한다. 이 과정에서 도전과 성장을 마주하며 자신의 삶을 다시 바라본다. 애니메이션와 범죄의 요소를 결합해 이야기를 긴장감 있게 풀어낸 가상의 한국 영화. 애니메이션 범죄 언론 시간여행 로봇 서울"
100163,작은 노래의 밤 163,"인천의 낡은 공단을 배경으로, 고향으로 돌아온 요리사가 가짜 뉴스로 인해 무너진 관계를 회복하려 한다. 이 과정에서 진실과 거짓을 마주하며 자신의 삶을 다시 바라본다. 코미디와 역사의 요소를 결합해 이야기를 따뜻한 시선으로 풀어낸 가상의 한국 영화.","[{""id"": 2, ""name"": ""코미디""}, {""id"": 14, ""name"": ""역사""}]","[{""id"": 107, ""name"": ""바다""}, {""id"": 119, ""name"": ""환경""}, {""id"": 125, ""name"": ""탐정""}, {""id"": 122, ""name"": ""공동체""}]",ko,2008-07-06,6.8,10274,31.372,104,False,False,"['코미디', '역사']","['바다', '환경', '탐정', '공동체']",코미디 역사,바다 환경 탐정 공동체,2008,"인천의 낡은 공단을 배경으로, 고향으로 돌아온 요리사가 가짜 뉴스로 인해 무너진 관계를 회복하려 한다. 이 과정에서 진실과 거짓을 마주하며 자신의 삶을 다시 바라본다. 코미디와 역사의 요소를 결합해 이야기를 따뜻한 시선으로 풀어낸 가상의 한국 영화.","인천의 낡은 공단을 배경으로, 고향으로 돌아온 요리사가 가짜 뉴스로 인해 무너진 관계를 회복하려 한다. 이 과정에서 진실과 거짓을 마주하며 자신의 삶을 다시 바라본다. 코미디와 역사의 요소를 결합해 이야기를 따뜻한 시선으로 풀어낸 가상의 한국 영화. 코미디 역사 바다 환경 탐정 공동체"
100164,오래된 탐정의 온도 164,"광주의 대학가을 배경으로, 택배 기사가 정체를 알 수 없는 음성 메시지를 매일 받기 시작한다. 이 과정에서 환경과 공존을 마주하며 자신의 삶을 다시 바라본다. 범죄와 액션의 요소를 결합해 이야기를 긴장감 있게 풀어낸 가상의 한국 영화.","[{""id"": 7, ""name"": ""범죄""}, {""id"": 6, ""name"": ""액션""}]","[{""id"": 115, ""name"": ""요리""}, {""id"": 118, ""name"": ""미래""}, {""id"": 105, ""name"": ""제주""}, {""id"": 103, ""name"": ""기억""}]",ko,2008-08-25,8.4,10411,27.031,117,False,False,"['범죄', '액션']","['요리', '미래', '제주', '기억']",범죄 액션,요리 미래 제주 기억,2008,"광주의 대학가을 배경으로, 택배 기사가 정체를 알 수 없는 음성 메시지를 매일 받기 시작한다. 이 과정에서 환경과 공존을 마주하며 자신의 삶을 다시 바라본다. 범죄와 액션의 요소를 결합해 이야기를 긴장감 있게 풀어낸 가상의 한국 영화.","광주의 대학가을 배경으로, 택배 기사가 정체를 알 수 없는 음성 메시지를 매일 받기 시작한다. 이 과정에서 환경과 공존을 마주하며 자신의 삶을 다시 바라본다. 범죄와 액션의 요소를 결합해 이야기를 긴장감 있게 풀어낸 가상의 한국 영화. 범죄 액션 요리 미래 제주 기억"
100165,새로운 레시피 너머 165,"외딴 섬을 배경으로, 가족과 멀어진 의사가 도시 전체의 전력이 사라진 밤에 중요한 선택을 한다. 이 과정에서 세대 간 갈등을 마주하며 자신의 삶을 다시 바라본다. 애니메이션와 음악의 요소를 결합해 이야기를 긴장감 있게 풀어낸 가상의 한국 영화.","[{""id"": 12, ""name"": ""애니메이션""}, {""id"": 13, ""name"": ""음악""}]","[{""id"": 110, ""name"": ""추적""}, {""id"": 113, ""name"": ""여행""}, {""id"": 103, ""name"": ""기억""}, {""id"": 116, ""name"": ""학교""}]",ko,2008-10-14,6.7,10548,31.929,130,False,False,"['애니메이션', '음악']","['추적', '여행', '기억', '학교']",애니메이션 음악,추적 여행 기억 학교,2008,"외딴 섬을 배경으로, 가족과 멀어진 의사가 도시 전체의 전력이 사라진 밤에 중요한 선택을 한다. 이 과정에서 세대 간 갈등을 마주하며 자신의 삶을 다시 바라본다. 애니메이션와 음악의 요소를 결합해 이야기를 긴장감 있게 풀어낸 가상의 한국 영화.","외딴 섬을 배경으로, 가족과 멀어진 의사가 도시 전체의 전력이 사라진 밤에 중요한 선택을 한다. 이 과정에서 세대 간 갈등을 마주하며 자신의 삶을 다시 바라본다. 애니메이션와 음악의 요소를 결합해 이야기를 긴장감 있게 풀어낸 가상의 한국 영화. 애니메이션 음악 추적 여행 기억 학교"
100166,달빛 아래 눈의 비밀 166,"서울의 오래된 골목을 배경으로, 고향으로 돌아온 요리사가 하루가 반복되는 이상한 현상을 겪는다. 이 과정에서 사랑과 이별을 마주하며 자신의 삶을 다시 바라본다. 코미디와 미스터리의 요소를 결합해 이야기를 따뜻한 시선으로 풀어낸 가상의 한국 영화.","[{""id"": 2, ""name"": ""코미디""}, {""id"": 5, ""name"": ""미스터리""}]","[{""id"": 122, ""name"": ""공동체""}, {""id"": 101, ""name"": ""가족""}, {""id"": 118, ""name"": ""미래""}, {""id"": 111, ""name"": ""성장""}]",ko,2008-12-03,8.2,10685,33.497,78,False,False,"['코미디', '미스터리']","['공동체', '가족', '미래', '성장']",코미디 미스터리,공동체 가족 미래 성장,2008,"서울의 오래된 골목을 배경으로, 고향으로 돌아온 요리사가 하루가 반복되는 이상한 현상을 겪는다. 이 과정에서 사랑과 이별을 마주하며 자신의 삶을 다시 바라본다. 코미디와 미스터리의 요소를 결합해 이야기를 따뜻한 시선으로 풀어낸 가상의 한국 영화.","서울의 오래된 골목을 배경으로, 고향으로 돌아온 요리사가 하루가 반복되는 이상한 현상을 겪는다. 이 과정에서 사랑과 이별을 마주하며 자신의 삶을 다시 바라본다. 코미디와 미스터리의 요소를 결합해 이야기를 따뜻한 시선으로 풀어낸 가상의 한국 영화. 코미디 미스터리 공동체 가족 미래 성장"
100167,바람 속 골목로 가는 길 167,"한강변을 배경으로, 택배 기사가 실종 사건의 단서가 된 노래를 해석하기 시작한다. 이 과정에서 선택과 책임을 마주하며 자신의 삶을 다시 바라본다. 범죄와 애니메이션의 요소를 결합해 이야기를 긴장감 있게 풀어낸 가상의 한국 영화.","[{""id"": 7, ""name"": ""범죄""}, {""id"": 12, ""name"": ""애니메이션""}]","[{""id"": 103, ""name"": ""기억""}, {""id"": 117, ""name"": ""범죄""}, {""id"": 125, ""name"": ""탐정""}, {""id"": 110, ""name"": ""추적""}]",ko,2009-01-22,6.4,10822,42.145,91,False,False,"['범죄', '애니메이션']","['기억', '범죄', '탐정', '추적']",범죄 애니메이션,기억 범죄 탐정 추적,2009,"한강변을 배경으로, 택배 기사가 실종 사건의 단서가 된 노래를 해석하기 시작한다. 이 과정에서 선택과 책임을 마주하며 자신의 삶을 다시 바라본다. 범죄와 애니메이션의 요소를 결합해 이야기를 긴장감 있게 풀어낸 가상의 한국 영화.","한강변을 배경으로, 택배 기사가 실종 사건의 단서가 된 노래를 해석하기 시작한다. 이 과정에서 선택과 책임을 마주하며 자신의 삶을 다시 바라본다. 범죄와 애니메이션의 요소를 결합해 이야기를 긴장감 있게 풀어낸 가상의 한국 영화. 범죄 애니메이션 기억 범죄 탐정 추적"
100168,비 오는 날 마을과 우리 168,"대구의 오래된 극장을 배경으로, 가족과 멀어진 의사가 서로 다른 목적을 가진 사람들과 뜻밖의 팀을 이룬다. 이 과정에서 지역 공동체을 마주하며 자신의 삶을 다시 바라본다. 애니메이션와 스릴러의 요소를 결합해 이야기를 긴장감 있게 풀어낸 가상의 한국 영화.","[{""id"": 12, ""name"": ""애니메이션""}, {""id"": 4, ""name"": ""스릴러""}]","[{""id"": 123, ""name"": ""역사""}, {""id"": 109, ""name"": ""로봇""}, {""id"": 102, ""name"": ""우정""}, {""id"": 105, ""name"": ""제주""}]",ko,2009-03-13,8.0,10959,27.533,104,False,False,"['애니메이션', '스릴러']","['역사', '로봇', '우정', '제주']",애니메이션 스릴러,역사 로봇 우정 제주,2009,"대구의 오래된 극장을 배경으로, 가족과 멀어진 의사가 서로 다른 목적을 가진 사람들과 뜻밖의 팀을 이룬다. 이 과정에서 지역 공동체을 마주하며 자신의 삶을 다시 바라본다. 애니메이션와 스릴러의 요소를 결합해 이야기를 긴장감 있게 풀어낸 가상의 한국 영화.","대구의 오래된 극장을 배경으로, 가족과 멀어진 의사가 서로 다른 목적을 가진 사람들과 뜻밖의 팀을 이룬다. 이 과정에서 지역 공동체을 마주하며 자신의 삶을 다시 바라본다. 애니메이션와 스릴러의 요소를 결합해 이야기를 긴장감 있게 풀어낸 가상의 한국 영화. 애니메이션 스릴러 역사 로봇 우정 제주"
100169,제주의 열차에게 169,"달 기지을 배경으로, 고향으로 돌아온 요리사가 마을 사람들만 알고 있는 비밀스러운 규칙을 알게 된다. 이 과정에서 기술과 인간성을 마주하며 자신의 삶을 다시 바라본다. 코미디와 모험의 요소를 결합해 이야기를 따뜻한 시선으로 풀어낸 가상의 한국 영화.","[{""id"": 2, ""name"": ""코미디""}, {""id"": 11, ""name"": ""모험""}]","[{""id"": 112, ""name"": ""사랑""}, {""id"": 119, ""name"": ""환경""}, {""id"": 116, ""name"": ""학교""}, {""id"": 115, ""name"": ""요리""}]",ko,2008-09-27,6.2,11096,33.617,117,False,False,"['코미디', '모험']","['사랑', '환경', '학교', '요리']",코미디 모험,사랑 환경 학교 요리,2008,"달 기지을 배경으로, 고향으로 돌아온 요리사가 마을 사람들만 알고 있는 비밀스러운 규칙을 알게 된다. 이 과정에서 기술과 인간성을 마주하며 자신의 삶을 다시 바라본다. 코미디와 모험의 요소를 결합해 이야기를 따뜻한 시선으로 풀어낸 가상의 한국 영화.","달 기지을 배경으로, 고향으로 돌아온 요리사가 마을 사람들만 알고 있는 비밀스러운 규칙을 알게 된다. 이 과정에서 기술과 인간성을 마주하며 자신의 삶을 다시 바라본다. 코미디와 모험의 요소를 결합해 이야기를 따뜻한 시선으로 풀어낸 가상의 한국 영화. 코미디 모험 사랑 환경 학교 요리"
100170,서울의 우주선 170,"제주도의 작은 해안마을을 배경으로, 택배 기사가 인공지능이 작성한 의문의 일기를 추적한다. 이 과정에서 기억과 정체성을 마주하며 자신의 삶을 다시 바라본다. 범죄와 로맨스의 요소를 결합해 이야기를 긴장감 있게 풀어낸 가상의 한국 영화.","[{""id"": 7, ""name"": ""범죄""}, {""id"": 3, ""name"": ""로맨스""}]","[{""id"": 105, ""name"": ""제주""}, {""id"": 112, ""name"": ""사랑""}, {""id"": 108, ""name"": ""인공지능""}, {""id"": 118, ""name"": ""미래""}]",ko,2008-11-16,7.9,11233,38.3,130,False,False,"['범죄', '로맨스']","['제주', '사랑', '인공지능', '미래']",범죄 로맨스,제주 사랑 인공지능 미래,2008,"제주도의 작은 해안마을을 배경으로, 택배 기사가 인공지능이 작성한 의문의 일기를 추적한다. 이 과정에서 기억과 정체성을 마주하며 자신의 삶을 다시 바라본다. 범죄와 로맨스의 요소를 결합해 이야기를 긴장감 있게 풀어낸 가상의 한국 영화.","제주도의 작은 해안마을을 배경으로, 택배 기사가 인공지능이 작성한 의문의 일기를 추적한다. 이 과정에서 기억과 정체성을 마주하며 자신의 삶을 다시 바라본다. 범죄와 로맨스의 요소를 결합해 이야기를 긴장감 있게 풀어낸 가상의 한국 영화. 범죄 로맨스 제주 사랑 인공지능 미래"
100171,부산의 전화의 끝 171,"강원도의 산골마을을 배경으로, 가족과 멀어진 의사가 우연히 과거의 사건과 연결된 사진을 발견한다. 이 과정에서 우정과 신뢰을 마주하며 자신의 삶을 다시 바라본다. 애니메이션와 SF의 요소를 결합해 이야기를 긴장감 있게 풀어낸 가상의 한국 영화.","[{""id"": 12, ""name"": ""애니메이션""}, {""id"": 10, ""name"": ""SF""}]","[{""id"": 104, ""name"": ""미스터리""}, {""id"": 114, ""name"": ""음악""}, {""id"": 120, ""name"": ""언론""}, {""id"": 124, ""name"": ""시간여행""}]",ko,2009-01-05,6.1,11370,39.987,78,False,False,"['애니메이션', 'SF']","['미스터리', '음악', '언론', '시간여행']",애니메이션 SF,미스터리 음악 언론 시간여행,2009,"강원도의 산골마을을 배경으로, 가족과 멀어진 의사가 우연히 과거의 사건과 연결된 사진을 발견한다. 이 과정에서 우정과 신뢰을 마주하며 자신의 삶을 다시 바라본다. 애니메이션와 SF의 요소를 결합해 이야기를 긴장감 있게 풀어낸 가상의 한국 영화.","강원도의 산골마을을 배경으로, 가족과 멀어진 의사가 우연히 과거의 사건과 연결된 사진을 발견한다. 이 과정에서 우정과 신뢰을 마주하며 자신의 삶을 다시 바라본다. 애니메이션와 SF의 요소를 결합해 이야기를 긴장감 있게 풀어낸 가상의 한국 영화. 애니메이션 SF 미스터리 음악 언론 시간여행"
100172,한강의 편지의 선택 172,"전주의 한옥마을을 배경으로, 고향으로 돌아온 요리사가 가족이 숨겨온 오래된 약속의 의미를 알게 된다. 이 과정에서 가족의 의미을 마주하며 자신의 삶을 다시 바라본다. 코미디와 미스터리의 요소를 결합해 이야기를 따뜻한 시선으로 풀어낸 가상의 한국 영화.","[{""id"": 2, ""name"": ""코미디""}, {""id"": 5, ""name"": ""미스터리""}]","[{""id"": 108, ""name"": ""인공지능""}, {""id"": 119, ""name"": ""환경""}, {""id"": 125, ""name"": ""탐정""}, {""id"": 104, ""name"": ""미스터리""}]",ko,2009-02-24,7.6,11507,39.352,91,False,False,"['코미디', '미스터리']","['인공지능', '환경', '탐정', '미스터리']",코미디 미스터리,인공지능 환경 탐정 미스터리,2009,"전주의 한옥마을을 배경으로, 고향으로 돌아온 요리사가 가족이 숨겨온 오래된 약속의 의미를 알게 된다. 이 과정에서 가족의 의미을 마주하며 자신의 삶을 다시 바라본다. 코미디와 미스터리의 요소를 결합해 이야기를 따뜻한 시선으로 풀어낸 가상의 한국 영화.","전주의 한옥마을을 배경으로, 고향으로 돌아온 요리사가 가족이 숨겨온 오래된 약속의 의미를 알게 된다. 이 과정에서 가족의 의미을 마주하며 자신의 삶을 다시 바라본다. 코미디와 미스터리의 요소를 결합해 이야기를 따뜻한 시선으로 풀어낸 가상의 한국 영화. 코미디 미스터리 인공지능 환경 탐정 미스터리"
100173,새벽의 시장을 기다리며 173,"가상의 미래 도시을 배경으로, 택배 기사가 폐쇄 예정인 공간을 지키기 위한 계획을 세운다. 이 과정에서 상실과 회복을 마주하며 자신의 삶을 다시 바라본다. 범죄와 판타지의 요소를 결합해 이야기를 긴장감 있게 풀어낸 가상의 한국 영화.","[{""id"": 7, ""name"": ""범죄""}, {""id"": 9, ""name"": ""판타지""}]","[{""id"": 118, ""name"": ""미래""}, {""id"": 116, ""name"": ""학교""}, {""id"": 109, ""name"": ""로봇""}, {""id"": 114, ""name"": ""음악""}]",ko,2009-04-15,5.8,11644,25.773,104,False,False,"['범죄', '판타지']","['미래', '학교', '로봇', '음악']",범죄 판타지,미래 학교 로봇 음악,2009,"가상의 미래 도시을 배경으로, 택배 기사가 폐쇄 예정인 공간을 지키기 위한 계획을 세운다. 이 과정에서 상실과 회복을 마주하며 자신의 삶을 다시 바라본다. 범죄와 판타지의 요소를 결합해 이야기를 긴장감 있게 풀어낸 가상의 한국 영화.","가상의 미래 도시을 배경으로, 택배 기사가 폐쇄 예정인 공간을 지키기 위한 계획을 세운다. 이 과정에서 상실과 회복을 마주하며 자신의 삶을 다시 바라본다. 범죄와 판타지의 요소를 결합해 이야기를 긴장감 있게 풀어낸 가상의 한국 영화. 범죄 판타지 미래 학교 로봇 음악"
100174,겨울의 달의 계절 174,"국경 근처의 작은 역을 배경으로, 가족과 멀어진 의사가 수십 년 전 사라진 편지 한 통을 발견한다. 이 과정에서 도전과 성장을 마주하며 자신의 삶을 다시 바라본다. 애니메이션와 드라마의 요소를 결합해 이야기를 긴장감 있게 풀어낸 가상의 한국 영화.","[{""id"": 12, ""name"": ""애니메이션""}, {""id"": 1, ""name"": ""드라마""}]","[{""id"": 102, ""name"": ""우정""}, {""id"": 110, ""name"": ""추적""}, {""id"": 101, ""name"": ""가족""}, {""id"": 123, ""name"": ""역사""}]",ko,2009-06-04,7.5,11781,35.154,117,False,False,"['애니메이션', '드라마']","['우정', '추적', '가족', '역사']",애니메이션 드라마,우정 추적 가족 역사,2009,"국경 근처의 작은 역을 배경으로, 가족과 멀어진 의사가 수십 년 전 사라진 편지 한 통을 발견한다. 이 과정에서 도전과 성장을 마주하며 자신의 삶을 다시 바라본다. 애니메이션와 드라마의 요소를 결합해 이야기를 긴장감 있게 풀어낸 가상의 한국 영화.","국경 근처의 작은 역을 배경으로, 가족과 멀어진 의사가 수십 년 전 사라진 편지 한 통을 발견한다. 이 과정에서 도전과 성장을 마주하며 자신의 삶을 다시 바라본다. 애니메이션와 드라마의 요소를 결합해 이야기를 긴장감 있게 풀어낸 가상의 한국 영화. 애니메이션 드라마 우정 추적 가족 역사"
100175,여름의 호텔의 기록 175,"부산항 인근을 배경으로, 고향으로 돌아온 요리사가 가짜 뉴스로 인해 무너진 관계를 회복하려 한다. 이 과정에서 진실과 거짓을 마주하며 자신의 삶을 다시 바라본다. 코미디와 가족의 요소를 결합해 이야기를 따뜻한 시선으로 풀어낸 가상의 한국 영화.","[{""id"": 2, ""name"": ""코미디""}, {""id"": 8, ""name"": ""가족""}]","[{""id"": 122, ""name"": ""공동체""}, {""id"": 113, ""name"": ""여행""}, {""id"": 114, ""name"": ""음악""}, {""id"": 125, ""name"": ""탐정""}]",ko,2009-07-24,5.7,11918,41.67,130,False,False,"['코미디', '가족']","['공동체', '여행', '음악', '탐정']",코미디 가족,공동체 여행 음악 탐정,2009,"부산항 인근을 배경으로, 고향으로 돌아온 요리사가 가짜 뉴스로 인해 무너진 관계를 회복하려 한다. 이 과정에서 진실과 거짓을 마주하며 자신의 삶을 다시 바라본다. 코미디와 가족의 요소를 결합해 이야기를 따뜻한 시선으로 풀어낸 가상의 한국 영화.","부산항 인근을 배경으로, 고향으로 돌아온 요리사가 가짜 뉴스로 인해 무너진 관계를 회복하려 한다. 이 과정에서 진실과 거짓을 마주하며 자신의 삶을 다시 바라본다. 코미디와 가족의 요소를 결합해 이야기를 따뜻한 시선으로 풀어낸 가상의 한국 영화. 코미디 가족 공동체 여행 음악 탐정"
100176,봄날의 거울의 하루 176,"인천의 낡은 공단을 배경으로, 택배 기사가 정체를 알 수 없는 음성 메시지를 매일 받기 시작한다. 이 과정에서 환경과 공존을 마주하며 자신의 삶을 다시 바라본다. 범죄와 다큐멘터리의 요소를 결합해 이야기를 긴장감 있게 풀어낸 가상의 한국 영화.","[{""id"": 7, ""name"": ""범죄""}, {""id"": 15, ""name"": ""다큐멘터리""}]","[{""id"": 114, ""name"": ""음악""}, {""id"": 118, ""name"": ""미래""}, {""id"": 109, ""name"": ""로봇""}, {""id"": 102, ""name"": ""우정""}]",ko,2009-02-07,7.4,12055,24.687,78,False,False,"['범죄', '다큐멘터리']","['음악', '미래', '로봇', '우정']",범죄 다큐멘터리,음악 미래 로봇 우정,2009,"인천의 낡은 공단을 배경으로, 택배 기사가 정체를 알 수 없는 음성 메시지를 매일 받기 시작한다. 이 과정에서 환경과 공존을 마주하며 자신의 삶을 다시 바라본다. 범죄와 다큐멘터리의 요소를 결합해 이야기를 긴장감 있게 풀어낸 가상의 한국 영화.","인천의 낡은 공단을 배경으로, 택배 기사가 정체를 알 수 없는 음성 메시지를 매일 받기 시작한다. 이 과정에서 환경과 공존을 마주하며 자신의 삶을 다시 바라본다. 범죄와 다큐멘터리의 요소를 결합해 이야기를 긴장감 있게 풀어낸 가상의 한국 영화. 범죄 다큐멘터리 음악 미래 로봇 우정"
100177,가을의 등대에서 만난 사람 177,"광주의 대학가을 배경으로, 가족과 멀어진 의사가 도시 전체의 전력이 사라진 밤에 중요한 선택을 한다. 이 과정에서 세대 간 갈등을 마주하며 자신의 삶을 다시 바라본다. 애니메이션와 범죄의 요소를 결합해 이야기를 긴장감 있게 풀어낸 가상의 한국 영화.","[{""id"": 12, ""name"": ""애니메이션""}, {""id"": 7, ""name"": ""범죄""}]","[{""id"": 116, ""name"": ""학교""}, {""id"": 112, ""name"": ""사랑""}, {""id"": 119, ""name"": ""환경""}, {""id"": 121, ""name"": ""가짜뉴스""}]",ko,2009-03-29,5.4,192,15.532,91,False,False,"['애니메이션', '범죄']","['학교', '사랑', '환경', '가짜뉴스']",애니메이션 범죄,학교 사랑 환경 가짜뉴스,2009,"광주의 대학가을 배경으로, 가족과 멀어진 의사가 도시 전체의 전력이 사라진 밤에 중요한 선택을 한다. 이 과정에서 세대 간 갈등을 마주하며 자신의 삶을 다시 바라본다. 애니메이션와 범죄의 요소를 결합해 이야기를 긴장감 있게 풀어낸 가상의 한국 영화.","광주의 대학가을 배경으로, 가족과 멀어진 의사가 도시 전체의 전력이 사라진 밤에 중요한 선택을 한다. 이 과정에서 세대 간 갈등을 마주하며 자신의 삶을 다시 바라본다. 애니메이션와 범죄의 요소를 결합해 이야기를 긴장감 있게 풀어낸 가상의 한국 영화. 애니메이션 범죄 학교 사랑 환경 가짜뉴스"
100178,푸른 기억의 밤 178,"외딴 섬을 배경으로, 고향으로 돌아온 요리사가 하루가 반복되는 이상한 현상을 겪는다. 이 과정에서 사랑과 이별을 마주하며 자신의 삶을 다시 바라본다. 코미디와 역사의 요소를 결합해 이야기를 따뜻한 시선으로 풀어낸 가상의 한국 영화.","[{""id"": 2, ""name"": ""코미디""}, {""id"": 14, ""name"": ""역사""}]","[{""id"": 120, ""name"": ""언론""}, {""id"": 123, ""name"": ""역사""}, {""id"": 121, ""name"": ""가짜뉴스""}, {""id"": 102, ""name"": ""우정""}]",ko,2009-05-18,7.2,329,17.82,104,False,False,"['코미디', '역사']","['언론', '역사', '가짜뉴스', '우정']",코미디 역사,언론 역사 가짜뉴스 우정,2009,"외딴 섬을 배경으로, 고향으로 돌아온 요리사가 하루가 반복되는 이상한 현상을 겪는다. 이 과정에서 사랑과 이별을 마주하며 자신의 삶을 다시 바라본다. 코미디와 역사의 요소를 결합해 이야기를 따뜻한 시선으로 풀어낸 가상의 한국 영화.","외딴 섬을 배경으로, 고향으로 돌아온 요리사가 하루가 반복되는 이상한 현상을 겪는다. 이 과정에서 사랑과 이별을 마주하며 자신의 삶을 다시 바라본다. 코미디와 역사의 요소를 결합해 이야기를 따뜻한 시선으로 풀어낸 가상의 한국 영화. 코미디 역사 언론 역사 가짜뉴스 우정"
100179,붉은 정원의 온도 179,"서울의 오래된 골목을 배경으로, 택배 기사가 실종 사건의 단서가 된 노래를 해석하기 시작한다. 이 과정에서 선택과 책임을 마주하며 자신의 삶을 다시 바라본다. 범죄와 액션의 요소를 결합해 이야기를 긴장감 있게 풀어낸 가상의 한국 영화.","[{""id"": 7, ""name"": ""범죄""}, {""id"": 6, ""name"": ""액션""}]","[{""id"": 120, ""name"": ""언론""}, {""id"": 101, ""name"": ""가족""}, {""id"": 122, ""name"": ""공동체""}, {""id"": 106, ""name"": ""서울""}]",ko,2009-07-07,5.2,466,29.004,117,False,False,"['범죄', '액션']","['언론', '가족', '공동체', '서울']",범죄 액션,언론 가족 공동체 서울,2009,"서울의 오래된 골목을 배경으로, 택배 기사가 실종 사건의 단서가 된 노래를 해석하기 시작한다. 이 과정에서 선택과 책임을 마주하며 자신의 삶을 다시 바라본다. 범죄와 액션의 요소를 결합해 이야기를 긴장감 있게 풀어낸 가상의 한국 영화.","서울의 오래된 골목을 배경으로, 택배 기사가 실종 사건의 단서가 된 노래를 해석하기 시작한다. 이 과정에서 선택과 책임을 마주하며 자신의 삶을 다시 바라본다. 범죄와 액션의 요소를 결합해 이야기를 긴장감 있게 풀어낸 가상의 한국 영화. 범죄 액션 언론 가족 공동체 서울"
100180,검은 그림자 너머 180,"한강변을 배경으로, 가족과 멀어진 의사가 서로 다른 목적을 가진 사람들과 뜻밖의 팀을 이룬다. 이 과정에서 지역 공동체을 마주하며 자신의 삶을 다시 바라본다. 애니메이션와 음악의 요소를 결합해 이야기를 긴장감 있게 풀어낸 가상의 한국 영화.","[{""id"": 12, ""name"": ""애니메이션""}, {""id"": 13, ""name"": ""음악""}]","[{""id"": 125, ""name"": ""탐정""}, {""id"": 110, ""name"": ""추적""}, {""id"": 112, ""name"": ""사랑""}, {""id"": 109, ""name"": ""로봇""}]",ko,2009-08-26,7.0,603,18.796,130,False,False,"['애니메이션', '음악']","['탐정', '추적', '사랑', '로봇']",애니메이션 음악,탐정 추적 사랑 로봇,2009,"한강변을 배경으로, 가족과 멀어진 의사가 서로 다른 목적을 가진 사람들과 뜻밖의 팀을 이룬다. 이 과정에서 지역 공동체을 마주하며 자신의 삶을 다시 바라본다. 애니메이션와 음악의 요소를 결합해 이야기를 긴장감 있게 풀어낸 가상의 한국 영화.","한강변을 배경으로, 가족과 멀어진 의사가 서로 다른 목적을 가진 사람들과 뜻밖의 팀을 이룬다. 이 과정에서 지역 공동체을 마주하며 자신의 삶을 다시 바라본다. 애니메이션와 음악의 요소를 결합해 이야기를 긴장감 있게 풀어낸 가상의 한국 영화. 애니메이션 음악 탐정 추적 사랑 로봇"
100181,하얀 연구소의 비밀 181,"대구의 오래된 극장을 배경으로, 고향으로 돌아온 요리사가 마을 사람들만 알고 있는 비밀스러운 규칙을 알게 된다. 이 과정에서 기술과 인간성을 마주하며 자신의 삶을 다시 바라본다. 코미디와 미스터리의 요소를 결합해 이야기를 따뜻한 시선으로 풀어낸 가상의 한국 영화.","[{""id"": 2, ""name"": ""코미디""}, {""id"": 5, ""name"": ""미스터리""}]","[{""id"": 108, ""name"": ""인공지능""}, {""id"": 109, ""name"": ""로봇""}, {""id"": 116, ""name"": ""학교""}, {""id"": 120, ""name"": ""언론""}]",ko,2009-10-15,5.0,740,31.952,78,False,False,"['코미디', '미스터리']","['인공지능', '로봇', '학교', '언론']",코미디 미스터리,인공지능 로봇 학교 언론,2009,"대구의 오래된 극장을 배경으로, 고향으로 돌아온 요리사가 마을 사람들만 알고 있는 비밀스러운 규칙을 알게 된다. 이 과정에서 기술과 인간성을 마주하며 자신의 삶을 다시 바라본다. 코미디와 미스터리의 요소를 결합해 이야기를 따뜻한 시선으로 풀어낸 가상의 한국 영화.","대구의 오래된 극장을 배경으로, 고향으로 돌아온 요리사가 마을 사람들만 알고 있는 비밀스러운 규칙을 알게 된다. 이 과정에서 기술과 인간성을 마주하며 자신의 삶을 다시 바라본다. 코미디와 미스터리의 요소를 결합해 이야기를 따뜻한 시선으로 풀어낸 가상의 한국 영화. 코미디 미스터리 인공지능 로봇 학교 언론"
100182,마지막 지도로 가는 길 182,"달 기지을 배경으로, 택배 기사가 인공지능이 작성한 의문의 일기를 추적한다. 이 과정에서 기억과 정체성을 마주하며 자신의 삶을 다시 바라본다. 범죄와 애니메이션의 요소를 결합해 이야기를 긴장감 있게 풀어낸 가상의 한국 영화.","[{""id"": 7, ""name"": ""범죄""}, {""id"": 12, ""name"": ""애니메이션""}]","[{""id"": 125, ""name"": ""탐정""}, {""id"": 117, ""name"": ""범죄""}, {""id"": 112, ""name"": ""사랑""}, {""id"": 124, ""name"": ""시간여행""}]",ko,2009-12-04,6.7,877,27.708,91,False,False,"['범죄', '애니메이션']","['탐정', '범죄', '사랑', '시간여행']",범죄 애니메이션,탐정 범죄 사랑 시간여행,2009,"달 기지을 배경으로, 택배 기사가 인공지능이 작성한 의문의 일기를 추적한다. 이 과정에서 기억과 정체성을 마주하며 자신의 삶을 다시 바라본다. 범죄와 애니메이션의 요소를 결합해 이야기를 긴장감 있게 풀어낸 가상의 한국 영화.","달 기지을 배경으로, 택배 기사가 인공지능이 작성한 의문의 일기를 추적한다. 이 과정에서 기억과 정체성을 마주하며 자신의 삶을 다시 바라본다. 범죄와 애니메이션의 요소를 결합해 이야기를 긴장감 있게 풀어낸 가상의 한국 영화. 범죄 애니메이션 탐정 범죄 사랑 시간여행"
100183,첫 번째 강과 우리 183,"제주도의 작은 해안마을을 배경으로, 가족과 멀어진 의사가 우연히 과거의 사건과 연결된 사진을 발견한다. 이 과정에서 우정과 신뢰을 마주하며 자신의 삶을 다시 바라본다. 애니메이션와 스릴러의 요소를 결합해 이야기를 긴장감 있게 풀어낸 가상의 한국 영화.","[{""id"": 12, ""name"": ""애니메이션""}, {""id"": 4, ""name"": ""스릴러""}]","[{""id"": 118, ""name"": ""미래""}, {""id"": 112, ""name"": ""사랑""}, {""id"": 108, ""name"": ""인공지능""}, {""id"": 120, ""name"": ""언론""}]",ko,2009-06-20,8.3,1014,32.36,104,False,False,"['애니메이션', '스릴러']","['미래', '사랑', '인공지능', '언론']",애니메이션 스릴러,미래 사랑 인공지능 언론,2009,"제주도의 작은 해안마을을 배경으로, 가족과 멀어진 의사가 우연히 과거의 사건과 연결된 사진을 발견한다. 이 과정에서 우정과 신뢰을 마주하며 자신의 삶을 다시 바라본다. 애니메이션와 스릴러의 요소를 결합해 이야기를 긴장감 있게 풀어낸 가상의 한국 영화.","제주도의 작은 해안마을을 배경으로, 가족과 멀어진 의사가 우연히 과거의 사건과 연결된 사진을 발견한다. 이 과정에서 우정과 신뢰을 마주하며 자신의 삶을 다시 바라본다. 애니메이션와 스릴러의 요소를 결합해 이야기를 긴장감 있게 풀어낸 가상의 한국 영화. 애니메이션 스릴러 미래 사랑 인공지능 언론"
100184,낯선 정거장에게 184,"강원도의 산골마을을 배경으로, 고향으로 돌아온 요리사가 가족이 숨겨온 오래된 약속의 의미를 알게 된다. 이 과정에서 가족의 의미을 마주하며 자신의 삶을 다시 바라본다. 코미디와 모험의 요소를 결합해 이야기를 따뜻한 시선으로 풀어낸 가상의 한국 영화.","[{""id"": 2, ""name"": ""코미디""}, {""id"": 11, ""name"": ""모험""}]","[{""id"": 116, ""name"": ""학교""}, {""id"": 106, ""name"": ""서울""}, {""id"": 107, ""name"": ""바다""}, {""id"": 112, ""name"": ""사랑""}]",ko,2009-08-09,6.5,1151,22.041,117,False,False,"['코미디', '모험']","['학교', '서울', '바다', '사랑']",코미디 모험,학교 서울 바다 사랑,2009,"강원도의 산골마을을 배경으로, 고향으로 돌아온 요리사가 가족이 숨겨온 오래된 약속의 의미를 알게 된다. 이 과정에서 가족의 의미을 마주하며 자신의 삶을 다시 바라본다. 코미디와 모험의 요소를 결합해 이야기를 따뜻한 시선으로 풀어낸 가상의 한국 영화.","강원도의 산골마을을 배경으로, 고향으로 돌아온 요리사가 가족이 숨겨온 오래된 약속의 의미를 알게 된다. 이 과정에서 가족의 의미을 마주하며 자신의 삶을 다시 바라본다. 코미디와 모험의 요소를 결합해 이야기를 따뜻한 시선으로 풀어낸 가상의 한국 영화. 코미디 모험 학교 서울 바다 사랑"
100185,잊힌 숲 185,"전주의 한옥마을을 배경으로, 택배 기사가 폐쇄 예정인 공간을 지키기 위한 계획을 세운다. 이 과정에서 상실과 회복을 마주하며 자신의 삶을 다시 바라본다. 범죄와 로맨스의 요소를 결합해 이야기를 긴장감 있게 풀어낸 가상의 한국 영화.","[{""id"": 7, ""name"": ""범죄""}, {""id"": 3, ""name"": ""로맨스""}]","[{""id"": 110, ""name"": ""추적""}, {""id"": 121, ""name"": ""가짜뉴스""}, {""id"": 101, ""name"": ""가족""}, {""id"": 122, ""name"": ""공동체""}]",ko,2009-09-28,8.2,1288,30.786,130,False,False,"['범죄', '로맨스']","['추적', '가짜뉴스', '가족', '공동체']",범죄 로맨스,추적 가짜뉴스 가족 공동체,2009,"전주의 한옥마을을 배경으로, 택배 기사가 폐쇄 예정인 공간을 지키기 위한 계획을 세운다. 이 과정에서 상실과 회복을 마주하며 자신의 삶을 다시 바라본다. 범죄와 로맨스의 요소를 결합해 이야기를 긴장감 있게 풀어낸 가상의 한국 영화.","전주의 한옥마을을 배경으로, 택배 기사가 폐쇄 예정인 공간을 지키기 위한 계획을 세운다. 이 과정에서 상실과 회복을 마주하며 자신의 삶을 다시 바라본다. 범죄와 로맨스의 요소를 결합해 이야기를 긴장감 있게 풀어낸 가상의 한국 영화. 범죄 로맨스 추적 가짜뉴스 가족 공동체"
100186,비밀의 사진의 끝 186,"가상의 미래 도시을 배경으로, 가족과 멀어진 의사가 수십 년 전 사라진 편지 한 통을 발견한다. 이 과정에서 도전과 성장을 마주하며 자신의 삶을 다시 바라본다. 애니메이션와 SF의 요소를 결합해 이야기를 긴장감 있게 풀어낸 가상의 한국 영화.","[{""id"": 12, ""name"": ""애니메이션""}, {""id"": 10, ""name"": ""SF""}]","[{""id"": 122, ""name"": ""공동체""}, {""id"": 120, ""name"": ""언론""}, {""id"": 108, ""name"": ""인공지능""}, {""id"": 125, ""name"": ""탐정""}]",ko,2009-11-17,6.4,1425,37.662,78,False,False,"['애니메이션', 'SF']","['공동체', '언론', '인공지능', '탐정']",애니메이션 SF,공동체 언론 인공지능 탐정,2009,"가상의 미래 도시을 배경으로, 가족과 멀어진 의사가 수십 년 전 사라진 편지 한 통을 발견한다. 이 과정에서 도전과 성장을 마주하며 자신의 삶을 다시 바라본다. 애니메이션와 SF의 요소를 결합해 이야기를 긴장감 있게 풀어낸 가상의 한국 영화.","가상의 미래 도시을 배경으로, 가족과 멀어진 의사가 수십 년 전 사라진 편지 한 통을 발견한다. 이 과정에서 도전과 성장을 마주하며 자신의 삶을 다시 바라본다. 애니메이션와 SF의 요소를 결합해 이야기를 긴장감 있게 풀어낸 가상의 한국 영화. 애니메이션 SF 공동체 언론 인공지능 탐정"
100187,고요한 로봇의 선택 187,"국경 근처의 작은 역을 배경으로, 고향으로 돌아온 요리사가 가짜 뉴스로 인해 무너진 관계를 회복하려 한다. 이 과정에서 진실과 거짓을 마주하며 자신의 삶을 다시 바라본다. 코미디와 미스터리의 요소를 결합해 이야기를 따뜻한 시선으로 풀어낸 가상의 한국 영화.","[{""id"": 2, ""name"": ""코미디""}, {""id"": 5, ""name"": ""미스터리""}]","[{""id"": 119, ""name"": ""환경""}, {""id"": 110, ""name"": ""추적""}, {""id"": 105, ""name"": ""제주""}, {""id"": 104, ""name"": ""미스터리""}]",ko,2010-01-06,7.9,1562,26.213,91,False,False,"['코미디', '미스터리']","['환경', '추적', '제주', '미스터리']",코미디 미스터리,환경 추적 제주 미스터리,2010,"국경 근처의 작은 역을 배경으로, 고향으로 돌아온 요리사가 가짜 뉴스로 인해 무너진 관계를 회복하려 한다. 이 과정에서 진실과 거짓을 마주하며 자신의 삶을 다시 바라본다. 코미디와 미스터리의 요소를 결합해 이야기를 따뜻한 시선으로 풀어낸 가상의 한국 영화.","국경 근처의 작은 역을 배경으로, 고향으로 돌아온 요리사가 가짜 뉴스로 인해 무너진 관계를 회복하려 한다. 이 과정에서 진실과 거짓을 마주하며 자신의 삶을 다시 바라본다. 코미디와 미스터리의 요소를 결합해 이야기를 따뜻한 시선으로 풀어낸 가상의 한국 영화. 코미디 미스터리 환경 추적 제주 미스터리"
100188,빛나는 신호을 기다리며 188,"부산항 인근을 배경으로, 택배 기사가 정체를 알 수 없는 음성 메시지를 매일 받기 시작한다. 이 과정에서 환경과 공존을 마주하며 자신의 삶을 다시 바라본다. 범죄와 판타지의 요소를 결합해 이야기를 긴장감 있게 풀어낸 가상의 한국 영화.","[{""id"": 7, ""name"": ""범죄""}, {""id"": 9, ""name"": ""판타지""}]","[{""id"": 125, ""name"": ""탐정""}, {""id"": 109, ""name"": ""로봇""}, {""id"": 118, ""name"": ""미래""}, {""id"": 105, ""name"": ""제주""}]",ko,2010-02-25,6.1,1699,35.545,104,False,False,"['범죄', '판타지']","['탐정', '로봇', '미래', '제주']",범죄 판타지,탐정 로봇 미래 제주,2010,"부산항 인근을 배경으로, 택배 기사가 정체를 알 수 없는 음성 메시지를 매일 받기 시작한다. 이 과정에서 환경과 공존을 마주하며 자신의 삶을 다시 바라본다. 범죄와 판타지의 요소를 결합해 이야기를 긴장감 있게 풀어낸 가상의 한국 영화.","부산항 인근을 배경으로, 택배 기사가 정체를 알 수 없는 음성 메시지를 매일 받기 시작한다. 이 과정에서 환경과 공존을 마주하며 자신의 삶을 다시 바라본다. 범죄와 판타지의 요소를 결합해 이야기를 긴장감 있게 풀어낸 가상의 한국 영화. 범죄 판타지 탐정 로봇 미래 제주"
100189,흐린 불꽃의 계절 189,"인천의 낡은 공단을 배경으로, 가족과 멀어진 의사가 도시 전체의 전력이 사라진 밤에 중요한 선택을 한다. 이 과정에서 세대 간 갈등을 마주하며 자신의 삶을 다시 바라본다. 애니메이션와 드라마의 요소를 결합해 이야기를 긴장감 있게 풀어낸 가상의 한국 영화.","[{""id"": 12, ""name"": ""애니메이션""}, {""id"": 1, ""name"": ""드라마""}]","[{""id"": 120, ""name"": ""언론""}, {""id"": 106, ""name"": ""서울""}, {""id"": 119, ""name"": ""환경""}, {""id"": 105, ""name"": ""제주""}]",ko,2010-04-16,7.9,1836,29.053,117,False,False,"['애니메이션', '드라마']","['언론', '서울', '환경', '제주']",애니메이션 드라마,언론 서울 환경 제주,2010,"인천의 낡은 공단을 배경으로, 가족과 멀어진 의사가 도시 전체의 전력이 사라진 밤에 중요한 선택을 한다. 이 과정에서 세대 간 갈등을 마주하며 자신의 삶을 다시 바라본다. 애니메이션와 드라마의 요소를 결합해 이야기를 긴장감 있게 풀어낸 가상의 한국 영화.","인천의 낡은 공단을 배경으로, 가족과 멀어진 의사가 도시 전체의 전력이 사라진 밤에 중요한 선택을 한다. 이 과정에서 세대 간 갈등을 마주하며 자신의 삶을 다시 바라본다. 애니메이션와 드라마의 요소를 결합해 이야기를 긴장감 있게 풀어낸 가상의 한국 영화. 애니메이션 드라마 언론 서울 환경 제주"
100190,먼 도서관의 기록 190,"광주의 대학가을 배경으로, 고향으로 돌아온 요리사가 하루가 반복되는 이상한 현상을 겪는다. 이 과정에서 사랑과 이별을 마주하며 자신의 삶을 다시 바라본다. 코미디와 가족의 요소를 결합해 이야기를 따뜻한 시선으로 풀어낸 가상의 한국 영화.","[{""id"": 2, ""name"": ""코미디""}, {""id"": 8, ""name"": ""가족""}]","[{""id"": 124, ""name"": ""시간여행""}, {""id"": 120, ""name"": ""언론""}, {""id"": 108, ""name"": ""인공지능""}, {""id"": 121, ""name"": ""가짜뉴스""}]",ko,2009-10-31,6.0,1973,36.539,130,False,False,"['코미디', '가족']","['시간여행', '언론', '인공지능', '가짜뉴스']",코미디 가족,시간여행 언론 인공지능 가짜뉴스,2009,"광주의 대학가을 배경으로, 고향으로 돌아온 요리사가 하루가 반복되는 이상한 현상을 겪는다. 이 과정에서 사랑과 이별을 마주하며 자신의 삶을 다시 바라본다. 코미디와 가족의 요소를 결합해 이야기를 따뜻한 시선으로 풀어낸 가상의 한국 영화.","광주의 대학가을 배경으로, 고향으로 돌아온 요리사가 하루가 반복되는 이상한 현상을 겪는다. 이 과정에서 사랑과 이별을 마주하며 자신의 삶을 다시 바라본다. 코미디와 가족의 요소를 결합해 이야기를 따뜻한 시선으로 풀어낸 가상의 한국 영화. 코미디 가족 시간여행 언론 인공지능 가짜뉴스"
100191,작은 별의 하루 191,"외딴 섬을 배경으로, 택배 기사가 실종 사건의 단서가 된 노래를 해석하기 시작한다. 이 과정에서 선택과 책임을 마주하며 자신의 삶을 다시 바라본다. 범죄와 다큐멘터리의 요소를 결합해 이야기를 긴장감 있게 풀어낸 가상의 한국 영화.","[{""id"": 7, ""name"": ""범죄""}, {""id"": 15, ""name"": ""다큐멘터리""}]","[{""id"": 112, ""name"": ""사랑""}, {""id"": 120, ""name"": ""언론""}, {""id"": 122, ""name"": ""공동체""}, {""id"": 123, ""name"": ""역사""}]",ko,2009-12-20,7.7,2110,22.943,78,False,False,"['범죄', '다큐멘터리']","['사랑', '언론', '공동체', '역사']",범죄 다큐멘터리,사랑 언론 공동체 역사,2009,"외딴 섬을 배경으로, 택배 기사가 실종 사건의 단서가 된 노래를 해석하기 시작한다. 이 과정에서 선택과 책임을 마주하며 자신의 삶을 다시 바라본다. 범죄와 다큐멘터리의 요소를 결합해 이야기를 긴장감 있게 풀어낸 가상의 한국 영화.","외딴 섬을 배경으로, 택배 기사가 실종 사건의 단서가 된 노래를 해석하기 시작한다. 이 과정에서 선택과 책임을 마주하며 자신의 삶을 다시 바라본다. 범죄와 다큐멘터리의 요소를 결합해 이야기를 긴장감 있게 풀어낸 가상의 한국 영화. 범죄 다큐멘터리 사랑 언론 공동체 역사"
100192,오래된 식당에서 만난 사람 192,"서울의 오래된 골목을 배경으로, 가족과 멀어진 의사가 서로 다른 목적을 가진 사람들과 뜻밖의 팀을 이룬다. 이 과정에서 지역 공동체을 마주하며 자신의 삶을 다시 바라본다. 애니메이션와 범죄의 요소를 결합해 이야기를 긴장감 있게 풀어낸 가상의 한국 영화.","[{""id"": 12, ""name"": ""애니메이션""}, {""id"": 7, ""name"": ""범죄""}]","[{""id"": 102, ""name"": ""우정""}, {""id"": 107, ""name"": ""바다""}, {""id"": 117, ""name"": ""범죄""}, {""id"": 114, ""name"": ""음악""}]",ko,2010-02-08,5.7,2247,30.565,91,False,False,"['애니메이션', '범죄']","['우정', '바다', '범죄', '음악']",애니메이션 범죄,우정 바다 범죄 음악,2010,"서울의 오래된 골목을 배경으로, 가족과 멀어진 의사가 서로 다른 목적을 가진 사람들과 뜻밖의 팀을 이룬다. 이 과정에서 지역 공동체을 마주하며 자신의 삶을 다시 바라본다. 애니메이션와 범죄의 요소를 결합해 이야기를 긴장감 있게 풀어낸 가상의 한국 영화.","서울의 오래된 골목을 배경으로, 가족과 멀어진 의사가 서로 다른 목적을 가진 사람들과 뜻밖의 팀을 이룬다. 이 과정에서 지역 공동체을 마주하며 자신의 삶을 다시 바라본다. 애니메이션와 범죄의 요소를 결합해 이야기를 긴장감 있게 풀어낸 가상의 한국 영화. 애니메이션 범죄 우정 바다 범죄 음악"
100193,새로운 비행의 밤 193,"한강변을 배경으로, 고향으로 돌아온 요리사가 마을 사람들만 알고 있는 비밀스러운 규칙을 알게 된다. 이 과정에서 기술과 인간성을 마주하며 자신의 삶을 다시 바라본다. 코미디와 역사의 요소를 결합해 이야기를 따뜻한 시선으로 풀어낸 가상의 한국 영화.","[{""id"": 2, ""name"": ""코미디""}, {""id"": 14, ""name"": ""역사""}]","[{""id"": 124, ""name"": ""시간여행""}, {""id"": 109, ""name"": ""로봇""}, {""id"": 116, ""name"": ""학교""}, {""id"": 112, ""name"": ""사랑""}]",ko,2010-03-30,7.5,2384,33.01,104,False,False,"['코미디', '역사']","['시간여행', '로봇', '학교', '사랑']",코미디 역사,시간여행 로봇 학교 사랑,2010,"한강변을 배경으로, 고향으로 돌아온 요리사가 마을 사람들만 알고 있는 비밀스러운 규칙을 알게 된다. 이 과정에서 기술과 인간성을 마주하며 자신의 삶을 다시 바라본다. 코미디와 역사의 요소를 결합해 이야기를 따뜻한 시선으로 풀어낸 가상의 한국 영화.","한강변을 배경으로, 고향으로 돌아온 요리사가 마을 사람들만 알고 있는 비밀스러운 규칙을 알게 된다. 이 과정에서 기술과 인간성을 마주하며 자신의 삶을 다시 바라본다. 코미디와 역사의 요소를 결합해 이야기를 따뜻한 시선으로 풀어낸 가상의 한국 영화. 코미디 역사 시간여행 로봇 학교 사랑"
100194,달빛 아래 터널의 온도 194,"대구의 오래된 극장을 배경으로, 택배 기사가 인공지능이 작성한 의문의 일기를 추적한다. 이 과정에서 기억과 정체성을 마주하며 자신의 삶을 다시 바라본다. 범죄와 액션의 요소를 결합해 이야기를 긴장감 있게 풀어낸 가상의 한국 영화.","[{""id"": 7, ""name"": ""범죄""}, {""id"": 6, ""name"": ""액션""}]","[{""id"": 110, ""name"": ""추적""}, {""id"": 120, ""name"": ""언론""}, {""id"": 119, ""name"": ""환경""}, {""id"": 102, ""name"": ""우정""}]",ko,2010-05-19,5.5,2521,28.923,117,False,False,"['범죄', '액션']","['추적', '언론', '환경', '우정']",범죄 액션,추적 언론 환경 우정,2010,"대구의 오래된 극장을 배경으로, 택배 기사가 인공지능이 작성한 의문의 일기를 추적한다. 이 과정에서 기억과 정체성을 마주하며 자신의 삶을 다시 바라본다. 범죄와 액션의 요소를 결합해 이야기를 긴장감 있게 풀어낸 가상의 한국 영화.","대구의 오래된 극장을 배경으로, 택배 기사가 인공지능이 작성한 의문의 일기를 추적한다. 이 과정에서 기억과 정체성을 마주하며 자신의 삶을 다시 바라본다. 범죄와 액션의 요소를 결합해 이야기를 긴장감 있게 풀어낸 가상의 한국 영화. 범죄 액션 추적 언론 환경 우정"
100195,바람 속 약속 너머 195,"달 기지을 배경으로, 가족과 멀어진 의사가 우연히 과거의 사건과 연결된 사진을 발견한다. 이 과정에서 우정과 신뢰을 마주하며 자신의 삶을 다시 바라본다. 애니메이션와 음악의 요소를 결합해 이야기를 긴장감 있게 풀어낸 가상의 한국 영화.","[{""id"": 12, ""name"": ""애니메이션""}, {""id"": 13, ""name"": ""음악""}]","[{""id"": 110, ""name"": ""추적""}, {""id"": 123, ""name"": ""역사""}, {""id"": 122, ""name"": ""공동체""}, {""id"": 105, ""name"": ""제주""}]",ko,2010-07-08,7.1,2658,25.733,130,False,False,"['애니메이션', '음악']","['추적', '역사', '공동체', '제주']",애니메이션 음악,추적 역사 공동체 제주,2010,"달 기지을 배경으로, 가족과 멀어진 의사가 우연히 과거의 사건과 연결된 사진을 발견한다. 이 과정에서 우정과 신뢰을 마주하며 자신의 삶을 다시 바라본다. 애니메이션와 음악의 요소를 결합해 이야기를 긴장감 있게 풀어낸 가상의 한국 영화.","달 기지을 배경으로, 가족과 멀어진 의사가 우연히 과거의 사건과 연결된 사진을 발견한다. 이 과정에서 우정과 신뢰을 마주하며 자신의 삶을 다시 바라본다. 애니메이션와 음악의 요소를 결합해 이야기를 긴장감 있게 풀어낸 가상의 한국 영화. 애니메이션 음악 추적 역사 공동체 제주"
100196,비 오는 날 극장의 비밀 196,"제주도의 작은 해안마을을 배경으로, 고향으로 돌아온 요리사가 가족이 숨겨온 오래된 약속의 의미를 알게 된다. 이 과정에서 가족의 의미을 마주하며 자신의 삶을 다시 바라본다. 코미디와 미스터리의 요소를 결합해 이야기를 따뜻한 시선으로 풀어낸 가상의 한국 영화.","[{""id"": 2, ""name"": ""코미디""}, {""id"": 5, ""name"": ""미스터리""}]","[{""id"": 122, ""name"": ""공동체""}, {""id"": 119, ""name"": ""환경""}, {""id"": 121, ""name"": ""가짜뉴스""}, {""id"": 104, ""name"": ""미스터리""}]",ko,2010-08-27,5.3,2795,32.441,78,False,False,"['코미디', '미스터리']","['공동체', '환경', '가짜뉴스', '미스터리']",코미디 미스터리,공동체 환경 가짜뉴스 미스터리,2010,"제주도의 작은 해안마을을 배경으로, 고향으로 돌아온 요리사가 가족이 숨겨온 오래된 약속의 의미를 알게 된다. 이 과정에서 가족의 의미을 마주하며 자신의 삶을 다시 바라본다. 코미디와 미스터리의 요소를 결합해 이야기를 따뜻한 시선으로 풀어낸 가상의 한국 영화.","제주도의 작은 해안마을을 배경으로, 고향으로 돌아온 요리사가 가족이 숨겨온 오래된 약속의 의미를 알게 된다. 이 과정에서 가족의 의미을 마주하며 자신의 삶을 다시 바라본다. 코미디와 미스터리의 요소를 결합해 이야기를 따뜻한 시선으로 풀어낸 가상의 한국 영화. 코미디 미스터리 공동체 환경 가짜뉴스 미스터리"
100197,제주의 시간로 가는 길 197,"강원도의 산골마을을 배경으로, 택배 기사가 폐쇄 예정인 공간을 지키기 위한 계획을 세운다. 이 과정에서 상실과 회복을 마주하며 자신의 삶을 다시 바라본다. 범죄와 애니메이션의 요소를 결합해 이야기를 긴장감 있게 풀어낸 가상의 한국 영화.","[{""id"": 7, ""name"": ""범죄""}, {""id"": 12, ""name"": ""애니메이션""}]","[{""id"": 121, ""name"": ""가짜뉴스""}, {""id"": 116, ""name"": ""학교""}, {""id"": 106, ""name"": ""서울""}, {""id"": 124, ""name"": ""시간여행""}]",ko,2010-03-13,6.9,2932,32.233,91,False,False,"['범죄', '애니메이션']","['가짜뉴스', '학교', '서울', '시간여행']",범죄 애니메이션,가짜뉴스 학교 서울 시간여행,2010,"강원도의 산골마을을 배경으로, 택배 기사가 폐쇄 예정인 공간을 지키기 위한 계획을 세운다. 이 과정에서 상실과 회복을 마주하며 자신의 삶을 다시 바라본다. 범죄와 애니메이션의 요소를 결합해 이야기를 긴장감 있게 풀어낸 가상의 한국 영화.","강원도의 산골마을을 배경으로, 택배 기사가 폐쇄 예정인 공간을 지키기 위한 계획을 세운다. 이 과정에서 상실과 회복을 마주하며 자신의 삶을 다시 바라본다. 범죄와 애니메이션의 요소를 결합해 이야기를 긴장감 있게 풀어낸 가상의 한국 영화. 범죄 애니메이션 가짜뉴스 학교 서울 시간여행"
100198,서울의 학교과 우리 198,"전주의 한옥마을을 배경으로, 가족과 멀어진 의사가 수십 년 전 사라진 편지 한 통을 발견한다. 이 과정에서 도전과 성장을 마주하며 자신의 삶을 다시 바라본다. 애니메이션와 스릴러의 요소를 결합해 이야기를 긴장감 있게 풀어낸 가상의 한국 영화.","[{""id"": 12, ""name"": ""애니메이션""}, {""id"": 4, ""name"": ""스릴러""}]","[{""id"": 103, ""name"": ""기억""}, {""id"": 121, ""name"": ""가짜뉴스""}, {""id"": 118, ""name"": ""미래""}, {""id"": 102, ""name"": ""우정""}]",ko,2010-05-02,5.1,3069,25.402,104,False,False,"['애니메이션', '스릴러']","['기억', '가짜뉴스', '미래', '우정']",애니메이션 스릴러,기억 가짜뉴스 미래 우정,2010,"전주의 한옥마을을 배경으로, 가족과 멀어진 의사가 수십 년 전 사라진 편지 한 통을 발견한다. 이 과정에서 도전과 성장을 마주하며 자신의 삶을 다시 바라본다. 애니메이션와 스릴러의 요소를 결합해 이야기를 긴장감 있게 풀어낸 가상의 한국 영화.","전주의 한옥마을을 배경으로, 가족과 멀어진 의사가 수십 년 전 사라진 편지 한 통을 발견한다. 이 과정에서 도전과 성장을 마주하며 자신의 삶을 다시 바라본다. 애니메이션와 스릴러의 요소를 결합해 이야기를 긴장감 있게 풀어낸 가상의 한국 영화. 애니메이션 스릴러 기억 가짜뉴스 미래 우정"
100199,부산의 문에게 199,"가상의 미래 도시을 배경으로, 고향으로 돌아온 요리사가 가짜 뉴스로 인해 무너진 관계를 회복하려 한다. 이 과정에서 진실과 거짓을 마주하며 자신의 삶을 다시 바라본다. 코미디와 모험의 요소를 결합해 이야기를 따뜻한 시선으로 풀어낸 가상의 한국 영화.","[{""id"": 2, ""name"": ""코미디""}, {""id"": 11, ""name"": ""모험""}]","[{""id"": 120, ""name"": ""언론""}, {""id"": 104, ""name"": ""미스터리""}, {""id"": 101, ""name"": ""가족""}, {""id"": 117, ""name"": ""범죄""}]",ko,2010-06-21,6.7,3206,29.811,117,False,False,"['코미디', '모험']","['언론', '미스터리', '가족', '범죄']",코미디 모험,언론 미스터리 가족 범죄,2010,"가상의 미래 도시을 배경으로, 고향으로 돌아온 요리사가 가짜 뉴스로 인해 무너진 관계를 회복하려 한다. 이 과정에서 진실과 거짓을 마주하며 자신의 삶을 다시 바라본다. 코미디와 모험의 요소를 결합해 이야기를 따뜻한 시선으로 풀어낸 가상의 한국 영화.","가상의 미래 도시을 배경으로, 고향으로 돌아온 요리사가 가짜 뉴스로 인해 무너진 관계를 회복하려 한다. 이 과정에서 진실과 거짓을 마주하며 자신의 삶을 다시 바라본다. 코미디와 모험의 요소를 결합해 이야기를 따뜻한 시선으로 풀어낸 가상의 한국 영화. 코미디 모험 언론 미스터리 가족 범죄"
100200,한강의 카페 200,"국경 근처의 작은 역을 배경으로, 택배 기사가 정체를 알 수 없는 음성 메시지를 매일 받기 시작한다. 이 과정에서 환경과 공존을 마주하며 자신의 삶을 다시 바라본다. 범죄와 로맨스의 요소를 결합해 이야기를 긴장감 있게 풀어낸 가상의 한국 영화.","[{""id"": 7, ""name"": ""범죄""}, {""id"": 3, ""name"": ""로맨스""}]","[{""id"": 114, ""name"": ""음악""}, {""id"": 122, ""name"": ""공동체""}, {""id"": 118, ""name"": ""미래""}, {""id"": 104, ""name"": ""미스터리""}]",ko,2010-08-10,8.4,3343,30.922,130,False,False,"['범죄', '로맨스']","['음악', '공동체', '미래', '미스터리']",범죄 로맨스,음악 공동체 미래 미스터리,2010,"국경 근처의 작은 역을 배경으로, 택배 기사가 정체를 알 수 없는 음성 메시지를 매일 받기 시작한다. 이 과정에서 환경과 공존을 마주하며 자신의 삶을 다시 바라본다. 범죄와 로맨스의 요소를 결합해 이야기를 긴장감 있게 풀어낸 가상의 한국 영화.","국경 근처의 작은 역을 배경으로, 택배 기사가 정체를 알 수 없는 음성 메시지를 매일 받기 시작한다. 이 과정에서 환경과 공존을 마주하며 자신의 삶을 다시 바라본다. 범죄와 로맨스의 요소를 결합해 이야기를 긴장감 있게 풀어낸 가상의 한국 영화. 범죄 로맨스 음악 공동체 미래 미스터리"
100201,새벽의 파도의 끝 201,"부산항 인근을 배경으로, 가족과 멀어진 의사가 도시 전체의 전력이 사라진 밤에 중요한 선택을 한다. 이 과정에서 세대 간 갈등을 마주하며 자신의 삶을 다시 바라본다. 애니메이션와 SF의 요소를 결합해 이야기를 긴장감 있게 풀어낸 가상의 한국 영화.","[{""id"": 12, ""name"": ""애니메이션""}, {""id"": 10, ""name"": ""SF""}]","[{""id"": 125, ""name"": ""탐정""}, {""id"": 114, ""name"": ""음악""}, {""id"": 121, ""name"": ""가짜뉴스""}, {""id"": 115, ""name"": ""요리""}]",ko,2010-09-29,6.7,3480,26.921,78,False,False,"['애니메이션', 'SF']","['탐정', '음악', '가짜뉴스', '요리']",애니메이션 SF,탐정 음악 가짜뉴스 요리,2010,"부산항 인근을 배경으로, 가족과 멀어진 의사가 도시 전체의 전력이 사라진 밤에 중요한 선택을 한다. 이 과정에서 세대 간 갈등을 마주하며 자신의 삶을 다시 바라본다. 애니메이션와 SF의 요소를 결합해 이야기를 긴장감 있게 풀어낸 가상의 한국 영화.","부산항 인근을 배경으로, 가족과 멀어진 의사가 도시 전체의 전력이 사라진 밤에 중요한 선택을 한다. 이 과정에서 세대 간 갈등을 마주하며 자신의 삶을 다시 바라본다. 애니메이션와 SF의 요소를 결합해 이야기를 긴장감 있게 풀어낸 가상의 한국 영화. 애니메이션 SF 탐정 음악 가짜뉴스 요리"
100202,겨울의 섬의 선택 202,"인천의 낡은 공단을 배경으로, 고향으로 돌아온 요리사가 하루가 반복되는 이상한 현상을 겪는다. 이 과정에서 사랑과 이별을 마주하며 자신의 삶을 다시 바라본다. 코미디와 미스터리의 요소를 결합해 이야기를 따뜻한 시선으로 풀어낸 가상의 한국 영화.","[{""id"": 2, ""name"": ""코미디""}, {""id"": 5, ""name"": ""미스터리""}]","[{""id"": 101, ""name"": ""가족""}, {""id"": 120, ""name"": ""언론""}, {""id"": 112, ""name"": ""사랑""}, {""id"": 102, ""name"": ""우정""}]",ko,2010-11-18,8.4,3617,27.461,91,False,False,"['코미디', '미스터리']","['가족', '언론', '사랑', '우정']",코미디 미스터리,가족 언론 사랑 우정,2010,"인천의 낡은 공단을 배경으로, 고향으로 돌아온 요리사가 하루가 반복되는 이상한 현상을 겪는다. 이 과정에서 사랑과 이별을 마주하며 자신의 삶을 다시 바라본다. 코미디와 미스터리의 요소를 결합해 이야기를 따뜻한 시선으로 풀어낸 가상의 한국 영화.","인천의 낡은 공단을 배경으로, 고향으로 돌아온 요리사가 하루가 반복되는 이상한 현상을 겪는다. 이 과정에서 사랑과 이별을 마주하며 자신의 삶을 다시 바라본다. 코미디와 미스터리의 요소를 결합해 이야기를 따뜻한 시선으로 풀어낸 가상의 한국 영화. 코미디 미스터리 가족 언론 사랑 우정"
100203,여름의 노래을 기다리며 203,"광주의 대학가을 배경으로, 택배 기사가 실종 사건의 단서가 된 노래를 해석하기 시작한다. 이 과정에서 선택과 책임을 마주하며 자신의 삶을 다시 바라본다. 범죄와 판타지의 요소를 결합해 이야기를 긴장감 있게 풀어낸 가상의 한국 영화.","[{""id"": 7, ""name"": ""범죄""}, {""id"": 9, ""name"": ""판타지""}]","[{""id"": 115, ""name"": ""요리""}, {""id"": 110, ""name"": ""추적""}, {""id"": 113, ""name"": ""여행""}, {""id"": 120, ""name"": ""언론""}]",ko,2011-01-07,6.5,3754,37.377,104,False,False,"['범죄', '판타지']","['요리', '추적', '여행', '언론']",범죄 판타지,요리 추적 여행 언론,2011,"광주의 대학가을 배경으로, 택배 기사가 실종 사건의 단서가 된 노래를 해석하기 시작한다. 이 과정에서 선택과 책임을 마주하며 자신의 삶을 다시 바라본다. 범죄와 판타지의 요소를 결합해 이야기를 긴장감 있게 풀어낸 가상의 한국 영화.","광주의 대학가을 배경으로, 택배 기사가 실종 사건의 단서가 된 노래를 해석하기 시작한다. 이 과정에서 선택과 책임을 마주하며 자신의 삶을 다시 바라본다. 범죄와 판타지의 요소를 결합해 이야기를 긴장감 있게 풀어낸 가상의 한국 영화. 범죄 판타지 요리 추적 여행 언론"
100204,봄날의 탐정의 계절 204,"외딴 섬을 배경으로, 가족과 멀어진 의사가 서로 다른 목적을 가진 사람들과 뜻밖의 팀을 이룬다. 이 과정에서 지역 공동체을 마주하며 자신의 삶을 다시 바라본다. 애니메이션와 드라마의 요소를 결합해 이야기를 긴장감 있게 풀어낸 가상의 한국 영화.","[{""id"": 12, ""name"": ""애니메이션""}, {""id"": 1, ""name"": ""드라마""}]","[{""id"": 122, ""name"": ""공동체""}, {""id"": 101, ""name"": ""가족""}, {""id"": 114, ""name"": ""음악""}, {""id"": 124, ""name"": ""시간여행""}]",ko,2010-07-24,8.1,3891,37.126,117,False,False,"['애니메이션', '드라마']","['공동체', '가족', '음악', '시간여행']",애니메이션 드라마,공동체 가족 음악 시간여행,2010,"외딴 섬을 배경으로, 가족과 멀어진 의사가 서로 다른 목적을 가진 사람들과 뜻밖의 팀을 이룬다. 이 과정에서 지역 공동체을 마주하며 자신의 삶을 다시 바라본다. 애니메이션와 드라마의 요소를 결합해 이야기를 긴장감 있게 풀어낸 가상의 한국 영화.","외딴 섬을 배경으로, 가족과 멀어진 의사가 서로 다른 목적을 가진 사람들과 뜻밖의 팀을 이룬다. 이 과정에서 지역 공동체을 마주하며 자신의 삶을 다시 바라본다. 애니메이션와 드라마의 요소를 결합해 이야기를 긴장감 있게 풀어낸 가상의 한국 영화. 애니메이션 드라마 공동체 가족 음악 시간여행"
100205,가을의 레시피의 기록 205,"서울의 오래된 골목을 배경으로, 고향으로 돌아온 요리사가 마을 사람들만 알고 있는 비밀스러운 규칙을 알게 된다. 이 과정에서 기술과 인간성을 마주하며 자신의 삶을 다시 바라본다. 코미디와 가족의 요소를 결합해 이야기를 따뜻한 시선으로 풀어낸 가상의 한국 영화.","[{""id"": 2, ""name"": ""코미디""}, {""id"": 8, ""name"": ""가족""}]","[{""id"": 118, ""name"": ""미래""}, {""id"": 122, ""name"": ""공동체""}, {""id"": 123, ""name"": ""역사""}, {""id"": 106, ""name"": ""서울""}]",ko,2010-09-12,6.3,4028,26.156,130,False,False,"['코미디', '가족']","['미래', '공동체', '역사', '서울']",코미디 가족,미래 공동체 역사 서울,2010,"서울의 오래된 골목을 배경으로, 고향으로 돌아온 요리사가 마을 사람들만 알고 있는 비밀스러운 규칙을 알게 된다. 이 과정에서 기술과 인간성을 마주하며 자신의 삶을 다시 바라본다. 코미디와 가족의 요소를 결합해 이야기를 따뜻한 시선으로 풀어낸 가상의 한국 영화.","서울의 오래된 골목을 배경으로, 고향으로 돌아온 요리사가 마을 사람들만 알고 있는 비밀스러운 규칙을 알게 된다. 이 과정에서 기술과 인간성을 마주하며 자신의 삶을 다시 바라본다. 코미디와 가족의 요소를 결합해 이야기를 따뜻한 시선으로 풀어낸 가상의 한국 영화. 코미디 가족 미래 공동체 역사 서울"
100206,푸른 눈의 하루 206,"한강변을 배경으로, 택배 기사가 인공지능이 작성한 의문의 일기를 추적한다. 이 과정에서 기억과 정체성을 마주하며 자신의 삶을 다시 바라본다. 범죄와 다큐멘터리의 요소를 결합해 이야기를 긴장감 있게 풀어낸 가상의 한국 영화.","[{""id"": 7, ""name"": ""범죄""}, {""id"": 15, ""name"": ""다큐멘터리""}]","[{""id"": 114, ""name"": ""음악""}, {""id"": 112, ""name"": ""사랑""}, {""id"": 117, ""name"": ""범죄""}, {""id"": 119, ""name"": ""환경""}]",ko,2010-11-01,7.9,4165,29.311,78,False,False,"['범죄', '다큐멘터리']","['음악', '사랑', '범죄', '환경']",범죄 다큐멘터리,음악 사랑 범죄 환경,2010,"한강변을 배경으로, 택배 기사가 인공지능이 작성한 의문의 일기를 추적한다. 이 과정에서 기억과 정체성을 마주하며 자신의 삶을 다시 바라본다. 범죄와 다큐멘터리의 요소를 결합해 이야기를 긴장감 있게 풀어낸 가상의 한국 영화.","한강변을 배경으로, 택배 기사가 인공지능이 작성한 의문의 일기를 추적한다. 이 과정에서 기억과 정체성을 마주하며 자신의 삶을 다시 바라본다. 범죄와 다큐멘터리의 요소를 결합해 이야기를 긴장감 있게 풀어낸 가상의 한국 영화. 범죄 다큐멘터리 음악 사랑 범죄 환경"
100207,붉은 골목에서 만난 사람 207,"대구의 오래된 극장을 배경으로, 가족과 멀어진 의사가 우연히 과거의 사건과 연결된 사진을 발견한다. 이 과정에서 우정과 신뢰을 마주하며 자신의 삶을 다시 바라본다. 애니메이션와 범죄의 요소를 결합해 이야기를 긴장감 있게 풀어낸 가상의 한국 영화.","[{""id"": 12, ""name"": ""애니메이션""}, {""id"": 7, ""name"": ""범죄""}]","[{""id"": 103, ""name"": ""기억""}, {""id"": 108, ""name"": ""인공지능""}, {""id"": 118, ""name"": ""미래""}, {""id"": 115, ""name"": ""요리""}]",ko,2010-12-21,6.0,4302,24.416,91,False,False,"['애니메이션', '범죄']","['기억', '인공지능', '미래', '요리']",애니메이션 범죄,기억 인공지능 미래 요리,2010,"대구의 오래된 극장을 배경으로, 가족과 멀어진 의사가 우연히 과거의 사건과 연결된 사진을 발견한다. 이 과정에서 우정과 신뢰을 마주하며 자신의 삶을 다시 바라본다. 애니메이션와 범죄의 요소를 결합해 이야기를 긴장감 있게 풀어낸 가상의 한국 영화.","대구의 오래된 극장을 배경으로, 가족과 멀어진 의사가 우연히 과거의 사건과 연결된 사진을 발견한다. 이 과정에서 우정과 신뢰을 마주하며 자신의 삶을 다시 바라본다. 애니메이션와 범죄의 요소를 결합해 이야기를 긴장감 있게 풀어낸 가상의 한국 영화. 애니메이션 범죄 기억 인공지능 미래 요리"
100208,검은 마을의 밤 208,"달 기지을 배경으로, 고향으로 돌아온 요리사가 가족이 숨겨온 오래된 약속의 의미를 알게 된다. 이 과정에서 가족의 의미을 마주하며 자신의 삶을 다시 바라본다. 코미디와 역사의 요소를 결합해 이야기를 따뜻한 시선으로 풀어낸 가상의 한국 영화.","[{""id"": 2, ""name"": ""코미디""}, {""id"": 14, ""name"": ""역사""}]","[{""id"": 103, ""name"": ""기억""}, {""id"": 125, ""name"": ""탐정""}, {""id"": 114, ""name"": ""음악""}, {""id"": 104, ""name"": ""미스터리""}]",ko,2011-02-09,7.6,4439,37.746,104,False,False,"['코미디', '역사']","['기억', '탐정', '음악', '미스터리']",코미디 역사,기억 탐정 음악 미스터리,2011,"달 기지을 배경으로, 고향으로 돌아온 요리사가 가족이 숨겨온 오래된 약속의 의미를 알게 된다. 이 과정에서 가족의 의미을 마주하며 자신의 삶을 다시 바라본다. 코미디와 역사의 요소를 결합해 이야기를 따뜻한 시선으로 풀어낸 가상의 한국 영화.","달 기지을 배경으로, 고향으로 돌아온 요리사가 가족이 숨겨온 오래된 약속의 의미를 알게 된다. 이 과정에서 가족의 의미을 마주하며 자신의 삶을 다시 바라본다. 코미디와 역사의 요소를 결합해 이야기를 따뜻한 시선으로 풀어낸 가상의 한국 영화. 코미디 역사 기억 탐정 음악 미스터리"
100209,하얀 열차의 온도 209,"제주도의 작은 해안마을을 배경으로, 택배 기사가 폐쇄 예정인 공간을 지키기 위한 계획을 세운다. 이 과정에서 상실과 회복을 마주하며 자신의 삶을 다시 바라본다. 범죄와 액션의 요소를 결합해 이야기를 긴장감 있게 풀어낸 가상의 한국 영화.","[{""id"": 7, ""name"": ""범죄""}, {""id"": 6, ""name"": ""액션""}]","[{""id"": 108, ""name"": ""인공지능""}, {""id"": 109, ""name"": ""로봇""}, {""id"": 116, ""name"": ""학교""}, {""id"": 106, ""name"": ""서울""}]",ko,2011-03-31,5.9,4576,37.582,117,False,False,"['범죄', '액션']","['인공지능', '로봇', '학교', '서울']",범죄 액션,인공지능 로봇 학교 서울,2011,"제주도의 작은 해안마을을 배경으로, 택배 기사가 폐쇄 예정인 공간을 지키기 위한 계획을 세운다. 이 과정에서 상실과 회복을 마주하며 자신의 삶을 다시 바라본다. 범죄와 액션의 요소를 결합해 이야기를 긴장감 있게 풀어낸 가상의 한국 영화.","제주도의 작은 해안마을을 배경으로, 택배 기사가 폐쇄 예정인 공간을 지키기 위한 계획을 세운다. 이 과정에서 상실과 회복을 마주하며 자신의 삶을 다시 바라본다. 범죄와 액션의 요소를 결합해 이야기를 긴장감 있게 풀어낸 가상의 한국 영화. 범죄 액션 인공지능 로봇 학교 서울"
100210,마지막 우주선 너머 210,"강원도의 산골마을을 배경으로, 가족과 멀어진 의사가 수십 년 전 사라진 편지 한 통을 발견한다. 이 과정에서 도전과 성장을 마주하며 자신의 삶을 다시 바라본다. 애니메이션와 음악의 요소를 결합해 이야기를 긴장감 있게 풀어낸 가상의 한국 영화.","[{""id"": 12, ""name"": ""애니메이션""}, {""id"": 13, ""name"": ""음악""}]","[{""id"": 124, ""name"": ""시간여행""}, {""id"": 104, ""name"": ""미스터리""}, {""id"": 114, ""name"": ""음악""}, {""id"": 107, ""name"": ""바다""}]",ko,2011-05-20,7.5,4713,26.668,130,False,False,"['애니메이션', '음악']","['시간여행', '미스터리', '음악', '바다']",애니메이션 음악,시간여행 미스터리 음악 바다,2011,"강원도의 산골마을을 배경으로, 가족과 멀어진 의사가 수십 년 전 사라진 편지 한 통을 발견한다. 이 과정에서 도전과 성장을 마주하며 자신의 삶을 다시 바라본다. 애니메이션와 음악의 요소를 결합해 이야기를 긴장감 있게 풀어낸 가상의 한국 영화.","강원도의 산골마을을 배경으로, 가족과 멀어진 의사가 수십 년 전 사라진 편지 한 통을 발견한다. 이 과정에서 도전과 성장을 마주하며 자신의 삶을 다시 바라본다. 애니메이션와 음악의 요소를 결합해 이야기를 긴장감 있게 풀어낸 가상의 한국 영화. 애니메이션 음악 시간여행 미스터리 음악 바다"
100211,첫 번째 전화의 비밀 211,"전주의 한옥마을을 배경으로, 고향으로 돌아온 요리사가 가짜 뉴스로 인해 무너진 관계를 회복하려 한다. 이 과정에서 진실과 거짓을 마주하며 자신의 삶을 다시 바라본다. 코미디와 미스터리의 요소를 결합해 이야기를 따뜻한 시선으로 풀어낸 가상의 한국 영화.","[{""id"": 2, ""name"": ""코미디""}, {""id"": 5, ""name"": ""미스터리""}]","[{""id"": 101, ""name"": ""가족""}, {""id"": 111, ""name"": ""성장""}, {""id"": 121, ""name"": ""가짜뉴스""}, {""id"": 122, ""name"": ""공동체""}]",ko,2010-12-04,5.5,4850,39.544,78,False,False,"['코미디', '미스터리']","['가족', '성장', '가짜뉴스', '공동체']",코미디 미스터리,가족 성장 가짜뉴스 공동체,2010,"전주의 한옥마을을 배경으로, 고향으로 돌아온 요리사가 가짜 뉴스로 인해 무너진 관계를 회복하려 한다. 이 과정에서 진실과 거짓을 마주하며 자신의 삶을 다시 바라본다. 코미디와 미스터리의 요소를 결합해 이야기를 따뜻한 시선으로 풀어낸 가상의 한국 영화.","전주의 한옥마을을 배경으로, 고향으로 돌아온 요리사가 가짜 뉴스로 인해 무너진 관계를 회복하려 한다. 이 과정에서 진실과 거짓을 마주하며 자신의 삶을 다시 바라본다. 코미디와 미스터리의 요소를 결합해 이야기를 따뜻한 시선으로 풀어낸 가상의 한국 영화. 코미디 미스터리 가족 성장 가짜뉴스 공동체"
100212,낯선 편지로 가는 길 212,"가상의 미래 도시을 배경으로, 택배 기사가 정체를 알 수 없는 음성 메시지를 매일 받기 시작한다. 이 과정에서 환경과 공존을 마주하며 자신의 삶을 다시 바라본다. 범죄와 애니메이션의 요소를 결합해 이야기를 긴장감 있게 풀어낸 가상의 한국 영화.","[{""id"": 7, ""name"": ""범죄""}, {""id"": 12, ""name"": ""애니메이션""}]","[{""id"": 123, ""name"": ""역사""}, {""id"": 121, ""name"": ""가짜뉴스""}, {""id"": 107, ""name"": ""바다""}, {""id"": 122, ""name"": ""공동체""}]",ko,2011-01-23,7.4,4987,25.683,91,False,False,"['범죄', '애니메이션']","['역사', '가짜뉴스', '바다', '공동체']",범죄 애니메이션,역사 가짜뉴스 바다 공동체,2011,"가상의 미래 도시을 배경으로, 택배 기사가 정체를 알 수 없는 음성 메시지를 매일 받기 시작한다. 이 과정에서 환경과 공존을 마주하며 자신의 삶을 다시 바라본다. 범죄와 애니메이션의 요소를 결합해 이야기를 긴장감 있게 풀어낸 가상의 한국 영화.","가상의 미래 도시을 배경으로, 택배 기사가 정체를 알 수 없는 음성 메시지를 매일 받기 시작한다. 이 과정에서 환경과 공존을 마주하며 자신의 삶을 다시 바라본다. 범죄와 애니메이션의 요소를 결합해 이야기를 긴장감 있게 풀어낸 가상의 한국 영화. 범죄 애니메이션 역사 가짜뉴스 바다 공동체"
100213,잊힌 시장과 우리 213,"국경 근처의 작은 역을 배경으로, 가족과 멀어진 의사가 도시 전체의 전력이 사라진 밤에 중요한 선택을 한다. 이 과정에서 세대 간 갈등을 마주하며 자신의 삶을 다시 바라본다. 애니메이션와 스릴러의 요소를 결합해 이야기를 긴장감 있게 풀어낸 가상의 한국 영화.","[{""id"": 12, ""name"": ""애니메이션""}, {""id"": 4, ""name"": ""스릴러""}]","[{""id"": 114, ""name"": ""음악""}, {""id"": 109, ""name"": ""로봇""}, {""id"": 123, ""name"": ""역사""}, {""id"": 106, ""name"": ""서울""}]",ko,2011-03-14,5.4,5124,25.761,104,False,False,"['애니메이션', '스릴러']","['음악', '로봇', '역사', '서울']",애니메이션 스릴러,음악 로봇 역사 서울,2011,"국경 근처의 작은 역을 배경으로, 가족과 멀어진 의사가 도시 전체의 전력이 사라진 밤에 중요한 선택을 한다. 이 과정에서 세대 간 갈등을 마주하며 자신의 삶을 다시 바라본다. 애니메이션와 스릴러의 요소를 결합해 이야기를 긴장감 있게 풀어낸 가상의 한국 영화.","국경 근처의 작은 역을 배경으로, 가족과 멀어진 의사가 도시 전체의 전력이 사라진 밤에 중요한 선택을 한다. 이 과정에서 세대 간 갈등을 마주하며 자신의 삶을 다시 바라본다. 애니메이션와 스릴러의 요소를 결합해 이야기를 긴장감 있게 풀어낸 가상의 한국 영화. 애니메이션 스릴러 음악 로봇 역사 서울"
100214,비밀의 달에게 214,"부산항 인근을 배경으로, 고향으로 돌아온 요리사가 하루가 반복되는 이상한 현상을 겪는다. 이 과정에서 사랑과 이별을 마주하며 자신의 삶을 다시 바라본다. 코미디와 모험의 요소를 결합해 이야기를 따뜻한 시선으로 풀어낸 가상의 한국 영화.","[{""id"": 2, ""name"": ""코미디""}, {""id"": 11, ""name"": ""모험""}]","[{""id"": 118, ""name"": ""미래""}, {""id"": 124, ""name"": ""시간여행""}, {""id"": 122, ""name"": ""공동체""}, {""id"": 113, ""name"": ""여행""}]",ko,2011-05-03,7.1,5261,35.753,117,False,False,"['코미디', '모험']","['미래', '시간여행', '공동체', '여행']",코미디 모험,미래 시간여행 공동체 여행,2011,"부산항 인근을 배경으로, 고향으로 돌아온 요리사가 하루가 반복되는 이상한 현상을 겪는다. 이 과정에서 사랑과 이별을 마주하며 자신의 삶을 다시 바라본다. 코미디와 모험의 요소를 결합해 이야기를 따뜻한 시선으로 풀어낸 가상의 한국 영화.","부산항 인근을 배경으로, 고향으로 돌아온 요리사가 하루가 반복되는 이상한 현상을 겪는다. 이 과정에서 사랑과 이별을 마주하며 자신의 삶을 다시 바라본다. 코미디와 모험의 요소를 결합해 이야기를 따뜻한 시선으로 풀어낸 가상의 한국 영화. 코미디 모험 미래 시간여행 공동체 여행"
100215,고요한 호텔 215,"인천의 낡은 공단을 배경으로, 택배 기사가 실종 사건의 단서가 된 노래를 해석하기 시작한다. 이 과정에서 선택과 책임을 마주하며 자신의 삶을 다시 바라본다. 범죄와 로맨스의 요소를 결합해 이야기를 긴장감 있게 풀어낸 가상의 한국 영화.","[{""id"": 7, ""name"": ""범죄""}, {""id"": 3, ""name"": ""로맨스""}]","[{""id"": 121, ""name"": ""가짜뉴스""}, {""id"": 122, ""name"": ""공동체""}, {""id"": 116, ""name"": ""학교""}, {""id"": 112, ""name"": ""사랑""}]",ko,2011-06-22,5.1,5398,28.249,130,False,False,"['범죄', '로맨스']","['가짜뉴스', '공동체', '학교', '사랑']",범죄 로맨스,가짜뉴스 공동체 학교 사랑,2011,"인천의 낡은 공단을 배경으로, 택배 기사가 실종 사건의 단서가 된 노래를 해석하기 시작한다. 이 과정에서 선택과 책임을 마주하며 자신의 삶을 다시 바라본다. 범죄와 로맨스의 요소를 결합해 이야기를 긴장감 있게 풀어낸 가상의 한국 영화.","인천의 낡은 공단을 배경으로, 택배 기사가 실종 사건의 단서가 된 노래를 해석하기 시작한다. 이 과정에서 선택과 책임을 마주하며 자신의 삶을 다시 바라본다. 범죄와 로맨스의 요소를 결합해 이야기를 긴장감 있게 풀어낸 가상의 한국 영화. 범죄 로맨스 가짜뉴스 공동체 학교 사랑"
100216,빛나는 거울의 끝 216,"광주의 대학가을 배경으로, 가족과 멀어진 의사가 서로 다른 목적을 가진 사람들과 뜻밖의 팀을 이룬다. 이 과정에서 지역 공동체을 마주하며 자신의 삶을 다시 바라본다. 애니메이션와 SF의 요소를 결합해 이야기를 긴장감 있게 풀어낸 가상의 한국 영화.","[{""id"": 12, ""name"": ""애니메이션""}, {""id"": 10, ""name"": ""SF""}]","[{""id"": 102, ""name"": ""우정""}, {""id"": 118, ""name"": ""미래""}, {""id"": 122, ""name"": ""공동체""}, {""id"": 124, ""name"": ""시간여행""}]",ko,2011-08-11,6.9,5535,34.689,78,False,False,"['애니메이션', 'SF']","['우정', '미래', '공동체', '시간여행']",애니메이션 SF,우정 미래 공동체 시간여행,2011,"광주의 대학가을 배경으로, 가족과 멀어진 의사가 서로 다른 목적을 가진 사람들과 뜻밖의 팀을 이룬다. 이 과정에서 지역 공동체을 마주하며 자신의 삶을 다시 바라본다. 애니메이션와 SF의 요소를 결합해 이야기를 긴장감 있게 풀어낸 가상의 한국 영화.","광주의 대학가을 배경으로, 가족과 멀어진 의사가 서로 다른 목적을 가진 사람들과 뜻밖의 팀을 이룬다. 이 과정에서 지역 공동체을 마주하며 자신의 삶을 다시 바라본다. 애니메이션와 SF의 요소를 결합해 이야기를 긴장감 있게 풀어낸 가상의 한국 영화. 애니메이션 SF 우정 미래 공동체 시간여행"
100217,흐린 등대의 선택 217,"외딴 섬을 배경으로, 고향으로 돌아온 요리사가 마을 사람들만 알고 있는 비밀스러운 규칙을 알게 된다. 이 과정에서 기술과 인간성을 마주하며 자신의 삶을 다시 바라본다. 코미디와 미스터리의 요소를 결합해 이야기를 따뜻한 시선으로 풀어낸 가상의 한국 영화.","[{""id"": 2, ""name"": ""코미디""}, {""id"": 5, ""name"": ""미스터리""}]","[{""id"": 101, ""name"": ""가족""}, {""id"": 121, ""name"": ""가짜뉴스""}, {""id"": 105, ""name"": ""제주""}, {""id"": 120, ""name"": ""언론""}]",ko,2011-09-30,5.0,5672,34.692,91,False,False,"['코미디', '미스터리']","['가족', '가짜뉴스', '제주', '언론']",코미디 미스터리,가족 가짜뉴스 제주 언론,2011,"외딴 섬을 배경으로, 고향으로 돌아온 요리사가 마을 사람들만 알고 있는 비밀스러운 규칙을 알게 된다. 이 과정에서 기술과 인간성을 마주하며 자신의 삶을 다시 바라본다. 코미디와 미스터리의 요소를 결합해 이야기를 따뜻한 시선으로 풀어낸 가상의 한국 영화.","외딴 섬을 배경으로, 고향으로 돌아온 요리사가 마을 사람들만 알고 있는 비밀스러운 규칙을 알게 된다. 이 과정에서 기술과 인간성을 마주하며 자신의 삶을 다시 바라본다. 코미디와 미스터리의 요소를 결합해 이야기를 따뜻한 시선으로 풀어낸 가상의 한국 영화. 코미디 미스터리 가족 가짜뉴스 제주 언론"
100218,먼 기억을 기다리며 218,"서울의 오래된 골목을 배경으로, 택배 기사가 인공지능이 작성한 의문의 일기를 추적한다. 이 과정에서 기억과 정체성을 마주하며 자신의 삶을 다시 바라본다. 범죄와 판타지의 요소를 결합해 이야기를 긴장감 있게 풀어낸 가상의 한국 영화.","[{""id"": 7, ""name"": ""범죄""}, {""id"": 9, ""name"": ""판타지""}]","[{""id"": 124, ""name"": ""시간여행""}, {""id"": 125, ""name"": ""탐정""}, {""id"": 112, ""name"": ""사랑""}, {""id"": 121, ""name"": ""가짜뉴스""}]",ko,2011-04-16,6.8,5809,36.649,104,False,False,"['범죄', '판타지']","['시간여행', '탐정', '사랑', '가짜뉴스']",범죄 판타지,시간여행 탐정 사랑 가짜뉴스,2011,"서울의 오래된 골목을 배경으로, 택배 기사가 인공지능이 작성한 의문의 일기를 추적한다. 이 과정에서 기억과 정체성을 마주하며 자신의 삶을 다시 바라본다. 범죄와 판타지의 요소를 결합해 이야기를 긴장감 있게 풀어낸 가상의 한국 영화.","서울의 오래된 골목을 배경으로, 택배 기사가 인공지능이 작성한 의문의 일기를 추적한다. 이 과정에서 기억과 정체성을 마주하며 자신의 삶을 다시 바라본다. 범죄와 판타지의 요소를 결합해 이야기를 긴장감 있게 풀어낸 가상의 한국 영화. 범죄 판타지 시간여행 탐정 사랑 가짜뉴스"
100219,작은 정원의 계절 219,"한강변을 배경으로, 가족과 멀어진 의사가 우연히 과거의 사건과 연결된 사진을 발견한다. 이 과정에서 우정과 신뢰을 마주하며 자신의 삶을 다시 바라본다. 애니메이션와 드라마의 요소를 결합해 이야기를 긴장감 있게 풀어낸 가상의 한국 영화.","[{""id"": 12, ""name"": ""애니메이션""}, {""id"": 1, ""name"": ""드라마""}]","[{""id"": 116, ""name"": ""학교""}, {""id"": 107, ""name"": ""바다""}, {""id"": 113, ""name"": ""여행""}, {""id"": 125, ""name"": ""탐정""}]",ko,2011-06-05,8.3,5946,29.326,117,False,False,"['애니메이션', '드라마']","['학교', '바다', '여행', '탐정']",애니메이션 드라마,학교 바다 여행 탐정,2011,"한강변을 배경으로, 가족과 멀어진 의사가 우연히 과거의 사건과 연결된 사진을 발견한다. 이 과정에서 우정과 신뢰을 마주하며 자신의 삶을 다시 바라본다. 애니메이션와 드라마의 요소를 결합해 이야기를 긴장감 있게 풀어낸 가상의 한국 영화.","한강변을 배경으로, 가족과 멀어진 의사가 우연히 과거의 사건과 연결된 사진을 발견한다. 이 과정에서 우정과 신뢰을 마주하며 자신의 삶을 다시 바라본다. 애니메이션와 드라마의 요소를 결합해 이야기를 긴장감 있게 풀어낸 가상의 한국 영화. 애니메이션 드라마 학교 바다 여행 탐정"
100220,오래된 그림자의 기록 220,"대구의 오래된 극장을 배경으로, 고향으로 돌아온 요리사가 가족이 숨겨온 오래된 약속의 의미를 알게 된다. 이 과정에서 가족의 의미을 마주하며 자신의 삶을 다시 바라본다. 코미디와 가족의 요소를 결합해 이야기를 따뜻한 시선으로 풀어낸 가상의 한국 영화.","[{""id"": 2, ""name"": ""코미디""}, {""id"": 8, ""name"": ""가족""}]","[{""id"": 105, ""name"": ""제주""}, {""id"": 114, ""name"": ""음악""}, {""id"": 106, ""name"": ""서울""}, {""id"": 108, ""name"": ""인공지능""}]",ko,2011-07-25,6.6,6083,40.916,130,False,False,"['코미디', '가족']","['제주', '음악', '서울', '인공지능']",코미디 가족,제주 음악 서울 인공지능,2011,"대구의 오래된 극장을 배경으로, 고향으로 돌아온 요리사가 가족이 숨겨온 오래된 약속의 의미를 알게 된다. 이 과정에서 가족의 의미을 마주하며 자신의 삶을 다시 바라본다. 코미디와 가족의 요소를 결합해 이야기를 따뜻한 시선으로 풀어낸 가상의 한국 영화.","대구의 오래된 극장을 배경으로, 고향으로 돌아온 요리사가 가족이 숨겨온 오래된 약속의 의미를 알게 된다. 이 과정에서 가족의 의미을 마주하며 자신의 삶을 다시 바라본다. 코미디와 가족의 요소를 결합해 이야기를 따뜻한 시선으로 풀어낸 가상의 한국 영화. 코미디 가족 제주 음악 서울 인공지능"
100221,새로운 연구소의 하루 221,"달 기지을 배경으로, 택배 기사가 폐쇄 예정인 공간을 지키기 위한 계획을 세운다. 이 과정에서 상실과 회복을 마주하며 자신의 삶을 다시 바라본다. 범죄와 다큐멘터리의 요소를 결합해 이야기를 긴장감 있게 풀어낸 가상의 한국 영화.","[{""id"": 7, ""name"": ""범죄""}, {""id"": 15, ""name"": ""다큐멘터리""}]","[{""id"": 103, ""name"": ""기억""}, {""id"": 115, ""name"": ""요리""}, {""id"": 125, ""name"": ""탐정""}, {""id"": 112, ""name"": ""사랑""}]",ko,2011-09-13,8.3,6220,35.687,78,False,False,"['범죄', '다큐멘터리']","['기억', '요리', '탐정', '사랑']",범죄 다큐멘터리,기억 요리 탐정 사랑,2011,"달 기지을 배경으로, 택배 기사가 폐쇄 예정인 공간을 지키기 위한 계획을 세운다. 이 과정에서 상실과 회복을 마주하며 자신의 삶을 다시 바라본다. 범죄와 다큐멘터리의 요소를 결합해 이야기를 긴장감 있게 풀어낸 가상의 한국 영화.","달 기지을 배경으로, 택배 기사가 폐쇄 예정인 공간을 지키기 위한 계획을 세운다. 이 과정에서 상실과 회복을 마주하며 자신의 삶을 다시 바라본다. 범죄와 다큐멘터리의 요소를 결합해 이야기를 긴장감 있게 풀어낸 가상의 한국 영화. 범죄 다큐멘터리 기억 요리 탐정 사랑"
100222,달빛 아래 지도에서 만난 사람 222,"제주도의 작은 해안마을을 배경으로, 가족과 멀어진 의사가 수십 년 전 사라진 편지 한 통을 발견한다. 이 과정에서 도전과 성장을 마주하며 자신의 삶을 다시 바라본다. 애니메이션와 범죄의 요소를 결합해 이야기를 긴장감 있게 풀어낸 가상의 한국 영화.","[{""id"": 12, ""name"": ""애니메이션""}, {""id"": 7, ""name"": ""범죄""}]","[{""id"": 114, ""name"": ""음악""}, {""id"": 110, ""name"": ""추적""}, {""id"": 122, ""name"": ""공동체""}, {""id"": 118, ""name"": ""미래""}]",ko,2011-11-02,6.4,6357,24.207,91,False,False,"['애니메이션', '범죄']","['음악', '추적', '공동체', '미래']",애니메이션 범죄,음악 추적 공동체 미래,2011,"제주도의 작은 해안마을을 배경으로, 가족과 멀어진 의사가 수십 년 전 사라진 편지 한 통을 발견한다. 이 과정에서 도전과 성장을 마주하며 자신의 삶을 다시 바라본다. 애니메이션와 범죄의 요소를 결합해 이야기를 긴장감 있게 풀어낸 가상의 한국 영화.","제주도의 작은 해안마을을 배경으로, 가족과 멀어진 의사가 수십 년 전 사라진 편지 한 통을 발견한다. 이 과정에서 도전과 성장을 마주하며 자신의 삶을 다시 바라본다. 애니메이션와 범죄의 요소를 결합해 이야기를 긴장감 있게 풀어낸 가상의 한국 영화. 애니메이션 범죄 음악 추적 공동체 미래"
100223,바람 속 강의 밤 223,"강원도의 산골마을을 배경으로, 고향으로 돌아온 요리사가 가짜 뉴스로 인해 무너진 관계를 회복하려 한다. 이 과정에서 진실과 거짓을 마주하며 자신의 삶을 다시 바라본다. 코미디와 역사의 요소를 결합해 이야기를 따뜻한 시선으로 풀어낸 가상의 한국 영화.","[{""id"": 2, ""name"": ""코미디""}, {""id"": 14, ""name"": ""역사""}]","[{""id"": 113, ""name"": ""여행""}, {""id"": 107, ""name"": ""바다""}, {""id"": 106, ""name"": ""서울""}, {""id"": 122, ""name"": ""공동체""}]",ko,2011-12-22,8.1,6494,40.854,104,False,False,"['코미디', '역사']","['여행', '바다', '서울', '공동체']",코미디 역사,여행 바다 서울 공동체,2011,"강원도의 산골마을을 배경으로, 고향으로 돌아온 요리사가 가짜 뉴스로 인해 무너진 관계를 회복하려 한다. 이 과정에서 진실과 거짓을 마주하며 자신의 삶을 다시 바라본다. 코미디와 역사의 요소를 결합해 이야기를 따뜻한 시선으로 풀어낸 가상의 한국 영화.","강원도의 산골마을을 배경으로, 고향으로 돌아온 요리사가 가짜 뉴스로 인해 무너진 관계를 회복하려 한다. 이 과정에서 진실과 거짓을 마주하며 자신의 삶을 다시 바라본다. 코미디와 역사의 요소를 결합해 이야기를 따뜻한 시선으로 풀어낸 가상의 한국 영화. 코미디 역사 여행 바다 서울 공동체"
100224,비 오는 날 정거장의 온도 224,"전주의 한옥마을을 배경으로, 택배 기사가 정체를 알 수 없는 음성 메시지를 매일 받기 시작한다. 이 과정에서 환경과 공존을 마주하며 자신의 삶을 다시 바라본다. 범죄와 액션의 요소를 결합해 이야기를 긴장감 있게 풀어낸 가상의 한국 영화.","[{""id"": 7, ""name"": ""범죄""}, {""id"": 6, ""name"": ""액션""}]","[{""id"": 107, ""name"": ""바다""}, {""id"": 101, ""name"": ""가족""}, {""id"": 106, ""name"": ""서울""}, {""id"": 109, ""name"": ""로봇""}]",ko,2012-02-10,6.2,6631,32.727,117,False,False,"['범죄', '액션']","['바다', '가족', '서울', '로봇']",범죄 액션,바다 가족 서울 로봇,2012,"전주의 한옥마을을 배경으로, 택배 기사가 정체를 알 수 없는 음성 메시지를 매일 받기 시작한다. 이 과정에서 환경과 공존을 마주하며 자신의 삶을 다시 바라본다. 범죄와 액션의 요소를 결합해 이야기를 긴장감 있게 풀어낸 가상의 한국 영화.","전주의 한옥마을을 배경으로, 택배 기사가 정체를 알 수 없는 음성 메시지를 매일 받기 시작한다. 이 과정에서 환경과 공존을 마주하며 자신의 삶을 다시 바라본다. 범죄와 액션의 요소를 결합해 이야기를 긴장감 있게 풀어낸 가상의 한국 영화. 범죄 액션 바다 가족 서울 로봇"
100225,제주의 숲 너머 225,"가상의 미래 도시을 배경으로, 가족과 멀어진 의사가 도시 전체의 전력이 사라진 밤에 중요한 선택을 한다. 이 과정에서 세대 간 갈등을 마주하며 자신의 삶을 다시 바라본다. 애니메이션와 음악의 요소를 결합해 이야기를 긴장감 있게 풀어낸 가상의 한국 영화.","[{""id"": 12, ""name"": ""애니메이션""}, {""id"": 13, ""name"": ""음악""}]","[{""id"": 114, ""name"": ""음악""}, {""id"": 102, ""name"": ""우정""}, {""id"": 119, ""name"": ""환경""}, {""id"": 111, ""name"": ""성장""}]",ko,2011-08-27,7.8,6768,38.276,130,False,False,"['애니메이션', '음악']","['음악', '우정', '환경', '성장']",애니메이션 음악,음악 우정 환경 성장,2011,"가상의 미래 도시을 배경으로, 가족과 멀어진 의사가 도시 전체의 전력이 사라진 밤에 중요한 선택을 한다. 이 과정에서 세대 간 갈등을 마주하며 자신의 삶을 다시 바라본다. 애니메이션와 음악의 요소를 결합해 이야기를 긴장감 있게 풀어낸 가상의 한국 영화.","가상의 미래 도시을 배경으로, 가족과 멀어진 의사가 도시 전체의 전력이 사라진 밤에 중요한 선택을 한다. 이 과정에서 세대 간 갈등을 마주하며 자신의 삶을 다시 바라본다. 애니메이션와 음악의 요소를 결합해 이야기를 긴장감 있게 풀어낸 가상의 한국 영화. 애니메이션 음악 음악 우정 환경 성장"
100226,서울의 사진의 비밀 226,"국경 근처의 작은 역을 배경으로, 고향으로 돌아온 요리사가 하루가 반복되는 이상한 현상을 겪는다. 이 과정에서 사랑과 이별을 마주하며 자신의 삶을 다시 바라본다. 코미디와 미스터리의 요소를 결합해 이야기를 따뜻한 시선으로 풀어낸 가상의 한국 영화.","[{""id"": 2, ""name"": ""코미디""}, {""id"": 5, ""name"": ""미스터리""}]","[{""id"": 108, ""name"": ""인공지능""}, {""id"": 102, ""name"": ""우정""}, {""id"": 113, ""name"": ""여행""}, {""id"": 115, ""name"": ""요리""}]",ko,2011-10-16,5.8,6905,34.572,78,False,False,"['코미디', '미스터리']","['인공지능', '우정', '여행', '요리']",코미디 미스터리,인공지능 우정 여행 요리,2011,"국경 근처의 작은 역을 배경으로, 고향으로 돌아온 요리사가 하루가 반복되는 이상한 현상을 겪는다. 이 과정에서 사랑과 이별을 마주하며 자신의 삶을 다시 바라본다. 코미디와 미스터리의 요소를 결합해 이야기를 따뜻한 시선으로 풀어낸 가상의 한국 영화.","국경 근처의 작은 역을 배경으로, 고향으로 돌아온 요리사가 하루가 반복되는 이상한 현상을 겪는다. 이 과정에서 사랑과 이별을 마주하며 자신의 삶을 다시 바라본다. 코미디와 미스터리의 요소를 결합해 이야기를 따뜻한 시선으로 풀어낸 가상의 한국 영화. 코미디 미스터리 인공지능 우정 여행 요리"
100227,부산의 로봇로 가는 길 227,"부산항 인근을 배경으로, 택배 기사가 실종 사건의 단서가 된 노래를 해석하기 시작한다. 이 과정에서 선택과 책임을 마주하며 자신의 삶을 다시 바라본다. 범죄와 애니메이션의 요소를 결합해 이야기를 긴장감 있게 풀어낸 가상의 한국 영화.","[{""id"": 7, ""name"": ""범죄""}, {""id"": 12, ""name"": ""애니메이션""}]","[{""id"": 117, ""name"": ""범죄""}, {""id"": 113, ""name"": ""여행""}, {""id"": 111, ""name"": ""성장""}, {""id"": 110, ""name"": ""추적""}]",ko,2011-12-05,7.5,7042,24.1,91,False,False,"['범죄', '애니메이션']","['범죄', '여행', '성장', '추적']",범죄 애니메이션,범죄 여행 성장 추적,2011,"부산항 인근을 배경으로, 택배 기사가 실종 사건의 단서가 된 노래를 해석하기 시작한다. 이 과정에서 선택과 책임을 마주하며 자신의 삶을 다시 바라본다. 범죄와 애니메이션의 요소를 결합해 이야기를 긴장감 있게 풀어낸 가상의 한국 영화.","부산항 인근을 배경으로, 택배 기사가 실종 사건의 단서가 된 노래를 해석하기 시작한다. 이 과정에서 선택과 책임을 마주하며 자신의 삶을 다시 바라본다. 범죄와 애니메이션의 요소를 결합해 이야기를 긴장감 있게 풀어낸 가상의 한국 영화. 범죄 애니메이션 범죄 여행 성장 추적"
100228,한강의 신호과 우리 228,"인천의 낡은 공단을 배경으로, 가족과 멀어진 의사가 서로 다른 목적을 가진 사람들과 뜻밖의 팀을 이룬다. 이 과정에서 지역 공동체을 마주하며 자신의 삶을 다시 바라본다. 애니메이션와 스릴러의 요소를 결합해 이야기를 긴장감 있게 풀어낸 가상의 한국 영화.","[{""id"": 12, ""name"": ""애니메이션""}, {""id"": 4, ""name"": ""스릴러""}]","[{""id"": 117, ""name"": ""범죄""}, {""id"": 112, ""name"": ""사랑""}, {""id"": 111, ""name"": ""성장""}, {""id"": 120, ""name"": ""언론""}]",ko,2012-01-24,5.7,7179,25.735,104,False,False,"['애니메이션', '스릴러']","['범죄', '사랑', '성장', '언론']",애니메이션 스릴러,범죄 사랑 성장 언론,2012,"인천의 낡은 공단을 배경으로, 가족과 멀어진 의사가 서로 다른 목적을 가진 사람들과 뜻밖의 팀을 이룬다. 이 과정에서 지역 공동체을 마주하며 자신의 삶을 다시 바라본다. 애니메이션와 스릴러의 요소를 결합해 이야기를 긴장감 있게 풀어낸 가상의 한국 영화.","인천의 낡은 공단을 배경으로, 가족과 멀어진 의사가 서로 다른 목적을 가진 사람들과 뜻밖의 팀을 이룬다. 이 과정에서 지역 공동체을 마주하며 자신의 삶을 다시 바라본다. 애니메이션와 스릴러의 요소를 결합해 이야기를 긴장감 있게 풀어낸 가상의 한국 영화. 애니메이션 스릴러 범죄 사랑 성장 언론"
100229,새벽의 불꽃에게 229,"광주의 대학가을 배경으로, 고향으로 돌아온 요리사가 마을 사람들만 알고 있는 비밀스러운 규칙을 알게 된다. 이 과정에서 기술과 인간성을 마주하며 자신의 삶을 다시 바라본다. 코미디와 모험의 요소를 결합해 이야기를 따뜻한 시선으로 풀어낸 가상의 한국 영화.","[{""id"": 2, ""name"": ""코미디""}, {""id"": 11, ""name"": ""모험""}]","[{""id"": 121, ""name"": ""가짜뉴스""}, {""id"": 114, ""name"": ""음악""}, {""id"": 122, ""name"": ""공동체""}, {""id"": 102, ""name"": ""우정""}]",ko,2012-03-14,7.4,7316,32.797,117,False,False,"['코미디', '모험']","['가짜뉴스', '음악', '공동체', '우정']",코미디 모험,가짜뉴스 음악 공동체 우정,2012,"광주의 대학가을 배경으로, 고향으로 돌아온 요리사가 마을 사람들만 알고 있는 비밀스러운 규칙을 알게 된다. 이 과정에서 기술과 인간성을 마주하며 자신의 삶을 다시 바라본다. 코미디와 모험의 요소를 결합해 이야기를 따뜻한 시선으로 풀어낸 가상의 한국 영화.","광주의 대학가을 배경으로, 고향으로 돌아온 요리사가 마을 사람들만 알고 있는 비밀스러운 규칙을 알게 된다. 이 과정에서 기술과 인간성을 마주하며 자신의 삶을 다시 바라본다. 코미디와 모험의 요소를 결합해 이야기를 따뜻한 시선으로 풀어낸 가상의 한국 영화. 코미디 모험 가짜뉴스 음악 공동체 우정"
100230,겨울의 도서관 230,"외딴 섬을 배경으로, 택배 기사가 인공지능이 작성한 의문의 일기를 추적한다. 이 과정에서 기억과 정체성을 마주하며 자신의 삶을 다시 바라본다. 범죄와 로맨스의 요소를 결합해 이야기를 긴장감 있게 풀어낸 가상의 한국 영화.","[{""id"": 7, ""name"": ""범죄""}, {""id"": 3, ""name"": ""로맨스""}]","[{""id"": 122, ""name"": ""공동체""}, {""id"": 108, ""name"": ""인공지능""}, {""id"": 125, ""name"": ""탐정""}, {""id"": 101, ""name"": ""가족""}]",ko,2012-05-03,5.6,7453,31.076,130,False,False,"['범죄', '로맨스']","['공동체', '인공지능', '탐정', '가족']",범죄 로맨스,공동체 인공지능 탐정 가족,2012,"외딴 섬을 배경으로, 택배 기사가 인공지능이 작성한 의문의 일기를 추적한다. 이 과정에서 기억과 정체성을 마주하며 자신의 삶을 다시 바라본다. 범죄와 로맨스의 요소를 결합해 이야기를 긴장감 있게 풀어낸 가상의 한국 영화.","외딴 섬을 배경으로, 택배 기사가 인공지능이 작성한 의문의 일기를 추적한다. 이 과정에서 기억과 정체성을 마주하며 자신의 삶을 다시 바라본다. 범죄와 로맨스의 요소를 결합해 이야기를 긴장감 있게 풀어낸 가상의 한국 영화. 범죄 로맨스 공동체 인공지능 탐정 가족"
100231,여름의 별의 끝 231,"서울의 오래된 골목을 배경으로, 가족과 멀어진 의사가 우연히 과거의 사건과 연결된 사진을 발견한다. 이 과정에서 우정과 신뢰을 마주하며 자신의 삶을 다시 바라본다. 애니메이션와 SF의 요소를 결합해 이야기를 긴장감 있게 풀어낸 가상의 한국 영화.","[{""id"": 12, ""name"": ""애니메이션""}, {""id"": 10, ""name"": ""SF""}]","[{""id"": 112, ""name"": ""사랑""}, {""id"": 107, ""name"": ""바다""}, {""id"": 124, ""name"": ""시간여행""}, {""id"": 102, ""name"": ""우정""}]",ko,2012-06-22,7.2,7590,34.63,78,False,False,"['애니메이션', 'SF']","['사랑', '바다', '시간여행', '우정']",애니메이션 SF,사랑 바다 시간여행 우정,2012,"서울의 오래된 골목을 배경으로, 가족과 멀어진 의사가 우연히 과거의 사건과 연결된 사진을 발견한다. 이 과정에서 우정과 신뢰을 마주하며 자신의 삶을 다시 바라본다. 애니메이션와 SF의 요소를 결합해 이야기를 긴장감 있게 풀어낸 가상의 한국 영화.","서울의 오래된 골목을 배경으로, 가족과 멀어진 의사가 우연히 과거의 사건과 연결된 사진을 발견한다. 이 과정에서 우정과 신뢰을 마주하며 자신의 삶을 다시 바라본다. 애니메이션와 SF의 요소를 결합해 이야기를 긴장감 있게 풀어낸 가상의 한국 영화. 애니메이션 SF 사랑 바다 시간여행 우정"
100232,봄날의 식당의 선택 232,"한강변을 배경으로, 고향으로 돌아온 요리사가 가족이 숨겨온 오래된 약속의 의미를 알게 된다. 이 과정에서 가족의 의미을 마주하며 자신의 삶을 다시 바라본다. 코미디와 미스터리의 요소를 결합해 이야기를 따뜻한 시선으로 풀어낸 가상의 한국 영화.","[{""id"": 2, ""name"": ""코미디""}, {""id"": 5, ""name"": ""미스터리""}]","[{""id"": 112, ""name"": ""사랑""}, {""id"": 108, ""name"": ""인공지능""}, {""id"": 105, ""name"": ""제주""}, {""id"": 107, ""name"": ""바다""}]",ko,2012-01-07,5.2,7727,31.009,91,False,False,"['코미디', '미스터리']","['사랑', '인공지능', '제주', '바다']",코미디 미스터리,사랑 인공지능 제주 바다,2012,"한강변을 배경으로, 고향으로 돌아온 요리사가 가족이 숨겨온 오래된 약속의 의미를 알게 된다. 이 과정에서 가족의 의미을 마주하며 자신의 삶을 다시 바라본다. 코미디와 미스터리의 요소를 결합해 이야기를 따뜻한 시선으로 풀어낸 가상의 한국 영화.","한강변을 배경으로, 고향으로 돌아온 요리사가 가족이 숨겨온 오래된 약속의 의미를 알게 된다. 이 과정에서 가족의 의미을 마주하며 자신의 삶을 다시 바라본다. 코미디와 미스터리의 요소를 결합해 이야기를 따뜻한 시선으로 풀어낸 가상의 한국 영화. 코미디 미스터리 사랑 인공지능 제주 바다"
100233,가을의 비행을 기다리며 233,"대구의 오래된 극장을 배경으로, 택배 기사가 폐쇄 예정인 공간을 지키기 위한 계획을 세운다. 이 과정에서 상실과 회복을 마주하며 자신의 삶을 다시 바라본다. 범죄와 판타지의 요소를 결합해 이야기를 긴장감 있게 풀어낸 가상의 한국 영화.","[{""id"": 7, ""name"": ""범죄""}, {""id"": 9, ""name"": ""판타지""}]","[{""id"": 103, ""name"": ""기억""}, {""id"": 116, ""name"": ""학교""}, {""id"": 117, ""name"": ""범죄""}, {""id"": 102, ""name"": ""우정""}]",ko,2012-02-26,7.0,7864,34.2,104,False,False,"['범죄', '판타지']","['기억', '학교', '범죄', '우정']",범죄 판타지,기억 학교 범죄 우정,2012,"대구의 오래된 극장을 배경으로, 택배 기사가 폐쇄 예정인 공간을 지키기 위한 계획을 세운다. 이 과정에서 상실과 회복을 마주하며 자신의 삶을 다시 바라본다. 범죄와 판타지의 요소를 결합해 이야기를 긴장감 있게 풀어낸 가상의 한국 영화.","대구의 오래된 극장을 배경으로, 택배 기사가 폐쇄 예정인 공간을 지키기 위한 계획을 세운다. 이 과정에서 상실과 회복을 마주하며 자신의 삶을 다시 바라본다. 범죄와 판타지의 요소를 결합해 이야기를 긴장감 있게 풀어낸 가상의 한국 영화. 범죄 판타지 기억 학교 범죄 우정"
100234,푸른 터널의 계절 234,"달 기지을 배경으로, 가족과 멀어진 의사가 수십 년 전 사라진 편지 한 통을 발견한다. 이 과정에서 도전과 성장을 마주하며 자신의 삶을 다시 바라본다. 애니메이션와 드라마의 요소를 결합해 이야기를 긴장감 있게 풀어낸 가상의 한국 영화.","[{""id"": 12, ""name"": ""애니메이션""}, {""id"": 1, ""name"": ""드라마""}]","[{""id"": 120, ""name"": ""언론""}, {""id"": 123, ""name"": ""역사""}, {""id"": 108, ""name"": ""인공지능""}, {""id"": 107, ""name"": ""바다""}]",ko,2012-04-16,5.0,8001,25.311,117,False,False,"['애니메이션', '드라마']","['언론', '역사', '인공지능', '바다']",애니메이션 드라마,언론 역사 인공지능 바다,2012,"달 기지을 배경으로, 가족과 멀어진 의사가 수십 년 전 사라진 편지 한 통을 발견한다. 이 과정에서 도전과 성장을 마주하며 자신의 삶을 다시 바라본다. 애니메이션와 드라마의 요소를 결합해 이야기를 긴장감 있게 풀어낸 가상의 한국 영화.","달 기지을 배경으로, 가족과 멀어진 의사가 수십 년 전 사라진 편지 한 통을 발견한다. 이 과정에서 도전과 성장을 마주하며 자신의 삶을 다시 바라본다. 애니메이션와 드라마의 요소를 결합해 이야기를 긴장감 있게 풀어낸 가상의 한국 영화. 애니메이션 드라마 언론 역사 인공지능 바다"
100235,붉은 약속의 기록 235,"제주도의 작은 해안마을을 배경으로, 고향으로 돌아온 요리사가 가짜 뉴스로 인해 무너진 관계를 회복하려 한다. 이 과정에서 진실과 거짓을 마주하며 자신의 삶을 다시 바라본다. 코미디와 가족의 요소를 결합해 이야기를 따뜻한 시선으로 풀어낸 가상의 한국 영화.","[{""id"": 2, ""name"": ""코미디""}, {""id"": 8, ""name"": ""가족""}]","[{""id"": 111, ""name"": ""성장""}, {""id"": 121, ""name"": ""가짜뉴스""}, {""id"": 110, ""name"": ""추적""}, {""id"": 118, ""name"": ""미래""}]",ko,2012-06-05,6.7,8138,27.911,130,False,False,"['코미디', '가족']","['성장', '가짜뉴스', '추적', '미래']",코미디 가족,성장 가짜뉴스 추적 미래,2012,"제주도의 작은 해안마을을 배경으로, 고향으로 돌아온 요리사가 가짜 뉴스로 인해 무너진 관계를 회복하려 한다. 이 과정에서 진실과 거짓을 마주하며 자신의 삶을 다시 바라본다. 코미디와 가족의 요소를 결합해 이야기를 따뜻한 시선으로 풀어낸 가상의 한국 영화.","제주도의 작은 해안마을을 배경으로, 고향으로 돌아온 요리사가 가짜 뉴스로 인해 무너진 관계를 회복하려 한다. 이 과정에서 진실과 거짓을 마주하며 자신의 삶을 다시 바라본다. 코미디와 가족의 요소를 결합해 이야기를 따뜻한 시선으로 풀어낸 가상의 한국 영화. 코미디 가족 성장 가짜뉴스 추적 미래"
100236,검은 극장의 하루 236,"강원도의 산골마을을 배경으로, 택배 기사가 정체를 알 수 없는 음성 메시지를 매일 받기 시작한다. 이 과정에서 환경과 공존을 마주하며 자신의 삶을 다시 바라본다. 범죄와 다큐멘터리의 요소를 결합해 이야기를 긴장감 있게 풀어낸 가상의 한국 영화.","[{""id"": 7, ""name"": ""범죄""}, {""id"": 15, ""name"": ""다큐멘터리""}]","[{""id"": 121, ""name"": ""가짜뉴스""}, {""id"": 123, ""name"": ""역사""}, {""id"": 108, ""name"": ""인공지능""}, {""id"": 101, ""name"": ""가족""}]",ko,2012-07-25,8.5,8275,27.862,78,False,False,"['범죄', '다큐멘터리']","['가짜뉴스', '역사', '인공지능', '가족']",범죄 다큐멘터리,가짜뉴스 역사 인공지능 가족,2012,"강원도의 산골마을을 배경으로, 택배 기사가 정체를 알 수 없는 음성 메시지를 매일 받기 시작한다. 이 과정에서 환경과 공존을 마주하며 자신의 삶을 다시 바라본다. 범죄와 다큐멘터리의 요소를 결합해 이야기를 긴장감 있게 풀어낸 가상의 한국 영화.","강원도의 산골마을을 배경으로, 택배 기사가 정체를 알 수 없는 음성 메시지를 매일 받기 시작한다. 이 과정에서 환경과 공존을 마주하며 자신의 삶을 다시 바라본다. 범죄와 다큐멘터리의 요소를 결합해 이야기를 긴장감 있게 풀어낸 가상의 한국 영화. 범죄 다큐멘터리 가짜뉴스 역사 인공지능 가족"
100237,하얀 시간에서 만난 사람 237,"전주의 한옥마을을 배경으로, 가족과 멀어진 의사가 도시 전체의 전력이 사라진 밤에 중요한 선택을 한다. 이 과정에서 세대 간 갈등을 마주하며 자신의 삶을 다시 바라본다. 애니메이션와 범죄의 요소를 결합해 이야기를 긴장감 있게 풀어낸 가상의 한국 영화.","[{""id"": 12, ""name"": ""애니메이션""}, {""id"": 7, ""name"": ""범죄""}]","[{""id"": 108, ""name"": ""인공지능""}, {""id"": 110, ""name"": ""추적""}, {""id"": 119, ""name"": ""환경""}, {""id"": 104, ""name"": ""미스터리""}]",ko,2012-09-13,6.5,8412,38.894,91,False,False,"['애니메이션', '범죄']","['인공지능', '추적', '환경', '미스터리']",애니메이션 범죄,인공지능 추적 환경 미스터리,2012,"전주의 한옥마을을 배경으로, 가족과 멀어진 의사가 도시 전체의 전력이 사라진 밤에 중요한 선택을 한다. 이 과정에서 세대 간 갈등을 마주하며 자신의 삶을 다시 바라본다. 애니메이션와 범죄의 요소를 결합해 이야기를 긴장감 있게 풀어낸 가상의 한국 영화.","전주의 한옥마을을 배경으로, 가족과 멀어진 의사가 도시 전체의 전력이 사라진 밤에 중요한 선택을 한다. 이 과정에서 세대 간 갈등을 마주하며 자신의 삶을 다시 바라본다. 애니메이션와 범죄의 요소를 결합해 이야기를 긴장감 있게 풀어낸 가상의 한국 영화. 애니메이션 범죄 인공지능 추적 환경 미스터리"
100238,마지막 학교의 밤 238,"가상의 미래 도시을 배경으로, 고향으로 돌아온 요리사가 하루가 반복되는 이상한 현상을 겪는다. 이 과정에서 사랑과 이별을 마주하며 자신의 삶을 다시 바라본다. 코미디와 역사의 요소를 결합해 이야기를 따뜻한 시선으로 풀어낸 가상의 한국 영화.","[{""id"": 2, ""name"": ""코미디""}, {""id"": 14, ""name"": ""역사""}]","[{""id"": 118, ""name"": ""미래""}, {""id"": 107, ""name"": ""바다""}, {""id"": 119, ""name"": ""환경""}, {""id"": 110, ""name"": ""추적""}]",ko,2012-11-02,8.3,8549,25.797,104,False,False,"['코미디', '역사']","['미래', '바다', '환경', '추적']",코미디 역사,미래 바다 환경 추적,2012,"가상의 미래 도시을 배경으로, 고향으로 돌아온 요리사가 하루가 반복되는 이상한 현상을 겪는다. 이 과정에서 사랑과 이별을 마주하며 자신의 삶을 다시 바라본다. 코미디와 역사의 요소를 결합해 이야기를 따뜻한 시선으로 풀어낸 가상의 한국 영화.","가상의 미래 도시을 배경으로, 고향으로 돌아온 요리사가 하루가 반복되는 이상한 현상을 겪는다. 이 과정에서 사랑과 이별을 마주하며 자신의 삶을 다시 바라본다. 코미디와 역사의 요소를 결합해 이야기를 따뜻한 시선으로 풀어낸 가상의 한국 영화. 코미디 역사 미래 바다 환경 추적"
100239,첫 번째 문의 온도 239,"국경 근처의 작은 역을 배경으로, 택배 기사가 실종 사건의 단서가 된 노래를 해석하기 시작한다. 이 과정에서 선택과 책임을 마주하며 자신의 삶을 다시 바라본다. 범죄와 액션의 요소를 결합해 이야기를 긴장감 있게 풀어낸 가상의 한국 영화.","[{""id"": 7, ""name"": ""범죄""}, {""id"": 6, ""name"": ""액션""}]","[{""id"": 103, ""name"": ""기억""}, {""id"": 120, ""name"": ""언론""}, {""id"": 112, ""name"": ""사랑""}, {""id"": 114, ""name"": ""음악""}]",ko,2012-05-19,6.4,8686,34.048,117,False,False,"['범죄', '액션']","['기억', '언론', '사랑', '음악']",범죄 액션,기억 언론 사랑 음악,2012,"국경 근처의 작은 역을 배경으로, 택배 기사가 실종 사건의 단서가 된 노래를 해석하기 시작한다. 이 과정에서 선택과 책임을 마주하며 자신의 삶을 다시 바라본다. 범죄와 액션의 요소를 결합해 이야기를 긴장감 있게 풀어낸 가상의 한국 영화.","국경 근처의 작은 역을 배경으로, 택배 기사가 실종 사건의 단서가 된 노래를 해석하기 시작한다. 이 과정에서 선택과 책임을 마주하며 자신의 삶을 다시 바라본다. 범죄와 액션의 요소를 결합해 이야기를 긴장감 있게 풀어낸 가상의 한국 영화. 범죄 액션 기억 언론 사랑 음악"
100240,낯선 카페 너머 240,"부산항 인근을 배경으로, 가족과 멀어진 의사가 서로 다른 목적을 가진 사람들과 뜻밖의 팀을 이룬다. 이 과정에서 지역 공동체을 마주하며 자신의 삶을 다시 바라본다. 애니메이션와 음악의 요소를 결합해 이야기를 긴장감 있게 풀어낸 가상의 한국 영화.","[{""id"": 12, ""name"": ""애니메이션""}, {""id"": 13, ""name"": ""음악""}]","[{""id"": 114, ""name"": ""음악""}, {""id"": 104, ""name"": ""미스터리""}, {""id"": 115, ""name"": ""요리""}, {""id"": 109, ""name"": ""로봇""}]",ko,2012-07-08,8.0,8823,38.446,130,False,False,"['애니메이션', '음악']","['음악', '미스터리', '요리', '로봇']",애니메이션 음악,음악 미스터리 요리 로봇,2012,"부산항 인근을 배경으로, 가족과 멀어진 의사가 서로 다른 목적을 가진 사람들과 뜻밖의 팀을 이룬다. 이 과정에서 지역 공동체을 마주하며 자신의 삶을 다시 바라본다. 애니메이션와 음악의 요소를 결합해 이야기를 긴장감 있게 풀어낸 가상의 한국 영화.","부산항 인근을 배경으로, 가족과 멀어진 의사가 서로 다른 목적을 가진 사람들과 뜻밖의 팀을 이룬다. 이 과정에서 지역 공동체을 마주하며 자신의 삶을 다시 바라본다. 애니메이션와 음악의 요소를 결합해 이야기를 긴장감 있게 풀어낸 가상의 한국 영화. 애니메이션 음악 음악 미스터리 요리 로봇"
100241,잊힌 파도의 비밀 241,"인천의 낡은 공단을 배경으로, 고향으로 돌아온 요리사가 마을 사람들만 알고 있는 비밀스러운 규칙을 알게 된다. 이 과정에서 기술과 인간성을 마주하며 자신의 삶을 다시 바라본다. 코미디와 미스터리의 요소를 결합해 이야기를 따뜻한 시선으로 풀어낸 가상의 한국 영화.","[{""id"": 2, ""name"": ""코미디""}, {""id"": 5, ""name"": ""미스터리""}]","[{""id"": 123, ""name"": ""역사""}, {""id"": 106, ""name"": ""서울""}, {""id"": 119, ""name"": ""환경""}, {""id"": 104, ""name"": ""미스터리""}]",ko,2012-08-27,6.2,8960,36.92,78,False,False,"['코미디', '미스터리']","['역사', '서울', '환경', '미스터리']",코미디 미스터리,역사 서울 환경 미스터리,2012,"인천의 낡은 공단을 배경으로, 고향으로 돌아온 요리사가 마을 사람들만 알고 있는 비밀스러운 규칙을 알게 된다. 이 과정에서 기술과 인간성을 마주하며 자신의 삶을 다시 바라본다. 코미디와 미스터리의 요소를 결합해 이야기를 따뜻한 시선으로 풀어낸 가상의 한국 영화.","인천의 낡은 공단을 배경으로, 고향으로 돌아온 요리사가 마을 사람들만 알고 있는 비밀스러운 규칙을 알게 된다. 이 과정에서 기술과 인간성을 마주하며 자신의 삶을 다시 바라본다. 코미디와 미스터리의 요소를 결합해 이야기를 따뜻한 시선으로 풀어낸 가상의 한국 영화. 코미디 미스터리 역사 서울 환경 미스터리"
100242,비밀의 섬로 가는 길 242,"광주의 대학가을 배경으로, 택배 기사가 인공지능이 작성한 의문의 일기를 추적한다. 이 과정에서 기억과 정체성을 마주하며 자신의 삶을 다시 바라본다. 범죄와 애니메이션의 요소를 결합해 이야기를 긴장감 있게 풀어낸 가상의 한국 영화.","[{""id"": 7, ""name"": ""범죄""}, {""id"": 12, ""name"": ""애니메이션""}]","[{""id"": 109, ""name"": ""로봇""}, {""id"": 117, ""name"": ""범죄""}, {""id"": 108, ""name"": ""인공지능""}, {""id"": 121, ""name"": ""가짜뉴스""}]",ko,2012-10-16,8.0,9097,32.782,91,False,False,"['범죄', '애니메이션']","['로봇', '범죄', '인공지능', '가짜뉴스']",범죄 애니메이션,로봇 범죄 인공지능 가짜뉴스,2012,"광주의 대학가을 배경으로, 택배 기사가 인공지능이 작성한 의문의 일기를 추적한다. 이 과정에서 기억과 정체성을 마주하며 자신의 삶을 다시 바라본다. 범죄와 애니메이션의 요소를 결합해 이야기를 긴장감 있게 풀어낸 가상의 한국 영화.","광주의 대학가을 배경으로, 택배 기사가 인공지능이 작성한 의문의 일기를 추적한다. 이 과정에서 기억과 정체성을 마주하며 자신의 삶을 다시 바라본다. 범죄와 애니메이션의 요소를 결합해 이야기를 긴장감 있게 풀어낸 가상의 한국 영화. 범죄 애니메이션 로봇 범죄 인공지능 가짜뉴스"
100243,고요한 노래과 우리 243,"외딴 섬을 배경으로, 가족과 멀어진 의사가 우연히 과거의 사건과 연결된 사진을 발견한다. 이 과정에서 우정과 신뢰을 마주하며 자신의 삶을 다시 바라본다. 애니메이션와 스릴러의 요소를 결합해 이야기를 긴장감 있게 풀어낸 가상의 한국 영화.","[{""id"": 12, ""name"": ""애니메이션""}, {""id"": 4, ""name"": ""스릴러""}]","[{""id"": 112, ""name"": ""사랑""}, {""id"": 110, ""name"": ""추적""}, {""id"": 113, ""name"": ""여행""}, {""id"": 125, ""name"": ""탐정""}]",ko,2012-12-05,6.0,9234,29.209,104,False,False,"['애니메이션', '스릴러']","['사랑', '추적', '여행', '탐정']",애니메이션 스릴러,사랑 추적 여행 탐정,2012,"외딴 섬을 배경으로, 가족과 멀어진 의사가 우연히 과거의 사건과 연결된 사진을 발견한다. 이 과정에서 우정과 신뢰을 마주하며 자신의 삶을 다시 바라본다. 애니메이션와 스릴러의 요소를 결합해 이야기를 긴장감 있게 풀어낸 가상의 한국 영화.","외딴 섬을 배경으로, 가족과 멀어진 의사가 우연히 과거의 사건과 연결된 사진을 발견한다. 이 과정에서 우정과 신뢰을 마주하며 자신의 삶을 다시 바라본다. 애니메이션와 스릴러의 요소를 결합해 이야기를 긴장감 있게 풀어낸 가상의 한국 영화. 애니메이션 스릴러 사랑 추적 여행 탐정"
100244,빛나는 탐정에게 244,"서울의 오래된 골목을 배경으로, 고향으로 돌아온 요리사가 가족이 숨겨온 오래된 약속의 의미를 알게 된다. 이 과정에서 가족의 의미을 마주하며 자신의 삶을 다시 바라본다. 코미디와 모험의 요소를 결합해 이야기를 따뜻한 시선으로 풀어낸 가상의 한국 영화.","[{""id"": 2, ""name"": ""코미디""}, {""id"": 11, ""name"": ""모험""}]","[{""id"": 117, ""name"": ""범죄""}, {""id"": 115, ""name"": ""요리""}, {""id"": 105, ""name"": ""제주""}, {""id"": 103, ""name"": ""기억""}]",ko,2013-01-24,7.7,9371,35.109,117,False,False,"['코미디', '모험']","['범죄', '요리', '제주', '기억']",코미디 모험,범죄 요리 제주 기억,2013,"서울의 오래된 골목을 배경으로, 고향으로 돌아온 요리사가 가족이 숨겨온 오래된 약속의 의미를 알게 된다. 이 과정에서 가족의 의미을 마주하며 자신의 삶을 다시 바라본다. 코미디와 모험의 요소를 결합해 이야기를 따뜻한 시선으로 풀어낸 가상의 한국 영화.","서울의 오래된 골목을 배경으로, 고향으로 돌아온 요리사가 가족이 숨겨온 오래된 약속의 의미를 알게 된다. 이 과정에서 가족의 의미을 마주하며 자신의 삶을 다시 바라본다. 코미디와 모험의 요소를 결합해 이야기를 따뜻한 시선으로 풀어낸 가상의 한국 영화. 코미디 모험 범죄 요리 제주 기억"
100245,흐린 레시피 245,"한강변을 배경으로, 택배 기사가 폐쇄 예정인 공간을 지키기 위한 계획을 세운다. 이 과정에서 상실과 회복을 마주하며 자신의 삶을 다시 바라본다. 범죄와 로맨스의 요소를 결합해 이야기를 긴장감 있게 풀어낸 가상의 한국 영화.","[{""id"": 7, ""name"": ""범죄""}, {""id"": 3, ""name"": ""로맨스""}]","[{""id"": 122, ""name"": ""공동체""}, {""id"": 114, ""name"": ""음악""}, {""id"": 101, ""name"": ""가족""}, {""id"": 123, ""name"": ""역사""}]",ko,2013-03-15,5.8,9508,40.532,130,False,False,"['범죄', '로맨스']","['공동체', '음악', '가족', '역사']",범죄 로맨스,공동체 음악 가족 역사,2013,"한강변을 배경으로, 택배 기사가 폐쇄 예정인 공간을 지키기 위한 계획을 세운다. 이 과정에서 상실과 회복을 마주하며 자신의 삶을 다시 바라본다. 범죄와 로맨스의 요소를 결합해 이야기를 긴장감 있게 풀어낸 가상의 한국 영화.","한강변을 배경으로, 택배 기사가 폐쇄 예정인 공간을 지키기 위한 계획을 세운다. 이 과정에서 상실과 회복을 마주하며 자신의 삶을 다시 바라본다. 범죄와 로맨스의 요소를 결합해 이야기를 긴장감 있게 풀어낸 가상의 한국 영화. 범죄 로맨스 공동체 음악 가족 역사"
100246,먼 눈의 끝 246,"대구의 오래된 극장을 배경으로, 가족과 멀어진 의사가 수십 년 전 사라진 편지 한 통을 발견한다. 이 과정에서 도전과 성장을 마주하며 자신의 삶을 다시 바라본다. 애니메이션와 SF의 요소를 결합해 이야기를 긴장감 있게 풀어낸 가상의 한국 영화.","[{""id"": 12, ""name"": ""애니메이션""}, {""id"": 10, ""name"": ""SF""}]","[{""id"": 101, ""name"": ""가족""}, {""id"": 106, ""name"": ""서울""}, {""id"": 122, ""name"": ""공동체""}, {""id"": 121, ""name"": ""가짜뉴스""}]",ko,2012-09-29,7.4,9645,37.108,78,False,False,"['애니메이션', 'SF']","['가족', '서울', '공동체', '가짜뉴스']",애니메이션 SF,가족 서울 공동체 가짜뉴스,2012,"대구의 오래된 극장을 배경으로, 가족과 멀어진 의사가 수십 년 전 사라진 편지 한 통을 발견한다. 이 과정에서 도전과 성장을 마주하며 자신의 삶을 다시 바라본다. 애니메이션와 SF의 요소를 결합해 이야기를 긴장감 있게 풀어낸 가상의 한국 영화.","대구의 오래된 극장을 배경으로, 가족과 멀어진 의사가 수십 년 전 사라진 편지 한 통을 발견한다. 이 과정에서 도전과 성장을 마주하며 자신의 삶을 다시 바라본다. 애니메이션와 SF의 요소를 결합해 이야기를 긴장감 있게 풀어낸 가상의 한국 영화. 애니메이션 SF 가족 서울 공동체 가짜뉴스"
100247,작은 골목의 선택 247,"달 기지을 배경으로, 고향으로 돌아온 요리사가 가짜 뉴스로 인해 무너진 관계를 회복하려 한다. 이 과정에서 진실과 거짓을 마주하며 자신의 삶을 다시 바라본다. 코미디와 미스터리의 요소를 결합해 이야기를 따뜻한 시선으로 풀어낸 가상의 한국 영화.","[{""id"": 2, ""name"": ""코미디""}, {""id"": 5, ""name"": ""미스터리""}]","[{""id"": 111, ""name"": ""성장""}, {""id"": 113, ""name"": ""여행""}, {""id"": 117, ""name"": ""범죄""}, {""id"": 110, ""name"": ""추적""}]",ko,2012-11-18,5.7,9782,36.355,91,False,False,"['코미디', '미스터리']","['성장', '여행', '범죄', '추적']",코미디 미스터리,성장 여행 범죄 추적,2012,"달 기지을 배경으로, 고향으로 돌아온 요리사가 가짜 뉴스로 인해 무너진 관계를 회복하려 한다. 이 과정에서 진실과 거짓을 마주하며 자신의 삶을 다시 바라본다. 코미디와 미스터리의 요소를 결합해 이야기를 따뜻한 시선으로 풀어낸 가상의 한국 영화.","달 기지을 배경으로, 고향으로 돌아온 요리사가 가짜 뉴스로 인해 무너진 관계를 회복하려 한다. 이 과정에서 진실과 거짓을 마주하며 자신의 삶을 다시 바라본다. 코미디와 미스터리의 요소를 결합해 이야기를 따뜻한 시선으로 풀어낸 가상의 한국 영화. 코미디 미스터리 성장 여행 범죄 추적"
100248,오래된 마을을 기다리며 248,"제주도의 작은 해안마을을 배경으로, 택배 기사가 정체를 알 수 없는 음성 메시지를 매일 받기 시작한다. 이 과정에서 환경과 공존을 마주하며 자신의 삶을 다시 바라본다. 범죄와 판타지의 요소를 결합해 이야기를 긴장감 있게 풀어낸 가상의 한국 영화.","[{""id"": 7, ""name"": ""범죄""}, {""id"": 9, ""name"": ""판타지""}]","[{""id"": 121, ""name"": ""가짜뉴스""}, {""id"": 106, ""name"": ""서울""}, {""id"": 114, ""name"": ""음악""}, {""id"": 124, ""name"": ""시간여행""}]",ko,2013-01-07,7.3,9919,32.66,104,False,False,"['범죄', '판타지']","['가짜뉴스', '서울', '음악', '시간여행']",범죄 판타지,가짜뉴스 서울 음악 시간여행,2013,"제주도의 작은 해안마을을 배경으로, 택배 기사가 정체를 알 수 없는 음성 메시지를 매일 받기 시작한다. 이 과정에서 환경과 공존을 마주하며 자신의 삶을 다시 바라본다. 범죄와 판타지의 요소를 결합해 이야기를 긴장감 있게 풀어낸 가상의 한국 영화.","제주도의 작은 해안마을을 배경으로, 택배 기사가 정체를 알 수 없는 음성 메시지를 매일 받기 시작한다. 이 과정에서 환경과 공존을 마주하며 자신의 삶을 다시 바라본다. 범죄와 판타지의 요소를 결합해 이야기를 긴장감 있게 풀어낸 가상의 한국 영화. 범죄 판타지 가짜뉴스 서울 음악 시간여행"
100249,새로운 열차의 계절 249,"강원도의 산골마을을 배경으로, 가족과 멀어진 의사가 도시 전체의 전력이 사라진 밤에 중요한 선택을 한다. 이 과정에서 세대 간 갈등을 마주하며 자신의 삶을 다시 바라본다. 애니메이션와 드라마의 요소를 결합해 이야기를 긴장감 있게 풀어낸 가상의 한국 영화.","[{""id"": 12, ""name"": ""애니메이션""}, {""id"": 1, ""name"": ""드라마""}]","[{""id"": 120, ""name"": ""언론""}, {""id"": 109, ""name"": ""로봇""}, {""id"": 121, ""name"": ""가짜뉴스""}, {""id"": 103, ""name"": ""기억""}]",ko,2013-02-26,5.4,10056,34.443,117,False,False,"['애니메이션', '드라마']","['언론', '로봇', '가짜뉴스', '기억']",애니메이션 드라마,언론 로봇 가짜뉴스 기억,2013,"강원도의 산골마을을 배경으로, 가족과 멀어진 의사가 도시 전체의 전력이 사라진 밤에 중요한 선택을 한다. 이 과정에서 세대 간 갈등을 마주하며 자신의 삶을 다시 바라본다. 애니메이션와 드라마의 요소를 결합해 이야기를 긴장감 있게 풀어낸 가상의 한국 영화.","강원도의 산골마을을 배경으로, 가족과 멀어진 의사가 도시 전체의 전력이 사라진 밤에 중요한 선택을 한다. 이 과정에서 세대 간 갈등을 마주하며 자신의 삶을 다시 바라본다. 애니메이션와 드라마의 요소를 결합해 이야기를 긴장감 있게 풀어낸 가상의 한국 영화. 애니메이션 드라마 언론 로봇 가짜뉴스 기억"
100250,달빛 아래 우주선의 기록 250,"전주의 한옥마을을 배경으로, 고향으로 돌아온 요리사가 하루가 반복되는 이상한 현상을 겪는다. 이 과정에서 사랑과 이별을 마주하며 자신의 삶을 다시 바라본다. 코미디와 가족의 요소를 결합해 이야기를 따뜻한 시선으로 풀어낸 가상의 한국 영화.","[{""id"": 2, ""name"": ""코미디""}, {""id"": 8, ""name"": ""가족""}]","[{""id"": 101, ""name"": ""가족""}, {""id"": 102, ""name"": ""우정""}, {""id"": 105, ""name"": ""제주""}, {""id"": 120, ""name"": ""언론""}]",ko,2013-04-17,7.1,10193,35.008,130,False,False,"['코미디', '가족']","['가족', '우정', '제주', '언론']",코미디 가족,가족 우정 제주 언론,2013,"전주의 한옥마을을 배경으로, 고향으로 돌아온 요리사가 하루가 반복되는 이상한 현상을 겪는다. 이 과정에서 사랑과 이별을 마주하며 자신의 삶을 다시 바라본다. 코미디와 가족의 요소를 결합해 이야기를 따뜻한 시선으로 풀어낸 가상의 한국 영화.","전주의 한옥마을을 배경으로, 고향으로 돌아온 요리사가 하루가 반복되는 이상한 현상을 겪는다. 이 과정에서 사랑과 이별을 마주하며 자신의 삶을 다시 바라본다. 코미디와 가족의 요소를 결합해 이야기를 따뜻한 시선으로 풀어낸 가상의 한국 영화. 코미디 가족 가족 우정 제주 언론"
100251,바람 속 전화의 하루 251,"가상의 미래 도시을 배경으로, 택배 기사가 실종 사건의 단서가 된 노래를 해석하기 시작한다. 이 과정에서 선택과 책임을 마주하며 자신의 삶을 다시 바라본다. 범죄와 다큐멘터리의 요소를 결합해 이야기를 긴장감 있게 풀어낸 가상의 한국 영화.","[{""id"": 7, ""name"": ""범죄""}, {""id"": 15, ""name"": ""다큐멘터리""}]","[{""id"": 108, ""name"": ""인공지능""}, {""id"": 122, ""name"": ""공동체""}, {""id"": 112, ""name"": ""사랑""}, {""id"": 123, ""name"": ""역사""}]",ko,2013-06-06,5.1,10330,25.558,78,False,False,"['범죄', '다큐멘터리']","['인공지능', '공동체', '사랑', '역사']",범죄 다큐멘터리,인공지능 공동체 사랑 역사,2013,"가상의 미래 도시을 배경으로, 택배 기사가 실종 사건의 단서가 된 노래를 해석하기 시작한다. 이 과정에서 선택과 책임을 마주하며 자신의 삶을 다시 바라본다. 범죄와 다큐멘터리의 요소를 결합해 이야기를 긴장감 있게 풀어낸 가상의 한국 영화.","가상의 미래 도시을 배경으로, 택배 기사가 실종 사건의 단서가 된 노래를 해석하기 시작한다. 이 과정에서 선택과 책임을 마주하며 자신의 삶을 다시 바라본다. 범죄와 다큐멘터리의 요소를 결합해 이야기를 긴장감 있게 풀어낸 가상의 한국 영화. 범죄 다큐멘터리 인공지능 공동체 사랑 역사"
100252,비 오는 날 편지에서 만난 사람 252,"국경 근처의 작은 역을 배경으로, 가족과 멀어진 의사가 서로 다른 목적을 가진 사람들과 뜻밖의 팀을 이룬다. 이 과정에서 지역 공동체을 마주하며 자신의 삶을 다시 바라본다. 애니메이션와 범죄의 요소를 결합해 이야기를 긴장감 있게 풀어낸 가상의 한국 영화.","[{""id"": 12, ""name"": ""애니메이션""}, {""id"": 7, ""name"": ""범죄""}]","[{""id"": 112, ""name"": ""사랑""}, {""id"": 125, ""name"": ""탐정""}, {""id"": 113, ""name"": ""여행""}, {""id"": 111, ""name"": ""성장""}]",ko,2013-07-26,7.0,10467,38.795,91,False,False,"['애니메이션', '범죄']","['사랑', '탐정', '여행', '성장']",애니메이션 범죄,사랑 탐정 여행 성장,2013,"국경 근처의 작은 역을 배경으로, 가족과 멀어진 의사가 서로 다른 목적을 가진 사람들과 뜻밖의 팀을 이룬다. 이 과정에서 지역 공동체을 마주하며 자신의 삶을 다시 바라본다. 애니메이션와 범죄의 요소를 결합해 이야기를 긴장감 있게 풀어낸 가상의 한국 영화.","국경 근처의 작은 역을 배경으로, 가족과 멀어진 의사가 서로 다른 목적을 가진 사람들과 뜻밖의 팀을 이룬다. 이 과정에서 지역 공동체을 마주하며 자신의 삶을 다시 바라본다. 애니메이션와 범죄의 요소를 결합해 이야기를 긴장감 있게 풀어낸 가상의 한국 영화. 애니메이션 범죄 사랑 탐정 여행 성장"
100253,제주의 시장의 밤 253,"부산항 인근을 배경으로, 고향으로 돌아온 요리사가 마을 사람들만 알고 있는 비밀스러운 규칙을 알게 된다. 이 과정에서 기술과 인간성을 마주하며 자신의 삶을 다시 바라본다. 코미디와 역사의 요소를 결합해 이야기를 따뜻한 시선으로 풀어낸 가상의 한국 영화.","[{""id"": 2, ""name"": ""코미디""}, {""id"": 14, ""name"": ""역사""}]","[{""id"": 106, ""name"": ""서울""}, {""id"": 103, ""name"": ""기억""}, {""id"": 109, ""name"": ""로봇""}, {""id"": 111, ""name"": ""성장""}]",ko,2013-02-09,5.1,10604,36.103,104,False,False,"['코미디', '역사']","['서울', '기억', '로봇', '성장']",코미디 역사,서울 기억 로봇 성장,2013,"부산항 인근을 배경으로, 고향으로 돌아온 요리사가 마을 사람들만 알고 있는 비밀스러운 규칙을 알게 된다. 이 과정에서 기술과 인간성을 마주하며 자신의 삶을 다시 바라본다. 코미디와 역사의 요소를 결합해 이야기를 따뜻한 시선으로 풀어낸 가상의 한국 영화.","부산항 인근을 배경으로, 고향으로 돌아온 요리사가 마을 사람들만 알고 있는 비밀스러운 규칙을 알게 된다. 이 과정에서 기술과 인간성을 마주하며 자신의 삶을 다시 바라본다. 코미디와 역사의 요소를 결합해 이야기를 따뜻한 시선으로 풀어낸 가상의 한국 영화. 코미디 역사 서울 기억 로봇 성장"
100254,서울의 달의 온도 254,"인천의 낡은 공단을 배경으로, 택배 기사가 인공지능이 작성한 의문의 일기를 추적한다. 이 과정에서 기억과 정체성을 마주하며 자신의 삶을 다시 바라본다. 범죄와 액션의 요소를 결합해 이야기를 긴장감 있게 풀어낸 가상의 한국 영화.","[{""id"": 7, ""name"": ""범죄""}, {""id"": 6, ""name"": ""액션""}]","[{""id"": 107, ""name"": ""바다""}, {""id"": 105, ""name"": ""제주""}, {""id"": 112, ""name"": ""사랑""}, {""id"": 114, ""name"": ""음악""}]",ko,2013-03-31,6.7,10741,36.935,117,False,False,"['범죄', '액션']","['바다', '제주', '사랑', '음악']",범죄 액션,바다 제주 사랑 음악,2013,"인천의 낡은 공단을 배경으로, 택배 기사가 인공지능이 작성한 의문의 일기를 추적한다. 이 과정에서 기억과 정체성을 마주하며 자신의 삶을 다시 바라본다. 범죄와 액션의 요소를 결합해 이야기를 긴장감 있게 풀어낸 가상의 한국 영화.","인천의 낡은 공단을 배경으로, 택배 기사가 인공지능이 작성한 의문의 일기를 추적한다. 이 과정에서 기억과 정체성을 마주하며 자신의 삶을 다시 바라본다. 범죄와 액션의 요소를 결합해 이야기를 긴장감 있게 풀어낸 가상의 한국 영화. 범죄 액션 바다 제주 사랑 음악"
100255,부산의 호텔 너머 255,"광주의 대학가을 배경으로, 가족과 멀어진 의사가 우연히 과거의 사건과 연결된 사진을 발견한다. 이 과정에서 우정과 신뢰을 마주하며 자신의 삶을 다시 바라본다. 애니메이션와 음악의 요소를 결합해 이야기를 긴장감 있게 풀어낸 가상의 한국 영화.","[{""id"": 12, ""name"": ""애니메이션""}, {""id"": 13, ""name"": ""음악""}]","[{""id"": 124, ""name"": ""시간여행""}, {""id"": 120, ""name"": ""언론""}, {""id"": 102, ""name"": ""우정""}, {""id"": 118, ""name"": ""미래""}]",ko,2013-05-20,8.4,10878,27.236,130,False,False,"['애니메이션', '음악']","['시간여행', '언론', '우정', '미래']",애니메이션 음악,시간여행 언론 우정 미래,2013,"광주의 대학가을 배경으로, 가족과 멀어진 의사가 우연히 과거의 사건과 연결된 사진을 발견한다. 이 과정에서 우정과 신뢰을 마주하며 자신의 삶을 다시 바라본다. 애니메이션와 음악의 요소를 결합해 이야기를 긴장감 있게 풀어낸 가상의 한국 영화.","광주의 대학가을 배경으로, 가족과 멀어진 의사가 우연히 과거의 사건과 연결된 사진을 발견한다. 이 과정에서 우정과 신뢰을 마주하며 자신의 삶을 다시 바라본다. 애니메이션와 음악의 요소를 결합해 이야기를 긴장감 있게 풀어낸 가상의 한국 영화. 애니메이션 음악 시간여행 언론 우정 미래"
100256,한강의 거울의 비밀 256,"외딴 섬을 배경으로, 고향으로 돌아온 요리사가 가족이 숨겨온 오래된 약속의 의미를 알게 된다. 이 과정에서 가족의 의미을 마주하며 자신의 삶을 다시 바라본다. 코미디와 미스터리의 요소를 결합해 이야기를 따뜻한 시선으로 풀어낸 가상의 한국 영화.","[{""id"": 2, ""name"": ""코미디""}, {""id"": 5, ""name"": ""미스터리""}]","[{""id"": 111, ""name"": ""성장""}, {""id"": 124, ""name"": ""시간여행""}, {""id"": 117, ""name"": ""범죄""}, {""id"": 112, ""name"": ""사랑""}]",ko,2013-07-09,6.5,11015,32.108,78,False,False,"['코미디', '미스터리']","['성장', '시간여행', '범죄', '사랑']",코미디 미스터리,성장 시간여행 범죄 사랑,2013,"외딴 섬을 배경으로, 고향으로 돌아온 요리사가 가족이 숨겨온 오래된 약속의 의미를 알게 된다. 이 과정에서 가족의 의미을 마주하며 자신의 삶을 다시 바라본다. 코미디와 미스터리의 요소를 결합해 이야기를 따뜻한 시선으로 풀어낸 가상의 한국 영화.","외딴 섬을 배경으로, 고향으로 돌아온 요리사가 가족이 숨겨온 오래된 약속의 의미를 알게 된다. 이 과정에서 가족의 의미을 마주하며 자신의 삶을 다시 바라본다. 코미디와 미스터리의 요소를 결합해 이야기를 따뜻한 시선으로 풀어낸 가상의 한국 영화. 코미디 미스터리 성장 시간여행 범죄 사랑"
100257,새벽의 등대로 가는 길 257,"서울의 오래된 골목을 배경으로, 택배 기사가 폐쇄 예정인 공간을 지키기 위한 계획을 세운다. 이 과정에서 상실과 회복을 마주하며 자신의 삶을 다시 바라본다. 범죄와 애니메이션의 요소를 결합해 이야기를 긴장감 있게 풀어낸 가상의 한국 영화.","[{""id"": 7, ""name"": ""범죄""}, {""id"": 12, ""name"": ""애니메이션""}]","[{""id"": 109, ""name"": ""로봇""}, {""id"": 123, ""name"": ""역사""}, {""id"": 114, ""name"": ""음악""}, {""id"": 107, ""name"": ""바다""}]",ko,2013-08-28,8.3,11152,39.463,91,False,False,"['범죄', '애니메이션']","['로봇', '역사', '음악', '바다']",범죄 애니메이션,로봇 역사 음악 바다,2013,"서울의 오래된 골목을 배경으로, 택배 기사가 폐쇄 예정인 공간을 지키기 위한 계획을 세운다. 이 과정에서 상실과 회복을 마주하며 자신의 삶을 다시 바라본다. 범죄와 애니메이션의 요소를 결합해 이야기를 긴장감 있게 풀어낸 가상의 한국 영화.","서울의 오래된 골목을 배경으로, 택배 기사가 폐쇄 예정인 공간을 지키기 위한 계획을 세운다. 이 과정에서 상실과 회복을 마주하며 자신의 삶을 다시 바라본다. 범죄와 애니메이션의 요소를 결합해 이야기를 긴장감 있게 풀어낸 가상의 한국 영화. 범죄 애니메이션 로봇 역사 음악 바다"
100258,겨울의 기억과 우리 258,"한강변을 배경으로, 가족과 멀어진 의사가 수십 년 전 사라진 편지 한 통을 발견한다. 이 과정에서 도전과 성장을 마주하며 자신의 삶을 다시 바라본다. 애니메이션와 스릴러의 요소를 결합해 이야기를 긴장감 있게 풀어낸 가상의 한국 영화.","[{""id"": 12, ""name"": ""애니메이션""}, {""id"": 4, ""name"": ""스릴러""}]","[{""id"": 117, ""name"": ""범죄""}, {""id"": 124, ""name"": ""시간여행""}, {""id"": 114, ""name"": ""음악""}, {""id"": 119, ""name"": ""환경""}]",ko,2013-10-17,6.4,11289,34.039,104,False,False,"['애니메이션', '스릴러']","['범죄', '시간여행', '음악', '환경']",애니메이션 스릴러,범죄 시간여행 음악 환경,2013,"한강변을 배경으로, 가족과 멀어진 의사가 수십 년 전 사라진 편지 한 통을 발견한다. 이 과정에서 도전과 성장을 마주하며 자신의 삶을 다시 바라본다. 애니메이션와 스릴러의 요소를 결합해 이야기를 긴장감 있게 풀어낸 가상의 한국 영화.","한강변을 배경으로, 가족과 멀어진 의사가 수십 년 전 사라진 편지 한 통을 발견한다. 이 과정에서 도전과 성장을 마주하며 자신의 삶을 다시 바라본다. 애니메이션와 스릴러의 요소를 결합해 이야기를 긴장감 있게 풀어낸 가상의 한국 영화. 애니메이션 스릴러 범죄 시간여행 음악 환경"
100259,여름의 정원에게 259,"대구의 오래된 극장을 배경으로, 고향으로 돌아온 요리사가 가짜 뉴스로 인해 무너진 관계를 회복하려 한다. 이 과정에서 진실과 거짓을 마주하며 자신의 삶을 다시 바라본다. 코미디와 모험의 요소를 결합해 이야기를 따뜻한 시선으로 풀어낸 가상의 한국 영화.","[{""id"": 2, ""name"": ""코미디""}, {""id"": 11, ""name"": ""모험""}]","[{""id"": 109, ""name"": ""로봇""}, {""id"": 102, ""name"": ""우정""}, {""id"": 107, ""name"": ""바다""}, {""id"": 104, ""name"": ""미스터리""}]",ko,2013-12-06,8.1,11426,25.19,117,False,False,"['코미디', '모험']","['로봇', '우정', '바다', '미스터리']",코미디 모험,로봇 우정 바다 미스터리,2013,"대구의 오래된 극장을 배경으로, 고향으로 돌아온 요리사가 가짜 뉴스로 인해 무너진 관계를 회복하려 한다. 이 과정에서 진실과 거짓을 마주하며 자신의 삶을 다시 바라본다. 코미디와 모험의 요소를 결합해 이야기를 따뜻한 시선으로 풀어낸 가상의 한국 영화.","대구의 오래된 극장을 배경으로, 고향으로 돌아온 요리사가 가짜 뉴스로 인해 무너진 관계를 회복하려 한다. 이 과정에서 진실과 거짓을 마주하며 자신의 삶을 다시 바라본다. 코미디와 모험의 요소를 결합해 이야기를 따뜻한 시선으로 풀어낸 가상의 한국 영화. 코미디 모험 로봇 우정 바다 미스터리"
100260,봄날의 그림자 260,"달 기지을 배경으로, 택배 기사가 정체를 알 수 없는 음성 메시지를 매일 받기 시작한다. 이 과정에서 환경과 공존을 마주하며 자신의 삶을 다시 바라본다. 범죄와 로맨스의 요소를 결합해 이야기를 긴장감 있게 풀어낸 가상의 한국 영화.","[{""id"": 7, ""name"": ""범죄""}, {""id"": 3, ""name"": ""로맨스""}]","[{""id"": 102, ""name"": ""우정""}, {""id"": 109, ""name"": ""로봇""}, {""id"": 105, ""name"": ""제주""}, {""id"": 117, ""name"": ""범죄""}]",ko,2013-06-22,6.0,11563,34.428,130,False,False,"['범죄', '로맨스']","['우정', '로봇', '제주', '범죄']",범죄 로맨스,우정 로봇 제주 범죄,2013,"달 기지을 배경으로, 택배 기사가 정체를 알 수 없는 음성 메시지를 매일 받기 시작한다. 이 과정에서 환경과 공존을 마주하며 자신의 삶을 다시 바라본다. 범죄와 로맨스의 요소를 결합해 이야기를 긴장감 있게 풀어낸 가상의 한국 영화.","달 기지을 배경으로, 택배 기사가 정체를 알 수 없는 음성 메시지를 매일 받기 시작한다. 이 과정에서 환경과 공존을 마주하며 자신의 삶을 다시 바라본다. 범죄와 로맨스의 요소를 결합해 이야기를 긴장감 있게 풀어낸 가상의 한국 영화. 범죄 로맨스 우정 로봇 제주 범죄"
100261,가을의 연구소의 끝 261,"제주도의 작은 해안마을을 배경으로, 가족과 멀어진 의사가 도시 전체의 전력이 사라진 밤에 중요한 선택을 한다. 이 과정에서 세대 간 갈등을 마주하며 자신의 삶을 다시 바라본다. 애니메이션와 SF의 요소를 결합해 이야기를 긴장감 있게 풀어낸 가상의 한국 영화.","[{""id"": 12, ""name"": ""애니메이션""}, {""id"": 10, ""name"": ""SF""}]","[{""id"": 125, ""name"": ""탐정""}, {""id"": 101, ""name"": ""가족""}, {""id"": 121, ""name"": ""가짜뉴스""}, {""id"": 104, ""name"": ""미스터리""}]",ko,2013-08-11,7.9,11700,39.859,78,False,False,"['애니메이션', 'SF']","['탐정', '가족', '가짜뉴스', '미스터리']",애니메이션 SF,탐정 가족 가짜뉴스 미스터리,2013,"제주도의 작은 해안마을을 배경으로, 가족과 멀어진 의사가 도시 전체의 전력이 사라진 밤에 중요한 선택을 한다. 이 과정에서 세대 간 갈등을 마주하며 자신의 삶을 다시 바라본다. 애니메이션와 SF의 요소를 결합해 이야기를 긴장감 있게 풀어낸 가상의 한국 영화.","제주도의 작은 해안마을을 배경으로, 가족과 멀어진 의사가 도시 전체의 전력이 사라진 밤에 중요한 선택을 한다. 이 과정에서 세대 간 갈등을 마주하며 자신의 삶을 다시 바라본다. 애니메이션와 SF의 요소를 결합해 이야기를 긴장감 있게 풀어낸 가상의 한국 영화. 애니메이션 SF 탐정 가족 가짜뉴스 미스터리"
100262,푸른 지도의 선택 262,"강원도의 산골마을을 배경으로, 고향으로 돌아온 요리사가 하루가 반복되는 이상한 현상을 겪는다. 이 과정에서 사랑과 이별을 마주하며 자신의 삶을 다시 바라본다. 코미디와 미스터리의 요소를 결합해 이야기를 따뜻한 시선으로 풀어낸 가상의 한국 영화.","[{""id"": 2, ""name"": ""코미디""}, {""id"": 5, ""name"": ""미스터리""}]","[{""id"": 114, ""name"": ""음악""}, {""id"": 104, ""name"": ""미스터리""}, {""id"": 121, ""name"": ""가짜뉴스""}, {""id"": 110, ""name"": ""추적""}]",ko,2013-09-30,5.9,11837,33.581,91,False,False,"['코미디', '미스터리']","['음악', '미스터리', '가짜뉴스', '추적']",코미디 미스터리,음악 미스터리 가짜뉴스 추적,2013,"강원도의 산골마을을 배경으로, 고향으로 돌아온 요리사가 하루가 반복되는 이상한 현상을 겪는다. 이 과정에서 사랑과 이별을 마주하며 자신의 삶을 다시 바라본다. 코미디와 미스터리의 요소를 결합해 이야기를 따뜻한 시선으로 풀어낸 가상의 한국 영화.","강원도의 산골마을을 배경으로, 고향으로 돌아온 요리사가 하루가 반복되는 이상한 현상을 겪는다. 이 과정에서 사랑과 이별을 마주하며 자신의 삶을 다시 바라본다. 코미디와 미스터리의 요소를 결합해 이야기를 따뜻한 시선으로 풀어낸 가상의 한국 영화. 코미디 미스터리 음악 미스터리 가짜뉴스 추적"
100263,붉은 강을 기다리며 263,"전주의 한옥마을을 배경으로, 택배 기사가 실종 사건의 단서가 된 노래를 해석하기 시작한다. 이 과정에서 선택과 책임을 마주하며 자신의 삶을 다시 바라본다. 범죄와 판타지의 요소를 결합해 이야기를 긴장감 있게 풀어낸 가상의 한국 영화.","[{""id"": 7, ""name"": ""범죄""}, {""id"": 9, ""name"": ""판타지""}]","[{""id"": 120, ""name"": ""언론""}, {""id"": 115, ""name"": ""요리""}, {""id"": 110, ""name"": ""추적""}, {""id"": 116, ""name"": ""학교""}]",ko,2013-11-19,7.6,11974,37.543,104,False,False,"['범죄', '판타지']","['언론', '요리', '추적', '학교']",범죄 판타지,언론 요리 추적 학교,2013,"전주의 한옥마을을 배경으로, 택배 기사가 실종 사건의 단서가 된 노래를 해석하기 시작한다. 이 과정에서 선택과 책임을 마주하며 자신의 삶을 다시 바라본다. 범죄와 판타지의 요소를 결합해 이야기를 긴장감 있게 풀어낸 가상의 한국 영화.","전주의 한옥마을을 배경으로, 택배 기사가 실종 사건의 단서가 된 노래를 해석하기 시작한다. 이 과정에서 선택과 책임을 마주하며 자신의 삶을 다시 바라본다. 범죄와 판타지의 요소를 결합해 이야기를 긴장감 있게 풀어낸 가상의 한국 영화. 범죄 판타지 언론 요리 추적 학교"
100264,검은 정거장의 계절 264,"가상의 미래 도시을 배경으로, 가족과 멀어진 의사가 서로 다른 목적을 가진 사람들과 뜻밖의 팀을 이룬다. 이 과정에서 지역 공동체을 마주하며 자신의 삶을 다시 바라본다. 애니메이션와 드라마의 요소를 결합해 이야기를 긴장감 있게 풀어낸 가상의 한국 영화.","[{""id"": 12, ""name"": ""애니메이션""}, {""id"": 1, ""name"": ""드라마""}]","[{""id"": 104, ""name"": ""미스터리""}, {""id"": 124, ""name"": ""시간여행""}, {""id"": 119, ""name"": ""환경""}, {""id"": 116, ""name"": ""학교""}]",ko,2014-01-08,5.7,111,23.589,117,False,False,"['애니메이션', '드라마']","['미스터리', '시간여행', '환경', '학교']",애니메이션 드라마,미스터리 시간여행 환경 학교,2014,"가상의 미래 도시을 배경으로, 가족과 멀어진 의사가 서로 다른 목적을 가진 사람들과 뜻밖의 팀을 이룬다. 이 과정에서 지역 공동체을 마주하며 자신의 삶을 다시 바라본다. 애니메이션와 드라마의 요소를 결합해 이야기를 긴장감 있게 풀어낸 가상의 한국 영화.","가상의 미래 도시을 배경으로, 가족과 멀어진 의사가 서로 다른 목적을 가진 사람들과 뜻밖의 팀을 이룬다. 이 과정에서 지역 공동체을 마주하며 자신의 삶을 다시 바라본다. 애니메이션와 드라마의 요소를 결합해 이야기를 긴장감 있게 풀어낸 가상의 한국 영화. 애니메이션 드라마 미스터리 시간여행 환경 학교"
100265,하얀 숲의 기록 265,"국경 근처의 작은 역을 배경으로, 고향으로 돌아온 요리사가 마을 사람들만 알고 있는 비밀스러운 규칙을 알게 된다. 이 과정에서 기술과 인간성을 마주하며 자신의 삶을 다시 바라본다. 코미디와 가족의 요소를 결합해 이야기를 따뜻한 시선으로 풀어낸 가상의 한국 영화.","[{""id"": 2, ""name"": ""코미디""}, {""id"": 8, ""name"": ""가족""}]","[{""id"": 112, ""name"": ""사랑""}, {""id"": 103, ""name"": ""기억""}, {""id"": 115, ""name"": ""요리""}, {""id"": 107, ""name"": ""바다""}]",ko,2014-02-27,7.5,248,17.157,130,False,False,"['코미디', '가족']","['사랑', '기억', '요리', '바다']",코미디 가족,사랑 기억 요리 바다,2014,"국경 근처의 작은 역을 배경으로, 고향으로 돌아온 요리사가 마을 사람들만 알고 있는 비밀스러운 규칙을 알게 된다. 이 과정에서 기술과 인간성을 마주하며 자신의 삶을 다시 바라본다. 코미디와 가족의 요소를 결합해 이야기를 따뜻한 시선으로 풀어낸 가상의 한국 영화.","국경 근처의 작은 역을 배경으로, 고향으로 돌아온 요리사가 마을 사람들만 알고 있는 비밀스러운 규칙을 알게 된다. 이 과정에서 기술과 인간성을 마주하며 자신의 삶을 다시 바라본다. 코미디와 가족의 요소를 결합해 이야기를 따뜻한 시선으로 풀어낸 가상의 한국 영화. 코미디 가족 사랑 기억 요리 바다"
100266,마지막 사진의 하루 266,"부산항 인근을 배경으로, 택배 기사가 인공지능이 작성한 의문의 일기를 추적한다. 이 과정에서 기억과 정체성을 마주하며 자신의 삶을 다시 바라본다. 범죄와 다큐멘터리의 요소를 결합해 이야기를 긴장감 있게 풀어낸 가상의 한국 영화.","[{""id"": 7, ""name"": ""범죄""}, {""id"": 15, ""name"": ""다큐멘터리""}]","[{""id"": 111, ""name"": ""성장""}, {""id"": 124, ""name"": ""시간여행""}, {""id"": 114, ""name"": ""음악""}, {""id"": 110, ""name"": ""추적""}]",ko,2014-04-18,5.5,385,25.465,78,False,False,"['범죄', '다큐멘터리']","['성장', '시간여행', '음악', '추적']",범죄 다큐멘터리,성장 시간여행 음악 추적,2014,"부산항 인근을 배경으로, 택배 기사가 인공지능이 작성한 의문의 일기를 추적한다. 이 과정에서 기억과 정체성을 마주하며 자신의 삶을 다시 바라본다. 범죄와 다큐멘터리의 요소를 결합해 이야기를 긴장감 있게 풀어낸 가상의 한국 영화.","부산항 인근을 배경으로, 택배 기사가 인공지능이 작성한 의문의 일기를 추적한다. 이 과정에서 기억과 정체성을 마주하며 자신의 삶을 다시 바라본다. 범죄와 다큐멘터리의 요소를 결합해 이야기를 긴장감 있게 풀어낸 가상의 한국 영화. 범죄 다큐멘터리 성장 시간여행 음악 추적"
100267,첫 번째 로봇에서 만난 사람 267,"인천의 낡은 공단을 배경으로, 가족과 멀어진 의사가 우연히 과거의 사건과 연결된 사진을 발견한다. 이 과정에서 우정과 신뢰을 마주하며 자신의 삶을 다시 바라본다. 애니메이션와 범죄의 요소를 결합해 이야기를 긴장감 있게 풀어낸 가상의 한국 영화.","[{""id"": 12, ""name"": ""애니메이션""}, {""id"": 7, ""name"": ""범죄""}]","[{""id"": 123, ""name"": ""역사""}, {""id"": 125, ""name"": ""탐정""}, {""id"": 119, ""name"": ""환경""}, {""id"": 124, ""name"": ""시간여행""}]",ko,2013-11-02,7.3,522,18.32,91,False,False,"['애니메이션', '범죄']","['역사', '탐정', '환경', '시간여행']",애니메이션 범죄,역사 탐정 환경 시간여행,2013,"인천의 낡은 공단을 배경으로, 가족과 멀어진 의사가 우연히 과거의 사건과 연결된 사진을 발견한다. 이 과정에서 우정과 신뢰을 마주하며 자신의 삶을 다시 바라본다. 애니메이션와 범죄의 요소를 결합해 이야기를 긴장감 있게 풀어낸 가상의 한국 영화.","인천의 낡은 공단을 배경으로, 가족과 멀어진 의사가 우연히 과거의 사건과 연결된 사진을 발견한다. 이 과정에서 우정과 신뢰을 마주하며 자신의 삶을 다시 바라본다. 애니메이션와 범죄의 요소를 결합해 이야기를 긴장감 있게 풀어낸 가상의 한국 영화. 애니메이션 범죄 역사 탐정 환경 시간여행"
100268,낯선 신호의 밤 268,"광주의 대학가을 배경으로, 고향으로 돌아온 요리사가 가족이 숨겨온 오래된 약속의 의미를 알게 된다. 이 과정에서 가족의 의미을 마주하며 자신의 삶을 다시 바라본다. 코미디와 역사의 요소를 결합해 이야기를 따뜻한 시선으로 풀어낸 가상의 한국 영화.","[{""id"": 2, ""name"": ""코미디""}, {""id"": 14, ""name"": ""역사""}]","[{""id"": 124, ""name"": ""시간여행""}, {""id"": 104, ""name"": ""미스터리""}, {""id"": 117, ""name"": ""범죄""}, {""id"": 111, ""name"": ""성장""}]",ko,2013-12-22,5.3,659,28.972,104,False,False,"['코미디', '역사']","['시간여행', '미스터리', '범죄', '성장']",코미디 역사,시간여행 미스터리 범죄 성장,2013,"광주의 대학가을 배경으로, 고향으로 돌아온 요리사가 가족이 숨겨온 오래된 약속의 의미를 알게 된다. 이 과정에서 가족의 의미을 마주하며 자신의 삶을 다시 바라본다. 코미디와 역사의 요소를 결합해 이야기를 따뜻한 시선으로 풀어낸 가상의 한국 영화.","광주의 대학가을 배경으로, 고향으로 돌아온 요리사가 가족이 숨겨온 오래된 약속의 의미를 알게 된다. 이 과정에서 가족의 의미을 마주하며 자신의 삶을 다시 바라본다. 코미디와 역사의 요소를 결합해 이야기를 따뜻한 시선으로 풀어낸 가상의 한국 영화. 코미디 역사 시간여행 미스터리 범죄 성장"
100269,잊힌 불꽃의 온도 269,"외딴 섬을 배경으로, 택배 기사가 폐쇄 예정인 공간을 지키기 위한 계획을 세운다. 이 과정에서 상실과 회복을 마주하며 자신의 삶을 다시 바라본다. 범죄와 액션의 요소를 결합해 이야기를 긴장감 있게 풀어낸 가상의 한국 영화.","[{""id"": 7, ""name"": ""범죄""}, {""id"": 6, ""name"": ""액션""}]","[{""id"": 110, ""name"": ""추적""}, {""id"": 105, ""name"": ""제주""}, {""id"": 116, ""name"": ""학교""}, {""id"": 112, ""name"": ""사랑""}]",ko,2014-02-10,6.9,796,21.599,117,False,False,"['범죄', '액션']","['추적', '제주', '학교', '사랑']",범죄 액션,추적 제주 학교 사랑,2014,"외딴 섬을 배경으로, 택배 기사가 폐쇄 예정인 공간을 지키기 위한 계획을 세운다. 이 과정에서 상실과 회복을 마주하며 자신의 삶을 다시 바라본다. 범죄와 액션의 요소를 결합해 이야기를 긴장감 있게 풀어낸 가상의 한국 영화.","외딴 섬을 배경으로, 택배 기사가 폐쇄 예정인 공간을 지키기 위한 계획을 세운다. 이 과정에서 상실과 회복을 마주하며 자신의 삶을 다시 바라본다. 범죄와 액션의 요소를 결합해 이야기를 긴장감 있게 풀어낸 가상의 한국 영화. 범죄 액션 추적 제주 학교 사랑"
100270,비밀의 도서관 너머 270,"서울의 오래된 골목을 배경으로, 가족과 멀어진 의사가 수십 년 전 사라진 편지 한 통을 발견한다. 이 과정에서 도전과 성장을 마주하며 자신의 삶을 다시 바라본다. 애니메이션와 음악의 요소를 결합해 이야기를 긴장감 있게 풀어낸 가상의 한국 영화.","[{""id"": 12, ""name"": ""애니메이션""}, {""id"": 13, ""name"": ""음악""}]","[{""id"": 114, ""name"": ""음악""}, {""id"": 119, ""name"": ""환경""}, {""id"": 104, ""name"": ""미스터리""}, {""id"": 124, ""name"": ""시간여행""}]",ko,2014-04-01,5.0,933,24.204,130,False,False,"['애니메이션', '음악']","['음악', '환경', '미스터리', '시간여행']",애니메이션 음악,음악 환경 미스터리 시간여행,2014,"서울의 오래된 골목을 배경으로, 가족과 멀어진 의사가 수십 년 전 사라진 편지 한 통을 발견한다. 이 과정에서 도전과 성장을 마주하며 자신의 삶을 다시 바라본다. 애니메이션와 음악의 요소를 결합해 이야기를 긴장감 있게 풀어낸 가상의 한국 영화.","서울의 오래된 골목을 배경으로, 가족과 멀어진 의사가 수십 년 전 사라진 편지 한 통을 발견한다. 이 과정에서 도전과 성장을 마주하며 자신의 삶을 다시 바라본다. 애니메이션와 음악의 요소를 결합해 이야기를 긴장감 있게 풀어낸 가상의 한국 영화. 애니메이션 음악 음악 환경 미스터리 시간여행"
100271,고요한 별의 비밀 271,"한강변을 배경으로, 고향으로 돌아온 요리사가 가짜 뉴스로 인해 무너진 관계를 회복하려 한다. 이 과정에서 진실과 거짓을 마주하며 자신의 삶을 다시 바라본다. 코미디와 미스터리의 요소를 결합해 이야기를 따뜻한 시선으로 풀어낸 가상의 한국 영화.","[{""id"": 2, ""name"": ""코미디""}, {""id"": 5, ""name"": ""미스터리""}]","[{""id"": 121, ""name"": ""가짜뉴스""}, {""id"": 117, ""name"": ""범죄""}, {""id"": 125, ""name"": ""탐정""}, {""id"": 113, ""name"": ""여행""}]",ko,2014-05-21,6.7,1070,34.294,78,False,False,"['코미디', '미스터리']","['가짜뉴스', '범죄', '탐정', '여행']",코미디 미스터리,가짜뉴스 범죄 탐정 여행,2014,"한강변을 배경으로, 고향으로 돌아온 요리사가 가짜 뉴스로 인해 무너진 관계를 회복하려 한다. 이 과정에서 진실과 거짓을 마주하며 자신의 삶을 다시 바라본다. 코미디와 미스터리의 요소를 결합해 이야기를 따뜻한 시선으로 풀어낸 가상의 한국 영화.","한강변을 배경으로, 고향으로 돌아온 요리사가 가짜 뉴스로 인해 무너진 관계를 회복하려 한다. 이 과정에서 진실과 거짓을 마주하며 자신의 삶을 다시 바라본다. 코미디와 미스터리의 요소를 결합해 이야기를 따뜻한 시선으로 풀어낸 가상의 한국 영화. 코미디 미스터리 가짜뉴스 범죄 탐정 여행"
100272,빛나는 식당로 가는 길 272,"대구의 오래된 극장을 배경으로, 택배 기사가 정체를 알 수 없는 음성 메시지를 매일 받기 시작한다. 이 과정에서 환경과 공존을 마주하며 자신의 삶을 다시 바라본다. 범죄와 애니메이션의 요소를 결합해 이야기를 긴장감 있게 풀어낸 가상의 한국 영화.","[{""id"": 7, ""name"": ""범죄""}, {""id"": 12, ""name"": ""애니메이션""}]","[{""id"": 101, ""name"": ""가족""}, {""id"": 102, ""name"": ""우정""}, {""id"": 106, ""name"": ""서울""}, {""id"": 115, ""name"": ""요리""}]",ko,2014-07-10,8.6,1207,33.668,91,False,False,"['범죄', '애니메이션']","['가족', '우정', '서울', '요리']",범죄 애니메이션,가족 우정 서울 요리,2014,"대구의 오래된 극장을 배경으로, 택배 기사가 정체를 알 수 없는 음성 메시지를 매일 받기 시작한다. 이 과정에서 환경과 공존을 마주하며 자신의 삶을 다시 바라본다. 범죄와 애니메이션의 요소를 결합해 이야기를 긴장감 있게 풀어낸 가상의 한국 영화.","대구의 오래된 극장을 배경으로, 택배 기사가 정체를 알 수 없는 음성 메시지를 매일 받기 시작한다. 이 과정에서 환경과 공존을 마주하며 자신의 삶을 다시 바라본다. 범죄와 애니메이션의 요소를 결합해 이야기를 긴장감 있게 풀어낸 가상의 한국 영화. 범죄 애니메이션 가족 우정 서울 요리"
100273,흐린 비행과 우리 273,"달 기지을 배경으로, 가족과 멀어진 의사가 도시 전체의 전력이 사라진 밤에 중요한 선택을 한다. 이 과정에서 세대 간 갈등을 마주하며 자신의 삶을 다시 바라본다. 애니메이션와 스릴러의 요소를 결합해 이야기를 긴장감 있게 풀어낸 가상의 한국 영화.","[{""id"": 12, ""name"": ""애니메이션""}, {""id"": 4, ""name"": ""스릴러""}]","[{""id"": 115, ""name"": ""요리""}, {""id"": 102, ""name"": ""우정""}, {""id"": 114, ""name"": ""음악""}, {""id"": 123, ""name"": ""역사""}]",ko,2014-08-29,6.7,1344,35.4,104,False,False,"['애니메이션', '스릴러']","['요리', '우정', '음악', '역사']",애니메이션 스릴러,요리 우정 음악 역사,2014,"달 기지을 배경으로, 가족과 멀어진 의사가 도시 전체의 전력이 사라진 밤에 중요한 선택을 한다. 이 과정에서 세대 간 갈등을 마주하며 자신의 삶을 다시 바라본다. 애니메이션와 스릴러의 요소를 결합해 이야기를 긴장감 있게 풀어낸 가상의 한국 영화.","달 기지을 배경으로, 가족과 멀어진 의사가 도시 전체의 전력이 사라진 밤에 중요한 선택을 한다. 이 과정에서 세대 간 갈등을 마주하며 자신의 삶을 다시 바라본다. 애니메이션와 스릴러의 요소를 결합해 이야기를 긴장감 있게 풀어낸 가상의 한국 영화. 애니메이션 스릴러 요리 우정 음악 역사"
100274,먼 터널에게 274,"제주도의 작은 해안마을을 배경으로, 고향으로 돌아온 요리사가 하루가 반복되는 이상한 현상을 겪는다. 이 과정에서 사랑과 이별을 마주하며 자신의 삶을 다시 바라본다. 코미디와 모험의 요소를 결합해 이야기를 따뜻한 시선으로 풀어낸 가상의 한국 영화.","[{""id"": 2, ""name"": ""코미디""}, {""id"": 11, ""name"": ""모험""}]","[{""id"": 105, ""name"": ""제주""}, {""id"": 110, ""name"": ""추적""}, {""id"": 123, ""name"": ""역사""}, {""id"": 101, ""name"": ""가족""}]",ko,2014-03-15,8.2,1481,33.754,117,False,False,"['코미디', '모험']","['제주', '추적', '역사', '가족']",코미디 모험,제주 추적 역사 가족,2014,"제주도의 작은 해안마을을 배경으로, 고향으로 돌아온 요리사가 하루가 반복되는 이상한 현상을 겪는다. 이 과정에서 사랑과 이별을 마주하며 자신의 삶을 다시 바라본다. 코미디와 모험의 요소를 결합해 이야기를 따뜻한 시선으로 풀어낸 가상의 한국 영화.","제주도의 작은 해안마을을 배경으로, 고향으로 돌아온 요리사가 하루가 반복되는 이상한 현상을 겪는다. 이 과정에서 사랑과 이별을 마주하며 자신의 삶을 다시 바라본다. 코미디와 모험의 요소를 결합해 이야기를 따뜻한 시선으로 풀어낸 가상의 한국 영화. 코미디 모험 제주 추적 역사 가족"
100275,작은 약속 275,"강원도의 산골마을을 배경으로, 택배 기사가 실종 사건의 단서가 된 노래를 해석하기 시작한다. 이 과정에서 선택과 책임을 마주하며 자신의 삶을 다시 바라본다. 범죄와 로맨스의 요소를 결합해 이야기를 긴장감 있게 풀어낸 가상의 한국 영화.","[{""id"": 7, ""name"": ""범죄""}, {""id"": 3, ""name"": ""로맨스""}]","[{""id"": 107, ""name"": ""바다""}, {""id"": 122, ""name"": ""공동체""}, {""id"": 117, ""name"": ""범죄""}, {""id"": 121, ""name"": ""가짜뉴스""}]",ko,2014-05-04,6.4,1618,31.145,130,False,False,"['범죄', '로맨스']","['바다', '공동체', '범죄', '가짜뉴스']",범죄 로맨스,바다 공동체 범죄 가짜뉴스,2014,"강원도의 산골마을을 배경으로, 택배 기사가 실종 사건의 단서가 된 노래를 해석하기 시작한다. 이 과정에서 선택과 책임을 마주하며 자신의 삶을 다시 바라본다. 범죄와 로맨스의 요소를 결합해 이야기를 긴장감 있게 풀어낸 가상의 한국 영화.","강원도의 산골마을을 배경으로, 택배 기사가 실종 사건의 단서가 된 노래를 해석하기 시작한다. 이 과정에서 선택과 책임을 마주하며 자신의 삶을 다시 바라본다. 범죄와 로맨스의 요소를 결합해 이야기를 긴장감 있게 풀어낸 가상의 한국 영화. 범죄 로맨스 바다 공동체 범죄 가짜뉴스"
100276,오래된 극장의 끝 276,"전주의 한옥마을을 배경으로, 가족과 멀어진 의사가 서로 다른 목적을 가진 사람들과 뜻밖의 팀을 이룬다. 이 과정에서 지역 공동체을 마주하며 자신의 삶을 다시 바라본다. 애니메이션와 SF의 요소를 결합해 이야기를 긴장감 있게 풀어낸 가상의 한국 영화.","[{""id"": 12, ""name"": ""애니메이션""}, {""id"": 10, ""name"": ""SF""}]","[{""id"": 111, ""name"": ""성장""}, {""id"": 125, ""name"": ""탐정""}, {""id"": 108, ""name"": ""인공지능""}, {""id"": 122, ""name"": ""공동체""}]",ko,2014-06-23,8.1,1755,20.876,78,False,False,"['애니메이션', 'SF']","['성장', '탐정', '인공지능', '공동체']",애니메이션 SF,성장 탐정 인공지능 공동체,2014,"전주의 한옥마을을 배경으로, 가족과 멀어진 의사가 서로 다른 목적을 가진 사람들과 뜻밖의 팀을 이룬다. 이 과정에서 지역 공동체을 마주하며 자신의 삶을 다시 바라본다. 애니메이션와 SF의 요소를 결합해 이야기를 긴장감 있게 풀어낸 가상의 한국 영화.","전주의 한옥마을을 배경으로, 가족과 멀어진 의사가 서로 다른 목적을 가진 사람들과 뜻밖의 팀을 이룬다. 이 과정에서 지역 공동체을 마주하며 자신의 삶을 다시 바라본다. 애니메이션와 SF의 요소를 결합해 이야기를 긴장감 있게 풀어낸 가상의 한국 영화. 애니메이션 SF 성장 탐정 인공지능 공동체"
100277,새로운 시간의 선택 277,"가상의 미래 도시을 배경으로, 고향으로 돌아온 요리사가 마을 사람들만 알고 있는 비밀스러운 규칙을 알게 된다. 이 과정에서 기술과 인간성을 마주하며 자신의 삶을 다시 바라본다. 코미디와 미스터리의 요소를 결합해 이야기를 따뜻한 시선으로 풀어낸 가상의 한국 영화.","[{""id"": 2, ""name"": ""코미디""}, {""id"": 5, ""name"": ""미스터리""}]","[{""id"": 105, ""name"": ""제주""}, {""id"": 125, ""name"": ""탐정""}, {""id"": 103, ""name"": ""기억""}, {""id"": 106, ""name"": ""서울""}]",ko,2014-08-12,6.3,1892,31.538,91,False,False,"['코미디', '미스터리']","['제주', '탐정', '기억', '서울']",코미디 미스터리,제주 탐정 기억 서울,2014,"가상의 미래 도시을 배경으로, 고향으로 돌아온 요리사가 마을 사람들만 알고 있는 비밀스러운 규칙을 알게 된다. 이 과정에서 기술과 인간성을 마주하며 자신의 삶을 다시 바라본다. 코미디와 미스터리의 요소를 결합해 이야기를 따뜻한 시선으로 풀어낸 가상의 한국 영화.","가상의 미래 도시을 배경으로, 고향으로 돌아온 요리사가 마을 사람들만 알고 있는 비밀스러운 규칙을 알게 된다. 이 과정에서 기술과 인간성을 마주하며 자신의 삶을 다시 바라본다. 코미디와 미스터리의 요소를 결합해 이야기를 따뜻한 시선으로 풀어낸 가상의 한국 영화. 코미디 미스터리 제주 탐정 기억 서울"
100278,달빛 아래 학교을 기다리며 278,"국경 근처의 작은 역을 배경으로, 택배 기사가 인공지능이 작성한 의문의 일기를 추적한다. 이 과정에서 기억과 정체성을 마주하며 자신의 삶을 다시 바라본다. 범죄와 판타지의 요소를 결합해 이야기를 긴장감 있게 풀어낸 가상의 한국 영화.","[{""id"": 7, ""name"": ""범죄""}, {""id"": 9, ""name"": ""판타지""}]","[{""id"": 124, ""name"": ""시간여행""}, {""id"": 121, ""name"": ""가짜뉴스""}, {""id"": 103, ""name"": ""기억""}, {""id"": 101, ""name"": ""가족""}]",ko,2014-10-01,7.8,2029,32.893,104,False,False,"['범죄', '판타지']","['시간여행', '가짜뉴스', '기억', '가족']",범죄 판타지,시간여행 가짜뉴스 기억 가족,2014,"국경 근처의 작은 역을 배경으로, 택배 기사가 인공지능이 작성한 의문의 일기를 추적한다. 이 과정에서 기억과 정체성을 마주하며 자신의 삶을 다시 바라본다. 범죄와 판타지의 요소를 결합해 이야기를 긴장감 있게 풀어낸 가상의 한국 영화.","국경 근처의 작은 역을 배경으로, 택배 기사가 인공지능이 작성한 의문의 일기를 추적한다. 이 과정에서 기억과 정체성을 마주하며 자신의 삶을 다시 바라본다. 범죄와 판타지의 요소를 결합해 이야기를 긴장감 있게 풀어낸 가상의 한국 영화. 범죄 판타지 시간여행 가짜뉴스 기억 가족"
100279,바람 속 문의 계절 279,"부산항 인근을 배경으로, 가족과 멀어진 의사가 우연히 과거의 사건과 연결된 사진을 발견한다. 이 과정에서 우정과 신뢰을 마주하며 자신의 삶을 다시 바라본다. 애니메이션와 드라마의 요소를 결합해 이야기를 긴장감 있게 풀어낸 가상의 한국 영화.","[{""id"": 12, ""name"": ""애니메이션""}, {""id"": 1, ""name"": ""드라마""}]","[{""id"": 108, ""name"": ""인공지능""}, {""id"": 116, ""name"": ""학교""}, {""id"": 121, ""name"": ""가짜뉴스""}, {""id"": 107, ""name"": ""바다""}]",ko,2014-11-20,6.1,2166,25.67,117,False,False,"['애니메이션', '드라마']","['인공지능', '학교', '가짜뉴스', '바다']",애니메이션 드라마,인공지능 학교 가짜뉴스 바다,2014,"부산항 인근을 배경으로, 가족과 멀어진 의사가 우연히 과거의 사건과 연결된 사진을 발견한다. 이 과정에서 우정과 신뢰을 마주하며 자신의 삶을 다시 바라본다. 애니메이션와 드라마의 요소를 결합해 이야기를 긴장감 있게 풀어낸 가상의 한국 영화.","부산항 인근을 배경으로, 가족과 멀어진 의사가 우연히 과거의 사건과 연결된 사진을 발견한다. 이 과정에서 우정과 신뢰을 마주하며 자신의 삶을 다시 바라본다. 애니메이션와 드라마의 요소를 결합해 이야기를 긴장감 있게 풀어낸 가상의 한국 영화. 애니메이션 드라마 인공지능 학교 가짜뉴스 바다"
100280,비 오는 날 카페의 기록 280,"인천의 낡은 공단을 배경으로, 고향으로 돌아온 요리사가 가족이 숨겨온 오래된 약속의 의미를 알게 된다. 이 과정에서 가족의 의미을 마주하며 자신의 삶을 다시 바라본다. 코미디와 가족의 요소를 결합해 이야기를 따뜻한 시선으로 풀어낸 가상의 한국 영화.","[{""id"": 2, ""name"": ""코미디""}, {""id"": 8, ""name"": ""가족""}]","[{""id"": 122, ""name"": ""공동체""}, {""id"": 125, ""name"": ""탐정""}, {""id"": 110, ""name"": ""추적""}, {""id"": 115, ""name"": ""요리""}]",ko,2015-01-09,7.8,2303,23.316,130,False,False,"['코미디', '가족']","['공동체', '탐정', '추적', '요리']",코미디 가족,공동체 탐정 추적 요리,2015,"인천의 낡은 공단을 배경으로, 고향으로 돌아온 요리사가 가족이 숨겨온 오래된 약속의 의미를 알게 된다. 이 과정에서 가족의 의미을 마주하며 자신의 삶을 다시 바라본다. 코미디와 가족의 요소를 결합해 이야기를 따뜻한 시선으로 풀어낸 가상의 한국 영화.","인천의 낡은 공단을 배경으로, 고향으로 돌아온 요리사가 가족이 숨겨온 오래된 약속의 의미를 알게 된다. 이 과정에서 가족의 의미을 마주하며 자신의 삶을 다시 바라본다. 코미디와 가족의 요소를 결합해 이야기를 따뜻한 시선으로 풀어낸 가상의 한국 영화. 코미디 가족 공동체 탐정 추적 요리"
100281,제주의 파도의 하루 281,"광주의 대학가을 배경으로, 택배 기사가 폐쇄 예정인 공간을 지키기 위한 계획을 세운다. 이 과정에서 상실과 회복을 마주하며 자신의 삶을 다시 바라본다. 범죄와 다큐멘터리의 요소를 결합해 이야기를 긴장감 있게 풀어낸 가상의 한국 영화.","[{""id"": 7, ""name"": ""범죄""}, {""id"": 15, ""name"": ""다큐멘터리""}]","[{""id"": 111, ""name"": ""성장""}, {""id"": 102, ""name"": ""우정""}, {""id"": 117, ""name"": ""범죄""}, {""id"": 106, ""name"": ""서울""}]",ko,2014-07-26,5.9,2440,29.231,78,False,False,"['범죄', '다큐멘터리']","['성장', '우정', '범죄', '서울']",범죄 다큐멘터리,성장 우정 범죄 서울,2014,"광주의 대학가을 배경으로, 택배 기사가 폐쇄 예정인 공간을 지키기 위한 계획을 세운다. 이 과정에서 상실과 회복을 마주하며 자신의 삶을 다시 바라본다. 범죄와 다큐멘터리의 요소를 결합해 이야기를 긴장감 있게 풀어낸 가상의 한국 영화.","광주의 대학가을 배경으로, 택배 기사가 폐쇄 예정인 공간을 지키기 위한 계획을 세운다. 이 과정에서 상실과 회복을 마주하며 자신의 삶을 다시 바라본다. 범죄와 다큐멘터리의 요소를 결합해 이야기를 긴장감 있게 풀어낸 가상의 한국 영화. 범죄 다큐멘터리 성장 우정 범죄 서울"
100282,서울의 섬에서 만난 사람 282,"외딴 섬을 배경으로, 가족과 멀어진 의사가 수십 년 전 사라진 편지 한 통을 발견한다. 이 과정에서 도전과 성장을 마주하며 자신의 삶을 다시 바라본다. 애니메이션와 범죄의 요소를 결합해 이야기를 긴장감 있게 풀어낸 가상의 한국 영화.","[{""id"": 12, ""name"": ""애니메이션""}, {""id"": 7, ""name"": ""범죄""}]","[{""id"": 103, ""name"": ""기억""}, {""id"": 104, ""name"": ""미스터리""}, {""id"": 123, ""name"": ""역사""}, {""id"": 111, ""name"": ""성장""}]",ko,2014-09-14,7.5,2577,37.574,91,False,False,"['애니메이션', '범죄']","['기억', '미스터리', '역사', '성장']",애니메이션 범죄,기억 미스터리 역사 성장,2014,"외딴 섬을 배경으로, 가족과 멀어진 의사가 수십 년 전 사라진 편지 한 통을 발견한다. 이 과정에서 도전과 성장을 마주하며 자신의 삶을 다시 바라본다. 애니메이션와 범죄의 요소를 결합해 이야기를 긴장감 있게 풀어낸 가상의 한국 영화.","외딴 섬을 배경으로, 가족과 멀어진 의사가 수십 년 전 사라진 편지 한 통을 발견한다. 이 과정에서 도전과 성장을 마주하며 자신의 삶을 다시 바라본다. 애니메이션와 범죄의 요소를 결합해 이야기를 긴장감 있게 풀어낸 가상의 한국 영화. 애니메이션 범죄 기억 미스터리 역사 성장"
100283,부산의 노래의 밤 283,"서울의 오래된 골목을 배경으로, 고향으로 돌아온 요리사가 가짜 뉴스로 인해 무너진 관계를 회복하려 한다. 이 과정에서 진실과 거짓을 마주하며 자신의 삶을 다시 바라본다. 코미디와 역사의 요소를 결합해 이야기를 따뜻한 시선으로 풀어낸 가상의 한국 영화.","[{""id"": 2, ""name"": ""코미디""}, {""id"": 14, ""name"": ""역사""}]","[{""id"": 112, ""name"": ""사랑""}, {""id"": 117, ""name"": ""범죄""}, {""id"": 111, ""name"": ""성장""}, {""id"": 110, ""name"": ""추적""}]",ko,2014-11-03,5.6,2714,28.102,104,False,False,"['코미디', '역사']","['사랑', '범죄', '성장', '추적']",코미디 역사,사랑 범죄 성장 추적,2014,"서울의 오래된 골목을 배경으로, 고향으로 돌아온 요리사가 가짜 뉴스로 인해 무너진 관계를 회복하려 한다. 이 과정에서 진실과 거짓을 마주하며 자신의 삶을 다시 바라본다. 코미디와 역사의 요소를 결합해 이야기를 따뜻한 시선으로 풀어낸 가상의 한국 영화.","서울의 오래된 골목을 배경으로, 고향으로 돌아온 요리사가 가짜 뉴스로 인해 무너진 관계를 회복하려 한다. 이 과정에서 진실과 거짓을 마주하며 자신의 삶을 다시 바라본다. 코미디와 역사의 요소를 결합해 이야기를 따뜻한 시선으로 풀어낸 가상의 한국 영화. 코미디 역사 사랑 범죄 성장 추적"
100284,한강의 탐정의 온도 284,"한강변을 배경으로, 택배 기사가 정체를 알 수 없는 음성 메시지를 매일 받기 시작한다. 이 과정에서 환경과 공존을 마주하며 자신의 삶을 다시 바라본다. 범죄와 액션의 요소를 결합해 이야기를 긴장감 있게 풀어낸 가상의 한국 영화.","[{""id"": 7, ""name"": ""범죄""}, {""id"": 6, ""name"": ""액션""}]","[{""id"": 107, ""name"": ""바다""}, {""id"": 106, ""name"": ""서울""}, {""id"": 123, ""name"": ""역사""}, {""id"": 114, ""name"": ""음악""}]",ko,2014-12-23,7.3,2851,35.655,117,False,False,"['범죄', '액션']","['바다', '서울', '역사', '음악']",범죄 액션,바다 서울 역사 음악,2014,"한강변을 배경으로, 택배 기사가 정체를 알 수 없는 음성 메시지를 매일 받기 시작한다. 이 과정에서 환경과 공존을 마주하며 자신의 삶을 다시 바라본다. 범죄와 액션의 요소를 결합해 이야기를 긴장감 있게 풀어낸 가상의 한국 영화.","한강변을 배경으로, 택배 기사가 정체를 알 수 없는 음성 메시지를 매일 받기 시작한다. 이 과정에서 환경과 공존을 마주하며 자신의 삶을 다시 바라본다. 범죄와 액션의 요소를 결합해 이야기를 긴장감 있게 풀어낸 가상의 한국 영화. 범죄 액션 바다 서울 역사 음악"
100285,새벽의 레시피 너머 285,"대구의 오래된 극장을 배경으로, 가족과 멀어진 의사가 도시 전체의 전력이 사라진 밤에 중요한 선택을 한다. 이 과정에서 세대 간 갈등을 마주하며 자신의 삶을 다시 바라본다. 애니메이션와 음악의 요소를 결합해 이야기를 긴장감 있게 풀어낸 가상의 한국 영화.","[{""id"": 12, ""name"": ""애니메이션""}, {""id"": 13, ""name"": ""음악""}]","[{""id"": 121, ""name"": ""가짜뉴스""}, {""id"": 107, ""name"": ""바다""}, {""id"": 120, ""name"": ""언론""}, {""id"": 104, ""name"": ""미스터리""}]",ko,2015-02-11,5.4,2988,30.627,130,False,False,"['애니메이션', '음악']","['가짜뉴스', '바다', '언론', '미스터리']",애니메이션 음악,가짜뉴스 바다 언론 미스터리,2015,"대구의 오래된 극장을 배경으로, 가족과 멀어진 의사가 도시 전체의 전력이 사라진 밤에 중요한 선택을 한다. 이 과정에서 세대 간 갈등을 마주하며 자신의 삶을 다시 바라본다. 애니메이션와 음악의 요소를 결합해 이야기를 긴장감 있게 풀어낸 가상의 한국 영화.","대구의 오래된 극장을 배경으로, 가족과 멀어진 의사가 도시 전체의 전력이 사라진 밤에 중요한 선택을 한다. 이 과정에서 세대 간 갈등을 마주하며 자신의 삶을 다시 바라본다. 애니메이션와 음악의 요소를 결합해 이야기를 긴장감 있게 풀어낸 가상의 한국 영화. 애니메이션 음악 가짜뉴스 바다 언론 미스터리"
100286,겨울의 눈의 비밀 286,"달 기지을 배경으로, 고향으로 돌아온 요리사가 하루가 반복되는 이상한 현상을 겪는다. 이 과정에서 사랑과 이별을 마주하며 자신의 삶을 다시 바라본다. 코미디와 미스터리의 요소를 결합해 이야기를 따뜻한 시선으로 풀어낸 가상의 한국 영화.","[{""id"": 2, ""name"": ""코미디""}, {""id"": 5, ""name"": ""미스터리""}]","[{""id"": 120, ""name"": ""언론""}, {""id"": 110, ""name"": ""추적""}, {""id"": 102, ""name"": ""우정""}, {""id"": 113, ""name"": ""여행""}]",ko,2015-04-02,7.2,3125,36.143,78,False,False,"['코미디', '미스터리']","['언론', '추적', '우정', '여행']",코미디 미스터리,언론 추적 우정 여행,2015,"달 기지을 배경으로, 고향으로 돌아온 요리사가 하루가 반복되는 이상한 현상을 겪는다. 이 과정에서 사랑과 이별을 마주하며 자신의 삶을 다시 바라본다. 코미디와 미스터리의 요소를 결합해 이야기를 따뜻한 시선으로 풀어낸 가상의 한국 영화.","달 기지을 배경으로, 고향으로 돌아온 요리사가 하루가 반복되는 이상한 현상을 겪는다. 이 과정에서 사랑과 이별을 마주하며 자신의 삶을 다시 바라본다. 코미디와 미스터리의 요소를 결합해 이야기를 따뜻한 시선으로 풀어낸 가상의 한국 영화. 코미디 미스터리 언론 추적 우정 여행"
100287,여름의 골목로 가는 길 287,"제주도의 작은 해안마을을 배경으로, 택배 기사가 실종 사건의 단서가 된 노래를 해석하기 시작한다. 이 과정에서 선택과 책임을 마주하며 자신의 삶을 다시 바라본다. 범죄와 애니메이션의 요소를 결합해 이야기를 긴장감 있게 풀어낸 가상의 한국 영화.","[{""id"": 7, ""name"": ""범죄""}, {""id"": 12, ""name"": ""애니메이션""}]","[{""id"": 108, ""name"": ""인공지능""}, {""id"": 125, ""name"": ""탐정""}, {""id"": 112, ""name"": ""사랑""}, {""id"": 123, ""name"": ""역사""}]",ko,2015-05-22,5.3,3262,29.142,91,False,False,"['범죄', '애니메이션']","['인공지능', '탐정', '사랑', '역사']",범죄 애니메이션,인공지능 탐정 사랑 역사,2015,"제주도의 작은 해안마을을 배경으로, 택배 기사가 실종 사건의 단서가 된 노래를 해석하기 시작한다. 이 과정에서 선택과 책임을 마주하며 자신의 삶을 다시 바라본다. 범죄와 애니메이션의 요소를 결합해 이야기를 긴장감 있게 풀어낸 가상의 한국 영화.","제주도의 작은 해안마을을 배경으로, 택배 기사가 실종 사건의 단서가 된 노래를 해석하기 시작한다. 이 과정에서 선택과 책임을 마주하며 자신의 삶을 다시 바라본다. 범죄와 애니메이션의 요소를 결합해 이야기를 긴장감 있게 풀어낸 가상의 한국 영화. 범죄 애니메이션 인공지능 탐정 사랑 역사"
100288,봄날의 마을과 우리 288,"강원도의 산골마을을 배경으로, 가족과 멀어진 의사가 서로 다른 목적을 가진 사람들과 뜻밖의 팀을 이룬다. 이 과정에서 지역 공동체을 마주하며 자신의 삶을 다시 바라본다. 애니메이션와 스릴러의 요소를 결합해 이야기를 긴장감 있게 풀어낸 가상의 한국 영화.","[{""id"": 12, ""name"": ""애니메이션""}, {""id"": 4, ""name"": ""스릴러""}]","[{""id"": 111, ""name"": ""성장""}, {""id"": 102, ""name"": ""우정""}, {""id"": 103, ""name"": ""기억""}, {""id"": 108, ""name"": ""인공지능""}]",ko,2014-12-06,6.9,3399,34.574,104,False,False,"['애니메이션', '스릴러']","['성장', '우정', '기억', '인공지능']",애니메이션 스릴러,성장 우정 기억 인공지능,2014,"강원도의 산골마을을 배경으로, 가족과 멀어진 의사가 서로 다른 목적을 가진 사람들과 뜻밖의 팀을 이룬다. 이 과정에서 지역 공동체을 마주하며 자신의 삶을 다시 바라본다. 애니메이션와 스릴러의 요소를 결합해 이야기를 긴장감 있게 풀어낸 가상의 한국 영화.","강원도의 산골마을을 배경으로, 가족과 멀어진 의사가 서로 다른 목적을 가진 사람들과 뜻밖의 팀을 이룬다. 이 과정에서 지역 공동체을 마주하며 자신의 삶을 다시 바라본다. 애니메이션와 스릴러의 요소를 결합해 이야기를 긴장감 있게 풀어낸 가상의 한국 영화. 애니메이션 스릴러 성장 우정 기억 인공지능"
100289,가을의 열차에게 289,"전주의 한옥마을을 배경으로, 고향으로 돌아온 요리사가 마을 사람들만 알고 있는 비밀스러운 규칙을 알게 된다. 이 과정에서 기술과 인간성을 마주하며 자신의 삶을 다시 바라본다. 코미디와 모험의 요소를 결합해 이야기를 따뜻한 시선으로 풀어낸 가상의 한국 영화.","[{""id"": 2, ""name"": ""코미디""}, {""id"": 11, ""name"": ""모험""}]","[{""id"": 110, ""name"": ""추적""}, {""id"": 123, ""name"": ""역사""}, {""id"": 116, ""name"": ""학교""}, {""id"": 112, ""name"": ""사랑""}]",ko,2015-01-25,4.9,3536,34.651,117,False,False,"['코미디', '모험']","['추적', '역사', '학교', '사랑']",코미디 모험,추적 역사 학교 사랑,2015,"전주의 한옥마을을 배경으로, 고향으로 돌아온 요리사가 마을 사람들만 알고 있는 비밀스러운 규칙을 알게 된다. 이 과정에서 기술과 인간성을 마주하며 자신의 삶을 다시 바라본다. 코미디와 모험의 요소를 결합해 이야기를 따뜻한 시선으로 풀어낸 가상의 한국 영화.","전주의 한옥마을을 배경으로, 고향으로 돌아온 요리사가 마을 사람들만 알고 있는 비밀스러운 규칙을 알게 된다. 이 과정에서 기술과 인간성을 마주하며 자신의 삶을 다시 바라본다. 코미디와 모험의 요소를 결합해 이야기를 따뜻한 시선으로 풀어낸 가상의 한국 영화. 코미디 모험 추적 역사 학교 사랑"
100290,푸른 우주선 290,"가상의 미래 도시을 배경으로, 택배 기사가 인공지능이 작성한 의문의 일기를 추적한다. 이 과정에서 기억과 정체성을 마주하며 자신의 삶을 다시 바라본다. 범죄와 로맨스의 요소를 결합해 이야기를 긴장감 있게 풀어낸 가상의 한국 영화.","[{""id"": 7, ""name"": ""범죄""}, {""id"": 3, ""name"": ""로맨스""}]","[{""id"": 120, ""name"": ""언론""}, {""id"": 106, ""name"": ""서울""}, {""id"": 118, ""name"": ""미래""}, {""id"": 104, ""name"": ""미스터리""}]",ko,2015-03-16,6.6,3673,32.65,130,False,False,"['범죄', '로맨스']","['언론', '서울', '미래', '미스터리']",범죄 로맨스,언론 서울 미래 미스터리,2015,"가상의 미래 도시을 배경으로, 택배 기사가 인공지능이 작성한 의문의 일기를 추적한다. 이 과정에서 기억과 정체성을 마주하며 자신의 삶을 다시 바라본다. 범죄와 로맨스의 요소를 결합해 이야기를 긴장감 있게 풀어낸 가상의 한국 영화.","가상의 미래 도시을 배경으로, 택배 기사가 인공지능이 작성한 의문의 일기를 추적한다. 이 과정에서 기억과 정체성을 마주하며 자신의 삶을 다시 바라본다. 범죄와 로맨스의 요소를 결합해 이야기를 긴장감 있게 풀어낸 가상의 한국 영화. 범죄 로맨스 언론 서울 미래 미스터리"
100291,붉은 전화의 끝 291,"국경 근처의 작은 역을 배경으로, 가족과 멀어진 의사가 우연히 과거의 사건과 연결된 사진을 발견한다. 이 과정에서 우정과 신뢰을 마주하며 자신의 삶을 다시 바라본다. 애니메이션와 SF의 요소를 결합해 이야기를 긴장감 있게 풀어낸 가상의 한국 영화.","[{""id"": 12, ""name"": ""애니메이션""}, {""id"": 10, ""name"": ""SF""}]","[{""id"": 102, ""name"": ""우정""}, {""id"": 123, ""name"": ""역사""}, {""id"": 107, ""name"": ""바다""}, {""id"": 111, ""name"": ""성장""}]",ko,2015-05-05,8.5,3810,36.635,78,False,False,"['애니메이션', 'SF']","['우정', '역사', '바다', '성장']",애니메이션 SF,우정 역사 바다 성장,2015,"국경 근처의 작은 역을 배경으로, 가족과 멀어진 의사가 우연히 과거의 사건과 연결된 사진을 발견한다. 이 과정에서 우정과 신뢰을 마주하며 자신의 삶을 다시 바라본다. 애니메이션와 SF의 요소를 결합해 이야기를 긴장감 있게 풀어낸 가상의 한국 영화.","국경 근처의 작은 역을 배경으로, 가족과 멀어진 의사가 우연히 과거의 사건과 연결된 사진을 발견한다. 이 과정에서 우정과 신뢰을 마주하며 자신의 삶을 다시 바라본다. 애니메이션와 SF의 요소를 결합해 이야기를 긴장감 있게 풀어낸 가상의 한국 영화. 애니메이션 SF 우정 역사 바다 성장"
100292,검은 편지의 선택 292,"부산항 인근을 배경으로, 고향으로 돌아온 요리사가 가족이 숨겨온 오래된 약속의 의미를 알게 된다. 이 과정에서 가족의 의미을 마주하며 자신의 삶을 다시 바라본다. 코미디와 미스터리의 요소를 결합해 이야기를 따뜻한 시선으로 풀어낸 가상의 한국 영화.","[{""id"": 2, ""name"": ""코미디""}, {""id"": 5, ""name"": ""미스터리""}]","[{""id"": 112, ""name"": ""사랑""}, {""id"": 116, ""name"": ""학교""}, {""id"": 122, ""name"": ""공동체""}, {""id"": 109, ""name"": ""로봇""}]",ko,2015-06-24,6.5,3947,24.512,91,False,False,"['코미디', '미스터리']","['사랑', '학교', '공동체', '로봇']",코미디 미스터리,사랑 학교 공동체 로봇,2015,"부산항 인근을 배경으로, 고향으로 돌아온 요리사가 가족이 숨겨온 오래된 약속의 의미를 알게 된다. 이 과정에서 가족의 의미을 마주하며 자신의 삶을 다시 바라본다. 코미디와 미스터리의 요소를 결합해 이야기를 따뜻한 시선으로 풀어낸 가상의 한국 영화.","부산항 인근을 배경으로, 고향으로 돌아온 요리사가 가족이 숨겨온 오래된 약속의 의미를 알게 된다. 이 과정에서 가족의 의미을 마주하며 자신의 삶을 다시 바라본다. 코미디와 미스터리의 요소를 결합해 이야기를 따뜻한 시선으로 풀어낸 가상의 한국 영화. 코미디 미스터리 사랑 학교 공동체 로봇"
100293,하얀 시장을 기다리며 293,"인천의 낡은 공단을 배경으로, 택배 기사가 폐쇄 예정인 공간을 지키기 위한 계획을 세운다. 이 과정에서 상실과 회복을 마주하며 자신의 삶을 다시 바라본다. 범죄와 판타지의 요소를 결합해 이야기를 긴장감 있게 풀어낸 가상의 한국 영화.","[{""id"": 7, ""name"": ""범죄""}, {""id"": 9, ""name"": ""판타지""}]","[{""id"": 101, ""name"": ""가족""}, {""id"": 112, ""name"": ""사랑""}, {""id"": 117, ""name"": ""범죄""}, {""id"": 111, ""name"": ""성장""}]",ko,2015-08-13,8.3,4084,26.439,104,False,False,"['범죄', '판타지']","['가족', '사랑', '범죄', '성장']",범죄 판타지,가족 사랑 범죄 성장,2015,"인천의 낡은 공단을 배경으로, 택배 기사가 폐쇄 예정인 공간을 지키기 위한 계획을 세운다. 이 과정에서 상실과 회복을 마주하며 자신의 삶을 다시 바라본다. 범죄와 판타지의 요소를 결합해 이야기를 긴장감 있게 풀어낸 가상의 한국 영화.","인천의 낡은 공단을 배경으로, 택배 기사가 폐쇄 예정인 공간을 지키기 위한 계획을 세운다. 이 과정에서 상실과 회복을 마주하며 자신의 삶을 다시 바라본다. 범죄와 판타지의 요소를 결합해 이야기를 긴장감 있게 풀어낸 가상의 한국 영화. 범죄 판타지 가족 사랑 범죄 성장"
100294,마지막 달의 계절 294,"광주의 대학가을 배경으로, 가족과 멀어진 의사가 수십 년 전 사라진 편지 한 통을 발견한다. 이 과정에서 도전과 성장을 마주하며 자신의 삶을 다시 바라본다. 애니메이션와 드라마의 요소를 결합해 이야기를 긴장감 있게 풀어낸 가상의 한국 영화.","[{""id"": 12, ""name"": ""애니메이션""}, {""id"": 1, ""name"": ""드라마""}]","[{""id"": 124, ""name"": ""시간여행""}, {""id"": 122, ""name"": ""공동체""}, {""id"": 107, ""name"": ""바다""}, {""id"": 103, ""name"": ""기억""}]",ko,2015-10-02,6.2,4221,33.32,117,False,False,"['애니메이션', '드라마']","['시간여행', '공동체', '바다', '기억']",애니메이션 드라마,시간여행 공동체 바다 기억,2015,"광주의 대학가을 배경으로, 가족과 멀어진 의사가 수십 년 전 사라진 편지 한 통을 발견한다. 이 과정에서 도전과 성장을 마주하며 자신의 삶을 다시 바라본다. 애니메이션와 드라마의 요소를 결합해 이야기를 긴장감 있게 풀어낸 가상의 한국 영화.","광주의 대학가을 배경으로, 가족과 멀어진 의사가 수십 년 전 사라진 편지 한 통을 발견한다. 이 과정에서 도전과 성장을 마주하며 자신의 삶을 다시 바라본다. 애니메이션와 드라마의 요소를 결합해 이야기를 긴장감 있게 풀어낸 가상의 한국 영화. 애니메이션 드라마 시간여행 공동체 바다 기억"
100295,첫 번째 호텔의 기록 295,"외딴 섬을 배경으로, 고향으로 돌아온 요리사가 가짜 뉴스로 인해 무너진 관계를 회복하려 한다. 이 과정에서 진실과 거짓을 마주하며 자신의 삶을 다시 바라본다. 코미디와 가족의 요소를 결합해 이야기를 따뜻한 시선으로 풀어낸 가상의 한국 영화.","[{""id"": 2, ""name"": ""코미디""}, {""id"": 8, ""name"": ""가족""}]","[{""id"": 102, ""name"": ""우정""}, {""id"": 125, ""name"": ""탐정""}, {""id"": 121, ""name"": ""가짜뉴스""}, {""id"": 115, ""name"": ""요리""}]",ko,2015-04-18,8.0,4358,28.994,130,False,False,"['코미디', '가족']","['우정', '탐정', '가짜뉴스', '요리']",코미디 가족,우정 탐정 가짜뉴스 요리,2015,"외딴 섬을 배경으로, 고향으로 돌아온 요리사가 가짜 뉴스로 인해 무너진 관계를 회복하려 한다. 이 과정에서 진실과 거짓을 마주하며 자신의 삶을 다시 바라본다. 코미디와 가족의 요소를 결합해 이야기를 따뜻한 시선으로 풀어낸 가상의 한국 영화.","외딴 섬을 배경으로, 고향으로 돌아온 요리사가 가짜 뉴스로 인해 무너진 관계를 회복하려 한다. 이 과정에서 진실과 거짓을 마주하며 자신의 삶을 다시 바라본다. 코미디와 가족의 요소를 결합해 이야기를 따뜻한 시선으로 풀어낸 가상의 한국 영화. 코미디 가족 우정 탐정 가짜뉴스 요리"
100296,낯선 거울의 하루 296,"서울의 오래된 골목을 배경으로, 택배 기사가 정체를 알 수 없는 음성 메시지를 매일 받기 시작한다. 이 과정에서 환경과 공존을 마주하며 자신의 삶을 다시 바라본다. 범죄와 다큐멘터리의 요소를 결합해 이야기를 긴장감 있게 풀어낸 가상의 한국 영화.","[{""id"": 7, ""name"": ""범죄""}, {""id"": 15, ""name"": ""다큐멘터리""}]","[{""id"": 106, ""name"": ""서울""}, {""id"": 117, ""name"": ""범죄""}, {""id"": 109, ""name"": ""로봇""}, {""id"": 123, ""name"": ""역사""}]",ko,2015-06-07,6.0,4495,39.136,78,False,False,"['범죄', '다큐멘터리']","['서울', '범죄', '로봇', '역사']",범죄 다큐멘터리,서울 범죄 로봇 역사,2015,"서울의 오래된 골목을 배경으로, 택배 기사가 정체를 알 수 없는 음성 메시지를 매일 받기 시작한다. 이 과정에서 환경과 공존을 마주하며 자신의 삶을 다시 바라본다. 범죄와 다큐멘터리의 요소를 결합해 이야기를 긴장감 있게 풀어낸 가상의 한국 영화.","서울의 오래된 골목을 배경으로, 택배 기사가 정체를 알 수 없는 음성 메시지를 매일 받기 시작한다. 이 과정에서 환경과 공존을 마주하며 자신의 삶을 다시 바라본다. 범죄와 다큐멘터리의 요소를 결합해 이야기를 긴장감 있게 풀어낸 가상의 한국 영화. 범죄 다큐멘터리 서울 범죄 로봇 역사"
100297,잊힌 등대에서 만난 사람 297,"한강변을 배경으로, 가족과 멀어진 의사가 도시 전체의 전력이 사라진 밤에 중요한 선택을 한다. 이 과정에서 세대 간 갈등을 마주하며 자신의 삶을 다시 바라본다. 애니메이션와 범죄의 요소를 결합해 이야기를 긴장감 있게 풀어낸 가상의 한국 영화.","[{""id"": 12, ""name"": ""애니메이션""}, {""id"": 7, ""name"": ""범죄""}]","[{""id"": 116, ""name"": ""학교""}, {""id"": 103, ""name"": ""기억""}, {""id"": 110, ""name"": ""추적""}, {""id"": 105, ""name"": ""제주""}]",ko,2015-07-27,7.8,4632,31.513,91,False,False,"['애니메이션', '범죄']","['학교', '기억', '추적', '제주']",애니메이션 범죄,학교 기억 추적 제주,2015,"한강변을 배경으로, 가족과 멀어진 의사가 도시 전체의 전력이 사라진 밤에 중요한 선택을 한다. 이 과정에서 세대 간 갈등을 마주하며 자신의 삶을 다시 바라본다. 애니메이션와 범죄의 요소를 결합해 이야기를 긴장감 있게 풀어낸 가상의 한국 영화.","한강변을 배경으로, 가족과 멀어진 의사가 도시 전체의 전력이 사라진 밤에 중요한 선택을 한다. 이 과정에서 세대 간 갈등을 마주하며 자신의 삶을 다시 바라본다. 애니메이션와 범죄의 요소를 결합해 이야기를 긴장감 있게 풀어낸 가상의 한국 영화. 애니메이션 범죄 학교 기억 추적 제주"
100298,비밀의 기억의 밤 298,"대구의 오래된 극장을 배경으로, 고향으로 돌아온 요리사가 하루가 반복되는 이상한 현상을 겪는다. 이 과정에서 사랑과 이별을 마주하며 자신의 삶을 다시 바라본다. 코미디와 역사의 요소를 결합해 이야기를 따뜻한 시선으로 풀어낸 가상의 한국 영화.","[{""id"": 2, ""name"": ""코미디""}, {""id"": 14, ""name"": ""역사""}]","[{""id"": 116, ""name"": ""학교""}, {""id"": 122, ""name"": ""공동체""}, {""id"": 109, ""name"": ""로봇""}, {""id"": 107, ""name"": ""바다""}]",ko,2015-09-15,6.0,4769,28.127,104,False,False,"['코미디', '역사']","['학교', '공동체', '로봇', '바다']",코미디 역사,학교 공동체 로봇 바다,2015,"대구의 오래된 극장을 배경으로, 고향으로 돌아온 요리사가 하루가 반복되는 이상한 현상을 겪는다. 이 과정에서 사랑과 이별을 마주하며 자신의 삶을 다시 바라본다. 코미디와 역사의 요소를 결합해 이야기를 따뜻한 시선으로 풀어낸 가상의 한국 영화.","대구의 오래된 극장을 배경으로, 고향으로 돌아온 요리사가 하루가 반복되는 이상한 현상을 겪는다. 이 과정에서 사랑과 이별을 마주하며 자신의 삶을 다시 바라본다. 코미디와 역사의 요소를 결합해 이야기를 따뜻한 시선으로 풀어낸 가상의 한국 영화. 코미디 역사 학교 공동체 로봇 바다"
100299,고요한 정원의 온도 299,"달 기지을 배경으로, 택배 기사가 실종 사건의 단서가 된 노래를 해석하기 시작한다. 이 과정에서 선택과 책임을 마주하며 자신의 삶을 다시 바라본다. 범죄와 액션의 요소를 결합해 이야기를 긴장감 있게 풀어낸 가상의 한국 영화.","[{""id"": 7, ""name"": ""범죄""}, {""id"": 6, ""name"": ""액션""}]","[{""id"": 106, ""name"": ""서울""}, {""id"": 120, ""name"": ""언론""}, {""id"": 123, ""name"": ""역사""}, {""id"": 109, ""name"": ""로봇""}]",ko,2015-11-04,7.7,4906,34.893,117,False,False,"['범죄', '액션']","['서울', '언론', '역사', '로봇']",범죄 액션,서울 언론 역사 로봇,2015,"달 기지을 배경으로, 택배 기사가 실종 사건의 단서가 된 노래를 해석하기 시작한다. 이 과정에서 선택과 책임을 마주하며 자신의 삶을 다시 바라본다. 범죄와 액션의 요소를 결합해 이야기를 긴장감 있게 풀어낸 가상의 한국 영화.","달 기지을 배경으로, 택배 기사가 실종 사건의 단서가 된 노래를 해석하기 시작한다. 이 과정에서 선택과 책임을 마주하며 자신의 삶을 다시 바라본다. 범죄와 액션의 요소를 결합해 이야기를 긴장감 있게 풀어낸 가상의 한국 영화. 범죄 액션 서울 언론 역사 로봇"
100300,빛나는 그림자 너머 300,"제주도의 작은 해안마을을 배경으로, 가족과 멀어진 의사가 서로 다른 목적을 가진 사람들과 뜻밖의 팀을 이룬다. 이 과정에서 지역 공동체을 마주하며 자신의 삶을 다시 바라본다. 애니메이션와 음악의 요소를 결합해 이야기를 긴장감 있게 풀어낸 가상의 한국 영화.","[{""id"": 12, ""name"": ""애니메이션""}, {""id"": 13, ""name"": ""음악""}]","[{""id"": 111, ""name"": ""성장""}, {""id"": 101, ""name"": ""가족""}, {""id"": 106, ""name"": ""서울""}, {""id"": 123, ""name"": ""역사""}]",ko,2015-12-24,5.6,5043,31.4,130,False,False,"['애니메이션', '음악']","['성장', '가족', '서울', '역사']",애니메이션 음악,성장 가족 서울 역사,2015,"제주도의 작은 해안마을을 배경으로, 가족과 멀어진 의사가 서로 다른 목적을 가진 사람들과 뜻밖의 팀을 이룬다. 이 과정에서 지역 공동체을 마주하며 자신의 삶을 다시 바라본다. 애니메이션와 음악의 요소를 결합해 이야기를 긴장감 있게 풀어낸 가상의 한국 영화.","제주도의 작은 해안마을을 배경으로, 가족과 멀어진 의사가 서로 다른 목적을 가진 사람들과 뜻밖의 팀을 이룬다. 이 과정에서 지역 공동체을 마주하며 자신의 삶을 다시 바라본다. 애니메이션와 음악의 요소를 결합해 이야기를 긴장감 있게 풀어낸 가상의 한국 영화. 애니메이션 음악 성장 가족 서울 역사"
100301,흐린 연구소의 비밀 301,"강원도의 산골마을을 배경으로, 고향으로 돌아온 요리사가 마을 사람들만 알고 있는 비밀스러운 규칙을 알게 된다. 이 과정에서 기술과 인간성을 마주하며 자신의 삶을 다시 바라본다. 코미디와 미스터리의 요소를 결합해 이야기를 따뜻한 시선으로 풀어낸 가상의 한국 영화.","[{""id"": 2, ""name"": ""코미디""}, {""id"": 5, ""name"": ""미스터리""}]","[{""id"": 102, ""name"": ""우정""}, {""id"": 115, ""name"": ""요리""}, {""id"": 105, ""name"": ""제주""}, {""id"": 103, ""name"": ""기억""}]",ko,2016-02-12,7.5,5180,31.667,78,False,False,"['코미디', '미스터리']","['우정', '요리', '제주', '기억']",코미디 미스터리,우정 요리 제주 기억,2016,"강원도의 산골마을을 배경으로, 고향으로 돌아온 요리사가 마을 사람들만 알고 있는 비밀스러운 규칙을 알게 된다. 이 과정에서 기술과 인간성을 마주하며 자신의 삶을 다시 바라본다. 코미디와 미스터리의 요소를 결합해 이야기를 따뜻한 시선으로 풀어낸 가상의 한국 영화.","강원도의 산골마을을 배경으로, 고향으로 돌아온 요리사가 마을 사람들만 알고 있는 비밀스러운 규칙을 알게 된다. 이 과정에서 기술과 인간성을 마주하며 자신의 삶을 다시 바라본다. 코미디와 미스터리의 요소를 결합해 이야기를 따뜻한 시선으로 풀어낸 가상의 한국 영화. 코미디 미스터리 우정 요리 제주 기억"
100302,먼 지도로 가는 길 302,"전주의 한옥마을을 배경으로, 택배 기사가 인공지능이 작성한 의문의 일기를 추적한다. 이 과정에서 기억과 정체성을 마주하며 자신의 삶을 다시 바라본다. 범죄와 애니메이션의 요소를 결합해 이야기를 긴장감 있게 풀어낸 가상의 한국 영화.","[{""id"": 7, ""name"": ""범죄""}, {""id"": 12, ""name"": ""애니메이션""}]","[{""id"": 103, ""name"": ""기억""}, {""id"": 114, ""name"": ""음악""}, {""id"": 124, ""name"": ""시간여행""}, {""id"": 106, ""name"": ""서울""}]",ko,2015-08-29,5.5,5317,26.287,91,False,False,"['범죄', '애니메이션']","['기억', '음악', '시간여행', '서울']",범죄 애니메이션,기억 음악 시간여행 서울,2015,"전주의 한옥마을을 배경으로, 택배 기사가 인공지능이 작성한 의문의 일기를 추적한다. 이 과정에서 기억과 정체성을 마주하며 자신의 삶을 다시 바라본다. 범죄와 애니메이션의 요소를 결합해 이야기를 긴장감 있게 풀어낸 가상의 한국 영화.","전주의 한옥마을을 배경으로, 택배 기사가 인공지능이 작성한 의문의 일기를 추적한다. 이 과정에서 기억과 정체성을 마주하며 자신의 삶을 다시 바라본다. 범죄와 애니메이션의 요소를 결합해 이야기를 긴장감 있게 풀어낸 가상의 한국 영화. 범죄 애니메이션 기억 음악 시간여행 서울"
100303,작은 강과 우리 303,"가상의 미래 도시을 배경으로, 가족과 멀어진 의사가 우연히 과거의 사건과 연결된 사진을 발견한다. 이 과정에서 우정과 신뢰을 마주하며 자신의 삶을 다시 바라본다. 애니메이션와 스릴러의 요소를 결합해 이야기를 긴장감 있게 풀어낸 가상의 한국 영화.","[{""id"": 12, ""name"": ""애니메이션""}, {""id"": 4, ""name"": ""스릴러""}]","[{""id"": 108, ""name"": ""인공지능""}, {""id"": 118, ""name"": ""미래""}, {""id"": 107, ""name"": ""바다""}, {""id"": 106, ""name"": ""서울""}]",ko,2015-10-18,7.2,5454,28.549,104,False,False,"['애니메이션', '스릴러']","['인공지능', '미래', '바다', '서울']",애니메이션 스릴러,인공지능 미래 바다 서울,2015,"가상의 미래 도시을 배경으로, 가족과 멀어진 의사가 우연히 과거의 사건과 연결된 사진을 발견한다. 이 과정에서 우정과 신뢰을 마주하며 자신의 삶을 다시 바라본다. 애니메이션와 스릴러의 요소를 결합해 이야기를 긴장감 있게 풀어낸 가상의 한국 영화.","가상의 미래 도시을 배경으로, 가족과 멀어진 의사가 우연히 과거의 사건과 연결된 사진을 발견한다. 이 과정에서 우정과 신뢰을 마주하며 자신의 삶을 다시 바라본다. 애니메이션와 스릴러의 요소를 결합해 이야기를 긴장감 있게 풀어낸 가상의 한국 영화. 애니메이션 스릴러 인공지능 미래 바다 서울"
100304,오래된 정거장에게 304,"국경 근처의 작은 역을 배경으로, 고향으로 돌아온 요리사가 가족이 숨겨온 오래된 약속의 의미를 알게 된다. 이 과정에서 가족의 의미을 마주하며 자신의 삶을 다시 바라본다. 코미디와 모험의 요소를 결합해 이야기를 따뜻한 시선으로 풀어낸 가상의 한국 영화.","[{""id"": 2, ""name"": ""코미디""}, {""id"": 11, ""name"": ""모험""}]","[{""id"": 118, ""name"": ""미래""}, {""id"": 121, ""name"": ""가짜뉴스""}, {""id"": 125, ""name"": ""탐정""}, {""id"": 105, ""name"": ""제주""}]",ko,2015-12-07,5.4,5591,40.522,117,False,False,"['코미디', '모험']","['미래', '가짜뉴스', '탐정', '제주']",코미디 모험,미래 가짜뉴스 탐정 제주,2015,"국경 근처의 작은 역을 배경으로, 고향으로 돌아온 요리사가 가족이 숨겨온 오래된 약속의 의미를 알게 된다. 이 과정에서 가족의 의미을 마주하며 자신의 삶을 다시 바라본다. 코미디와 모험의 요소를 결합해 이야기를 따뜻한 시선으로 풀어낸 가상의 한국 영화.","국경 근처의 작은 역을 배경으로, 고향으로 돌아온 요리사가 가족이 숨겨온 오래된 약속의 의미를 알게 된다. 이 과정에서 가족의 의미을 마주하며 자신의 삶을 다시 바라본다. 코미디와 모험의 요소를 결합해 이야기를 따뜻한 시선으로 풀어낸 가상의 한국 영화. 코미디 모험 미래 가짜뉴스 탐정 제주"
100305,새로운 숲 305,"부산항 인근을 배경으로, 택배 기사가 폐쇄 예정인 공간을 지키기 위한 계획을 세운다. 이 과정에서 상실과 회복을 마주하며 자신의 삶을 다시 바라본다. 범죄와 로맨스의 요소를 결합해 이야기를 긴장감 있게 풀어낸 가상의 한국 영화.","[{""id"": 7, ""name"": ""범죄""}, {""id"": 3, ""name"": ""로맨스""}]","[{""id"": 116, ""name"": ""학교""}, {""id"": 107, ""name"": ""바다""}, {""id"": 105, ""name"": ""제주""}, {""id"": 125, ""name"": ""탐정""}]",ko,2016-01-26,7.0,5728,39.148,130,False,False,"['범죄', '로맨스']","['학교', '바다', '제주', '탐정']",범죄 로맨스,학교 바다 제주 탐정,2016,"부산항 인근을 배경으로, 택배 기사가 폐쇄 예정인 공간을 지키기 위한 계획을 세운다. 이 과정에서 상실과 회복을 마주하며 자신의 삶을 다시 바라본다. 범죄와 로맨스의 요소를 결합해 이야기를 긴장감 있게 풀어낸 가상의 한국 영화.","부산항 인근을 배경으로, 택배 기사가 폐쇄 예정인 공간을 지키기 위한 계획을 세운다. 이 과정에서 상실과 회복을 마주하며 자신의 삶을 다시 바라본다. 범죄와 로맨스의 요소를 결합해 이야기를 긴장감 있게 풀어낸 가상의 한국 영화. 범죄 로맨스 학교 바다 제주 탐정"
100306,달빛 아래 사진의 끝 306,"인천의 낡은 공단을 배경으로, 가족과 멀어진 의사가 수십 년 전 사라진 편지 한 통을 발견한다. 이 과정에서 도전과 성장을 마주하며 자신의 삶을 다시 바라본다. 애니메이션와 SF의 요소를 결합해 이야기를 긴장감 있게 풀어낸 가상의 한국 영화.","[{""id"": 12, ""name"": ""애니메이션""}, {""id"": 10, ""name"": ""SF""}]","[{""id"": 113, ""name"": ""여행""}, {""id"": 104, ""name"": ""미스터리""}, {""id"": 125, ""name"": ""탐정""}, {""id"": 108, ""name"": ""인공지능""}]",ko,2016-03-16,5.1,5865,33.84,78,False,False,"['애니메이션', 'SF']","['여행', '미스터리', '탐정', '인공지능']",애니메이션 SF,여행 미스터리 탐정 인공지능,2016,"인천의 낡은 공단을 배경으로, 가족과 멀어진 의사가 수십 년 전 사라진 편지 한 통을 발견한다. 이 과정에서 도전과 성장을 마주하며 자신의 삶을 다시 바라본다. 애니메이션와 SF의 요소를 결합해 이야기를 긴장감 있게 풀어낸 가상의 한국 영화.","인천의 낡은 공단을 배경으로, 가족과 멀어진 의사가 수십 년 전 사라진 편지 한 통을 발견한다. 이 과정에서 도전과 성장을 마주하며 자신의 삶을 다시 바라본다. 애니메이션와 SF의 요소를 결합해 이야기를 긴장감 있게 풀어낸 가상의 한국 영화. 애니메이션 SF 여행 미스터리 탐정 인공지능"
100307,바람 속 로봇의 선택 307,"광주의 대학가을 배경으로, 고향으로 돌아온 요리사가 가짜 뉴스로 인해 무너진 관계를 회복하려 한다. 이 과정에서 진실과 거짓을 마주하며 자신의 삶을 다시 바라본다. 코미디와 미스터리의 요소를 결합해 이야기를 따뜻한 시선으로 풀어낸 가상의 한국 영화.","[{""id"": 2, ""name"": ""코미디""}, {""id"": 5, ""name"": ""미스터리""}]","[{""id"": 112, ""name"": ""사랑""}, {""id"": 115, ""name"": ""요리""}, {""id"": 109, ""name"": ""로봇""}, {""id"": 101, ""name"": ""가족""}]",ko,2016-05-05,6.8,6002,38.197,91,False,False,"['코미디', '미스터리']","['사랑', '요리', '로봇', '가족']",코미디 미스터리,사랑 요리 로봇 가족,2016,"광주의 대학가을 배경으로, 고향으로 돌아온 요리사가 가짜 뉴스로 인해 무너진 관계를 회복하려 한다. 이 과정에서 진실과 거짓을 마주하며 자신의 삶을 다시 바라본다. 코미디와 미스터리의 요소를 결합해 이야기를 따뜻한 시선으로 풀어낸 가상의 한국 영화.","광주의 대학가을 배경으로, 고향으로 돌아온 요리사가 가짜 뉴스로 인해 무너진 관계를 회복하려 한다. 이 과정에서 진실과 거짓을 마주하며 자신의 삶을 다시 바라본다. 코미디와 미스터리의 요소를 결합해 이야기를 따뜻한 시선으로 풀어낸 가상의 한국 영화. 코미디 미스터리 사랑 요리 로봇 가족"
100308,비 오는 날 신호을 기다리며 308,"외딴 섬을 배경으로, 택배 기사가 정체를 알 수 없는 음성 메시지를 매일 받기 시작한다. 이 과정에서 환경과 공존을 마주하며 자신의 삶을 다시 바라본다. 범죄와 판타지의 요소를 결합해 이야기를 긴장감 있게 풀어낸 가상의 한국 영화.","[{""id"": 7, ""name"": ""범죄""}, {""id"": 9, ""name"": ""판타지""}]","[{""id"": 108, ""name"": ""인공지능""}, {""id"": 105, ""name"": ""제주""}, {""id"": 101, ""name"": ""가족""}, {""id"": 121, ""name"": ""가짜뉴스""}]",ko,2016-06-24,8.6,6139,29.49,104,False,False,"['범죄', '판타지']","['인공지능', '제주', '가족', '가짜뉴스']",범죄 판타지,인공지능 제주 가족 가짜뉴스,2016,"외딴 섬을 배경으로, 택배 기사가 정체를 알 수 없는 음성 메시지를 매일 받기 시작한다. 이 과정에서 환경과 공존을 마주하며 자신의 삶을 다시 바라본다. 범죄와 판타지의 요소를 결합해 이야기를 긴장감 있게 풀어낸 가상의 한국 영화.","외딴 섬을 배경으로, 택배 기사가 정체를 알 수 없는 음성 메시지를 매일 받기 시작한다. 이 과정에서 환경과 공존을 마주하며 자신의 삶을 다시 바라본다. 범죄와 판타지의 요소를 결합해 이야기를 긴장감 있게 풀어낸 가상의 한국 영화. 범죄 판타지 인공지능 제주 가족 가짜뉴스"
100309,제주의 불꽃의 계절 309,"서울의 오래된 골목을 배경으로, 가족과 멀어진 의사가 도시 전체의 전력이 사라진 밤에 중요한 선택을 한다. 이 과정에서 세대 간 갈등을 마주하며 자신의 삶을 다시 바라본다. 애니메이션와 드라마의 요소를 결합해 이야기를 긴장감 있게 풀어낸 가상의 한국 영화.","[{""id"": 12, ""name"": ""애니메이션""}, {""id"": 1, ""name"": ""드라마""}]","[{""id"": 120, ""name"": ""언론""}, {""id"": 112, ""name"": ""사랑""}, {""id"": 115, ""name"": ""요리""}, {""id"": 117, ""name"": ""범죄""}]",ko,2016-01-09,6.7,6276,27.737,117,False,False,"['애니메이션', '드라마']","['언론', '사랑', '요리', '범죄']",애니메이션 드라마,언론 사랑 요리 범죄,2016,"서울의 오래된 골목을 배경으로, 가족과 멀어진 의사가 도시 전체의 전력이 사라진 밤에 중요한 선택을 한다. 이 과정에서 세대 간 갈등을 마주하며 자신의 삶을 다시 바라본다. 애니메이션와 드라마의 요소를 결합해 이야기를 긴장감 있게 풀어낸 가상의 한국 영화.","서울의 오래된 골목을 배경으로, 가족과 멀어진 의사가 도시 전체의 전력이 사라진 밤에 중요한 선택을 한다. 이 과정에서 세대 간 갈등을 마주하며 자신의 삶을 다시 바라본다. 애니메이션와 드라마의 요소를 결합해 이야기를 긴장감 있게 풀어낸 가상의 한국 영화. 애니메이션 드라마 언론 사랑 요리 범죄"
100310,서울의 도서관의 기록 310,"한강변을 배경으로, 고향으로 돌아온 요리사가 하루가 반복되는 이상한 현상을 겪는다. 이 과정에서 사랑과 이별을 마주하며 자신의 삶을 다시 바라본다. 코미디와 가족의 요소를 결합해 이야기를 따뜻한 시선으로 풀어낸 가상의 한국 영화.","[{""id"": 2, ""name"": ""코미디""}, {""id"": 8, ""name"": ""가족""}]","[{""id"": 114, ""name"": ""음악""}, {""id"": 103, ""name"": ""기억""}, {""id"": 122, ""name"": ""공동체""}, {""id"": 121, ""name"": ""가짜뉴스""}]",ko,2016-02-28,8.3,6413,29.307,130,False,False,"['코미디', '가족']","['음악', '기억', '공동체', '가짜뉴스']",코미디 가족,음악 기억 공동체 가짜뉴스,2016,"한강변을 배경으로, 고향으로 돌아온 요리사가 하루가 반복되는 이상한 현상을 겪는다. 이 과정에서 사랑과 이별을 마주하며 자신의 삶을 다시 바라본다. 코미디와 가족의 요소를 결합해 이야기를 따뜻한 시선으로 풀어낸 가상의 한국 영화.","한강변을 배경으로, 고향으로 돌아온 요리사가 하루가 반복되는 이상한 현상을 겪는다. 이 과정에서 사랑과 이별을 마주하며 자신의 삶을 다시 바라본다. 코미디와 가족의 요소를 결합해 이야기를 따뜻한 시선으로 풀어낸 가상의 한국 영화. 코미디 가족 음악 기억 공동체 가짜뉴스"
100311,부산의 별의 하루 311,"대구의 오래된 극장을 배경으로, 택배 기사가 실종 사건의 단서가 된 노래를 해석하기 시작한다. 이 과정에서 선택과 책임을 마주하며 자신의 삶을 다시 바라본다. 범죄와 다큐멘터리의 요소를 결합해 이야기를 긴장감 있게 풀어낸 가상의 한국 영화.","[{""id"": 7, ""name"": ""범죄""}, {""id"": 15, ""name"": ""다큐멘터리""}]","[{""id"": 121, ""name"": ""가짜뉴스""}, {""id"": 122, ""name"": ""공동체""}, {""id"": 114, ""name"": ""음악""}, {""id"": 125, ""name"": ""탐정""}]",ko,2016-04-18,6.3,6550,37.342,78,False,False,"['범죄', '다큐멘터리']","['가짜뉴스', '공동체', '음악', '탐정']",범죄 다큐멘터리,가짜뉴스 공동체 음악 탐정,2016,"대구의 오래된 극장을 배경으로, 택배 기사가 실종 사건의 단서가 된 노래를 해석하기 시작한다. 이 과정에서 선택과 책임을 마주하며 자신의 삶을 다시 바라본다. 범죄와 다큐멘터리의 요소를 결합해 이야기를 긴장감 있게 풀어낸 가상의 한국 영화.","대구의 오래된 극장을 배경으로, 택배 기사가 실종 사건의 단서가 된 노래를 해석하기 시작한다. 이 과정에서 선택과 책임을 마주하며 자신의 삶을 다시 바라본다. 범죄와 다큐멘터리의 요소를 결합해 이야기를 긴장감 있게 풀어낸 가상의 한국 영화. 범죄 다큐멘터리 가짜뉴스 공동체 음악 탐정"
100312,한강의 식당에서 만난 사람 312,"달 기지을 배경으로, 가족과 멀어진 의사가 서로 다른 목적을 가진 사람들과 뜻밖의 팀을 이룬다. 이 과정에서 지역 공동체을 마주하며 자신의 삶을 다시 바라본다. 애니메이션와 범죄의 요소를 결합해 이야기를 긴장감 있게 풀어낸 가상의 한국 영화.","[{""id"": 12, ""name"": ""애니메이션""}, {""id"": 7, ""name"": ""범죄""}]","[{""id"": 104, ""name"": ""미스터리""}, {""id"": 125, ""name"": ""탐정""}, {""id"": 112, ""name"": ""사랑""}, {""id"": 117, ""name"": ""범죄""}]",ko,2016-06-07,8.1,6687,28.687,91,False,False,"['애니메이션', '범죄']","['미스터리', '탐정', '사랑', '범죄']",애니메이션 범죄,미스터리 탐정 사랑 범죄,2016,"달 기지을 배경으로, 가족과 멀어진 의사가 서로 다른 목적을 가진 사람들과 뜻밖의 팀을 이룬다. 이 과정에서 지역 공동체을 마주하며 자신의 삶을 다시 바라본다. 애니메이션와 범죄의 요소를 결합해 이야기를 긴장감 있게 풀어낸 가상의 한국 영화.","달 기지을 배경으로, 가족과 멀어진 의사가 서로 다른 목적을 가진 사람들과 뜻밖의 팀을 이룬다. 이 과정에서 지역 공동체을 마주하며 자신의 삶을 다시 바라본다. 애니메이션와 범죄의 요소를 결합해 이야기를 긴장감 있게 풀어낸 가상의 한국 영화. 애니메이션 범죄 미스터리 탐정 사랑 범죄"
100313,새벽의 비행의 밤 313,"제주도의 작은 해안마을을 배경으로, 고향으로 돌아온 요리사가 마을 사람들만 알고 있는 비밀스러운 규칙을 알게 된다. 이 과정에서 기술과 인간성을 마주하며 자신의 삶을 다시 바라본다. 코미디와 역사의 요소를 결합해 이야기를 따뜻한 시선으로 풀어낸 가상의 한국 영화.","[{""id"": 2, ""name"": ""코미디""}, {""id"": 14, ""name"": ""역사""}]","[{""id"": 121, ""name"": ""가짜뉴스""}, {""id"": 125, ""name"": ""탐정""}, {""id"": 116, ""name"": ""학교""}, {""id"": 120, ""name"": ""언론""}]",ko,2016-07-27,6.2,6824,37.496,104,False,False,"['코미디', '역사']","['가짜뉴스', '탐정', '학교', '언론']",코미디 역사,가짜뉴스 탐정 학교 언론,2016,"제주도의 작은 해안마을을 배경으로, 고향으로 돌아온 요리사가 마을 사람들만 알고 있는 비밀스러운 규칙을 알게 된다. 이 과정에서 기술과 인간성을 마주하며 자신의 삶을 다시 바라본다. 코미디와 역사의 요소를 결합해 이야기를 따뜻한 시선으로 풀어낸 가상의 한국 영화.","제주도의 작은 해안마을을 배경으로, 고향으로 돌아온 요리사가 마을 사람들만 알고 있는 비밀스러운 규칙을 알게 된다. 이 과정에서 기술과 인간성을 마주하며 자신의 삶을 다시 바라본다. 코미디와 역사의 요소를 결합해 이야기를 따뜻한 시선으로 풀어낸 가상의 한국 영화. 코미디 역사 가짜뉴스 탐정 학교 언론"
100314,겨울의 터널의 온도 314,"강원도의 산골마을을 배경으로, 택배 기사가 인공지능이 작성한 의문의 일기를 추적한다. 이 과정에서 기억과 정체성을 마주하며 자신의 삶을 다시 바라본다. 범죄와 액션의 요소를 결합해 이야기를 긴장감 있게 풀어낸 가상의 한국 영화.","[{""id"": 7, ""name"": ""범죄""}, {""id"": 6, ""name"": ""액션""}]","[{""id"": 113, ""name"": ""여행""}, {""id"": 110, ""name"": ""추적""}, {""id"": 107, ""name"": ""바다""}, {""id"": 103, ""name"": ""기억""}]",ko,2016-09-15,7.9,6961,31.897,117,False,False,"['범죄', '액션']","['여행', '추적', '바다', '기억']",범죄 액션,여행 추적 바다 기억,2016,"강원도의 산골마을을 배경으로, 택배 기사가 인공지능이 작성한 의문의 일기를 추적한다. 이 과정에서 기억과 정체성을 마주하며 자신의 삶을 다시 바라본다. 범죄와 액션의 요소를 결합해 이야기를 긴장감 있게 풀어낸 가상의 한국 영화.","강원도의 산골마을을 배경으로, 택배 기사가 인공지능이 작성한 의문의 일기를 추적한다. 이 과정에서 기억과 정체성을 마주하며 자신의 삶을 다시 바라본다. 범죄와 액션의 요소를 결합해 이야기를 긴장감 있게 풀어낸 가상의 한국 영화. 범죄 액션 여행 추적 바다 기억"
100315,여름의 약속 너머 315,"전주의 한옥마을을 배경으로, 가족과 멀어진 의사가 우연히 과거의 사건과 연결된 사진을 발견한다. 이 과정에서 우정과 신뢰을 마주하며 자신의 삶을 다시 바라본다. 애니메이션와 음악의 요소를 결합해 이야기를 긴장감 있게 풀어낸 가상의 한국 영화.","[{""id"": 12, ""name"": ""애니메이션""}, {""id"": 13, ""name"": ""음악""}]","[{""id"": 107, ""name"": ""바다""}, {""id"": 125, ""name"": ""탐정""}, {""id"": 113, ""name"": ""여행""}, {""id"": 116, ""name"": ""학교""}]",ko,2016-11-04,6.0,7098,32.976,130,False,False,"['애니메이션', '음악']","['바다', '탐정', '여행', '학교']",애니메이션 음악,바다 탐정 여행 학교,2016,"전주의 한옥마을을 배경으로, 가족과 멀어진 의사가 우연히 과거의 사건과 연결된 사진을 발견한다. 이 과정에서 우정과 신뢰을 마주하며 자신의 삶을 다시 바라본다. 애니메이션와 음악의 요소를 결합해 이야기를 긴장감 있게 풀어낸 가상의 한국 영화.","전주의 한옥마을을 배경으로, 가족과 멀어진 의사가 우연히 과거의 사건과 연결된 사진을 발견한다. 이 과정에서 우정과 신뢰을 마주하며 자신의 삶을 다시 바라본다. 애니메이션와 음악의 요소를 결합해 이야기를 긴장감 있게 풀어낸 가상의 한국 영화. 애니메이션 음악 바다 탐정 여행 학교"
100316,봄날의 극장의 비밀 316,"가상의 미래 도시을 배경으로, 고향으로 돌아온 요리사가 가족이 숨겨온 오래된 약속의 의미를 알게 된다. 이 과정에서 가족의 의미을 마주하며 자신의 삶을 다시 바라본다. 코미디와 미스터리의 요소를 결합해 이야기를 따뜻한 시선으로 풀어낸 가상의 한국 영화.","[{""id"": 2, ""name"": ""코미디""}, {""id"": 5, ""name"": ""미스터리""}]","[{""id"": 106, ""name"": ""서울""}, {""id"": 122, ""name"": ""공동체""}, {""id"": 125, ""name"": ""탐정""}, {""id"": 108, ""name"": ""인공지능""}]",ko,2016-05-21,7.7,7235,39.917,78,False,False,"['코미디', '미스터리']","['서울', '공동체', '탐정', '인공지능']",코미디 미스터리,서울 공동체 탐정 인공지능,2016,"가상의 미래 도시을 배경으로, 고향으로 돌아온 요리사가 가족이 숨겨온 오래된 약속의 의미를 알게 된다. 이 과정에서 가족의 의미을 마주하며 자신의 삶을 다시 바라본다. 코미디와 미스터리의 요소를 결합해 이야기를 따뜻한 시선으로 풀어낸 가상의 한국 영화.","가상의 미래 도시을 배경으로, 고향으로 돌아온 요리사가 가족이 숨겨온 오래된 약속의 의미를 알게 된다. 이 과정에서 가족의 의미을 마주하며 자신의 삶을 다시 바라본다. 코미디와 미스터리의 요소를 결합해 이야기를 따뜻한 시선으로 풀어낸 가상의 한국 영화. 코미디 미스터리 서울 공동체 탐정 인공지능"
100317,가을의 시간로 가는 길 317,"국경 근처의 작은 역을 배경으로, 택배 기사가 폐쇄 예정인 공간을 지키기 위한 계획을 세운다. 이 과정에서 상실과 회복을 마주하며 자신의 삶을 다시 바라본다. 범죄와 애니메이션의 요소를 결합해 이야기를 긴장감 있게 풀어낸 가상의 한국 영화.","[{""id"": 7, ""name"": ""범죄""}, {""id"": 12, ""name"": ""애니메이션""}]","[{""id"": 114, ""name"": ""음악""}, {""id"": 107, ""name"": ""바다""}, {""id"": 122, ""name"": ""공동체""}, {""id"": 116, ""name"": ""학교""}]",ko,2016-07-10,5.8,7372,39.296,91,False,False,"['범죄', '애니메이션']","['음악', '바다', '공동체', '학교']",범죄 애니메이션,음악 바다 공동체 학교,2016,"국경 근처의 작은 역을 배경으로, 택배 기사가 폐쇄 예정인 공간을 지키기 위한 계획을 세운다. 이 과정에서 상실과 회복을 마주하며 자신의 삶을 다시 바라본다. 범죄와 애니메이션의 요소를 결합해 이야기를 긴장감 있게 풀어낸 가상의 한국 영화.","국경 근처의 작은 역을 배경으로, 택배 기사가 폐쇄 예정인 공간을 지키기 위한 계획을 세운다. 이 과정에서 상실과 회복을 마주하며 자신의 삶을 다시 바라본다. 범죄와 애니메이션의 요소를 결합해 이야기를 긴장감 있게 풀어낸 가상의 한국 영화. 범죄 애니메이션 음악 바다 공동체 학교"
100318,푸른 학교과 우리 318,"부산항 인근을 배경으로, 가족과 멀어진 의사가 수십 년 전 사라진 편지 한 통을 발견한다. 이 과정에서 도전과 성장을 마주하며 자신의 삶을 다시 바라본다. 애니메이션와 스릴러의 요소를 결합해 이야기를 긴장감 있게 풀어낸 가상의 한국 영화.","[{""id"": 12, ""name"": ""애니메이션""}, {""id"": 4, ""name"": ""스릴러""}]","[{""id"": 104, ""name"": ""미스터리""}, {""id"": 106, ""name"": ""서울""}, {""id"": 121, ""name"": ""가짜뉴스""}, {""id"": 123, ""name"": ""역사""}]",ko,2016-08-29,7.4,7509,37.293,104,False,False,"['애니메이션', '스릴러']","['미스터리', '서울', '가짜뉴스', '역사']",애니메이션 스릴러,미스터리 서울 가짜뉴스 역사,2016,"부산항 인근을 배경으로, 가족과 멀어진 의사가 수십 년 전 사라진 편지 한 통을 발견한다. 이 과정에서 도전과 성장을 마주하며 자신의 삶을 다시 바라본다. 애니메이션와 스릴러의 요소를 결합해 이야기를 긴장감 있게 풀어낸 가상의 한국 영화.","부산항 인근을 배경으로, 가족과 멀어진 의사가 수십 년 전 사라진 편지 한 통을 발견한다. 이 과정에서 도전과 성장을 마주하며 자신의 삶을 다시 바라본다. 애니메이션와 스릴러의 요소를 결합해 이야기를 긴장감 있게 풀어낸 가상의 한국 영화. 애니메이션 스릴러 미스터리 서울 가짜뉴스 역사"
100319,붉은 문에게 319,"인천의 낡은 공단을 배경으로, 고향으로 돌아온 요리사가 가짜 뉴스로 인해 무너진 관계를 회복하려 한다. 이 과정에서 진실과 거짓을 마주하며 자신의 삶을 다시 바라본다. 코미디와 모험의 요소를 결합해 이야기를 따뜻한 시선으로 풀어낸 가상의 한국 영화.","[{""id"": 2, ""name"": ""코미디""}, {""id"": 11, ""name"": ""모험""}]","[{""id"": 110, ""name"": ""추적""}, {""id"": 114, ""name"": ""음악""}, {""id"": 103, ""name"": ""기억""}, {""id"": 119, ""name"": ""환경""}]",ko,2016-10-18,5.5,7646,30.388,117,False,False,"['코미디', '모험']","['추적', '음악', '기억', '환경']",코미디 모험,추적 음악 기억 환경,2016,"인천의 낡은 공단을 배경으로, 고향으로 돌아온 요리사가 가짜 뉴스로 인해 무너진 관계를 회복하려 한다. 이 과정에서 진실과 거짓을 마주하며 자신의 삶을 다시 바라본다. 코미디와 모험의 요소를 결합해 이야기를 따뜻한 시선으로 풀어낸 가상의 한국 영화.","인천의 낡은 공단을 배경으로, 고향으로 돌아온 요리사가 가짜 뉴스로 인해 무너진 관계를 회복하려 한다. 이 과정에서 진실과 거짓을 마주하며 자신의 삶을 다시 바라본다. 코미디와 모험의 요소를 결합해 이야기를 따뜻한 시선으로 풀어낸 가상의 한국 영화. 코미디 모험 추적 음악 기억 환경"
100320,검은 카페 320,"광주의 대학가을 배경으로, 택배 기사가 정체를 알 수 없는 음성 메시지를 매일 받기 시작한다. 이 과정에서 환경과 공존을 마주하며 자신의 삶을 다시 바라본다. 범죄와 로맨스의 요소를 결합해 이야기를 긴장감 있게 풀어낸 가상의 한국 영화.","[{""id"": 7, ""name"": ""범죄""}, {""id"": 3, ""name"": ""로맨스""}]","[{""id"": 108, ""name"": ""인공지능""}, {""id"": 115, ""name"": ""요리""}, {""id"": 117, ""name"": ""범죄""}, {""id"": 110, ""name"": ""추적""}]",ko,2016-12-07,7.3,7783,27.541,130,False,False,"['범죄', '로맨스']","['인공지능', '요리', '범죄', '추적']",범죄 로맨스,인공지능 요리 범죄 추적,2016,"광주의 대학가을 배경으로, 택배 기사가 정체를 알 수 없는 음성 메시지를 매일 받기 시작한다. 이 과정에서 환경과 공존을 마주하며 자신의 삶을 다시 바라본다. 범죄와 로맨스의 요소를 결합해 이야기를 긴장감 있게 풀어낸 가상의 한국 영화.","광주의 대학가을 배경으로, 택배 기사가 정체를 알 수 없는 음성 메시지를 매일 받기 시작한다. 이 과정에서 환경과 공존을 마주하며 자신의 삶을 다시 바라본다. 범죄와 로맨스의 요소를 결합해 이야기를 긴장감 있게 풀어낸 가상의 한국 영화. 범죄 로맨스 인공지능 요리 범죄 추적"
100321,하얀 파도의 끝 321,"외딴 섬을 배경으로, 가족과 멀어진 의사가 도시 전체의 전력이 사라진 밤에 중요한 선택을 한다. 이 과정에서 세대 간 갈등을 마주하며 자신의 삶을 다시 바라본다. 애니메이션와 SF의 요소를 결합해 이야기를 긴장감 있게 풀어낸 가상의 한국 영화.","[{""id"": 12, ""name"": ""애니메이션""}, {""id"": 10, ""name"": ""SF""}]","[{""id"": 122, ""name"": ""공동체""}, {""id"": 111, ""name"": ""성장""}, {""id"": 125, ""name"": ""탐정""}, {""id"": 101, ""name"": ""가족""}]",ko,2017-01-26,5.3,7920,26.633,78,False,False,"['애니메이션', 'SF']","['공동체', '성장', '탐정', '가족']",애니메이션 SF,공동체 성장 탐정 가족,2017,"외딴 섬을 배경으로, 가족과 멀어진 의사가 도시 전체의 전력이 사라진 밤에 중요한 선택을 한다. 이 과정에서 세대 간 갈등을 마주하며 자신의 삶을 다시 바라본다. 애니메이션와 SF의 요소를 결합해 이야기를 긴장감 있게 풀어낸 가상의 한국 영화.","외딴 섬을 배경으로, 가족과 멀어진 의사가 도시 전체의 전력이 사라진 밤에 중요한 선택을 한다. 이 과정에서 세대 간 갈등을 마주하며 자신의 삶을 다시 바라본다. 애니메이션와 SF의 요소를 결합해 이야기를 긴장감 있게 풀어낸 가상의 한국 영화. 애니메이션 SF 공동체 성장 탐정 가족"
100322,마지막 섬의 선택 322,"서울의 오래된 골목을 배경으로, 고향으로 돌아온 요리사가 하루가 반복되는 이상한 현상을 겪는다. 이 과정에서 사랑과 이별을 마주하며 자신의 삶을 다시 바라본다. 코미디와 미스터리의 요소를 결합해 이야기를 따뜻한 시선으로 풀어낸 가상의 한국 영화.","[{""id"": 2, ""name"": ""코미디""}, {""id"": 5, ""name"": ""미스터리""}]","[{""id"": 117, ""name"": ""범죄""}, {""id"": 101, ""name"": ""가족""}, {""id"": 107, ""name"": ""바다""}, {""id"": 125, ""name"": ""탐정""}]",ko,2017-03-17,7.0,8057,41.168,91,False,False,"['코미디', '미스터리']","['범죄', '가족', '바다', '탐정']",코미디 미스터리,범죄 가족 바다 탐정,2017,"서울의 오래된 골목을 배경으로, 고향으로 돌아온 요리사가 하루가 반복되는 이상한 현상을 겪는다. 이 과정에서 사랑과 이별을 마주하며 자신의 삶을 다시 바라본다. 코미디와 미스터리의 요소를 결합해 이야기를 따뜻한 시선으로 풀어낸 가상의 한국 영화.","서울의 오래된 골목을 배경으로, 고향으로 돌아온 요리사가 하루가 반복되는 이상한 현상을 겪는다. 이 과정에서 사랑과 이별을 마주하며 자신의 삶을 다시 바라본다. 코미디와 미스터리의 요소를 결합해 이야기를 따뜻한 시선으로 풀어낸 가상의 한국 영화. 코미디 미스터리 범죄 가족 바다 탐정"
100323,첫 번째 노래을 기다리며 323,"한강변을 배경으로, 택배 기사가 실종 사건의 단서가 된 노래를 해석하기 시작한다. 이 과정에서 선택과 책임을 마주하며 자신의 삶을 다시 바라본다. 범죄와 판타지의 요소를 결합해 이야기를 긴장감 있게 풀어낸 가상의 한국 영화.","[{""id"": 7, ""name"": ""범죄""}, {""id"": 9, ""name"": ""판타지""}]","[{""id"": 122, ""name"": ""공동체""}, {""id"": 112, ""name"": ""사랑""}, {""id"": 101, ""name"": ""가족""}, {""id"": 124, ""name"": ""시간여행""}]",ko,2016-10-01,5.1,8194,40.596,104,False,False,"['범죄', '판타지']","['공동체', '사랑', '가족', '시간여행']",범죄 판타지,공동체 사랑 가족 시간여행,2016,"한강변을 배경으로, 택배 기사가 실종 사건의 단서가 된 노래를 해석하기 시작한다. 이 과정에서 선택과 책임을 마주하며 자신의 삶을 다시 바라본다. 범죄와 판타지의 요소를 결합해 이야기를 긴장감 있게 풀어낸 가상의 한국 영화.","한강변을 배경으로, 택배 기사가 실종 사건의 단서가 된 노래를 해석하기 시작한다. 이 과정에서 선택과 책임을 마주하며 자신의 삶을 다시 바라본다. 범죄와 판타지의 요소를 결합해 이야기를 긴장감 있게 풀어낸 가상의 한국 영화. 범죄 판타지 공동체 사랑 가족 시간여행"
100324,낯선 탐정의 계절 324,"대구의 오래된 극장을 배경으로, 가족과 멀어진 의사가 서로 다른 목적을 가진 사람들과 뜻밖의 팀을 이룬다. 이 과정에서 지역 공동체을 마주하며 자신의 삶을 다시 바라본다. 애니메이션와 드라마의 요소를 결합해 이야기를 긴장감 있게 풀어낸 가상의 한국 영화.","[{""id"": 12, ""name"": ""애니메이션""}, {""id"": 1, ""name"": ""드라마""}]","[{""id"": 103, ""name"": ""기억""}, {""id"": 109, ""name"": ""로봇""}, {""id"": 125, ""name"": ""탐정""}, {""id"": 107, ""name"": ""바다""}]",ko,2016-11-20,7.0,8331,34.932,117,False,False,"['애니메이션', '드라마']","['기억', '로봇', '탐정', '바다']",애니메이션 드라마,기억 로봇 탐정 바다,2016,"대구의 오래된 극장을 배경으로, 가족과 멀어진 의사가 서로 다른 목적을 가진 사람들과 뜻밖의 팀을 이룬다. 이 과정에서 지역 공동체을 마주하며 자신의 삶을 다시 바라본다. 애니메이션와 드라마의 요소를 결합해 이야기를 긴장감 있게 풀어낸 가상의 한국 영화.","대구의 오래된 극장을 배경으로, 가족과 멀어진 의사가 서로 다른 목적을 가진 사람들과 뜻밖의 팀을 이룬다. 이 과정에서 지역 공동체을 마주하며 자신의 삶을 다시 바라본다. 애니메이션와 드라마의 요소를 결합해 이야기를 긴장감 있게 풀어낸 가상의 한국 영화. 애니메이션 드라마 기억 로봇 탐정 바다"
100325,잊힌 레시피의 기록 325,"달 기지을 배경으로, 고향으로 돌아온 요리사가 마을 사람들만 알고 있는 비밀스러운 규칙을 알게 된다. 이 과정에서 기술과 인간성을 마주하며 자신의 삶을 다시 바라본다. 코미디와 가족의 요소를 결합해 이야기를 따뜻한 시선으로 풀어낸 가상의 한국 영화.","[{""id"": 2, ""name"": ""코미디""}, {""id"": 8, ""name"": ""가족""}]","[{""id"": 103, ""name"": ""기억""}, {""id"": 102, ""name"": ""우정""}, {""id"": 118, ""name"": ""미래""}, {""id"": 105, ""name"": ""제주""}]",ko,2017-01-09,5.1,8468,29.29,130,False,False,"['코미디', '가족']","['기억', '우정', '미래', '제주']",코미디 가족,기억 우정 미래 제주,2017,"달 기지을 배경으로, 고향으로 돌아온 요리사가 마을 사람들만 알고 있는 비밀스러운 규칙을 알게 된다. 이 과정에서 기술과 인간성을 마주하며 자신의 삶을 다시 바라본다. 코미디와 가족의 요소를 결합해 이야기를 따뜻한 시선으로 풀어낸 가상의 한국 영화.","달 기지을 배경으로, 고향으로 돌아온 요리사가 마을 사람들만 알고 있는 비밀스러운 규칙을 알게 된다. 이 과정에서 기술과 인간성을 마주하며 자신의 삶을 다시 바라본다. 코미디와 가족의 요소를 결합해 이야기를 따뜻한 시선으로 풀어낸 가상의 한국 영화. 코미디 가족 기억 우정 미래 제주"
100326,비밀의 눈의 하루 326,"제주도의 작은 해안마을을 배경으로, 택배 기사가 인공지능이 작성한 의문의 일기를 추적한다. 이 과정에서 기억과 정체성을 마주하며 자신의 삶을 다시 바라본다. 범죄와 다큐멘터리의 요소를 결합해 이야기를 긴장감 있게 풀어낸 가상의 한국 영화.","[{""id"": 7, ""name"": ""범죄""}, {""id"": 15, ""name"": ""다큐멘터리""}]","[{""id"": 114, ""name"": ""음악""}, {""id"": 117, ""name"": ""범죄""}, {""id"": 123, ""name"": ""역사""}, {""id"": 116, ""name"": ""학교""}]",ko,2017-02-28,6.8,8605,24.506,78,False,False,"['범죄', '다큐멘터리']","['음악', '범죄', '역사', '학교']",범죄 다큐멘터리,음악 범죄 역사 학교,2017,"제주도의 작은 해안마을을 배경으로, 택배 기사가 인공지능이 작성한 의문의 일기를 추적한다. 이 과정에서 기억과 정체성을 마주하며 자신의 삶을 다시 바라본다. 범죄와 다큐멘터리의 요소를 결합해 이야기를 긴장감 있게 풀어낸 가상의 한국 영화.","제주도의 작은 해안마을을 배경으로, 택배 기사가 인공지능이 작성한 의문의 일기를 추적한다. 이 과정에서 기억과 정체성을 마주하며 자신의 삶을 다시 바라본다. 범죄와 다큐멘터리의 요소를 결합해 이야기를 긴장감 있게 풀어낸 가상의 한국 영화. 범죄 다큐멘터리 음악 범죄 역사 학교"
100327,고요한 골목에서 만난 사람 327,"강원도의 산골마을을 배경으로, 가족과 멀어진 의사가 우연히 과거의 사건과 연결된 사진을 발견한다. 이 과정에서 우정과 신뢰을 마주하며 자신의 삶을 다시 바라본다. 애니메이션와 범죄의 요소를 결합해 이야기를 긴장감 있게 풀어낸 가상의 한국 영화.","[{""id"": 12, ""name"": ""애니메이션""}, {""id"": 7, ""name"": ""범죄""}]","[{""id"": 114, ""name"": ""음악""}, {""id"": 112, ""name"": ""사랑""}, {""id"": 107, ""name"": ""바다""}, {""id"": 117, ""name"": ""범죄""}]",ko,2017-04-19,8.3,8742,27.896,91,False,False,"['애니메이션', '범죄']","['음악', '사랑', '바다', '범죄']",애니메이션 범죄,음악 사랑 바다 범죄,2017,"강원도의 산골마을을 배경으로, 가족과 멀어진 의사가 우연히 과거의 사건과 연결된 사진을 발견한다. 이 과정에서 우정과 신뢰을 마주하며 자신의 삶을 다시 바라본다. 애니메이션와 범죄의 요소를 결합해 이야기를 긴장감 있게 풀어낸 가상의 한국 영화.","강원도의 산골마을을 배경으로, 가족과 멀어진 의사가 우연히 과거의 사건과 연결된 사진을 발견한다. 이 과정에서 우정과 신뢰을 마주하며 자신의 삶을 다시 바라본다. 애니메이션와 범죄의 요소를 결합해 이야기를 긴장감 있게 풀어낸 가상의 한국 영화. 애니메이션 범죄 음악 사랑 바다 범죄"
100328,빛나는 마을의 밤 328,"전주의 한옥마을을 배경으로, 고향으로 돌아온 요리사가 가족이 숨겨온 오래된 약속의 의미를 알게 된다. 이 과정에서 가족의 의미을 마주하며 자신의 삶을 다시 바라본다. 코미디와 역사의 요소를 결합해 이야기를 따뜻한 시선으로 풀어낸 가상의 한국 영화.","[{""id"": 2, ""name"": ""코미디""}, {""id"": 14, ""name"": ""역사""}]","[{""id"": 118, ""name"": ""미래""}, {""id"": 110, ""name"": ""추적""}, {""id"": 125, ""name"": ""탐정""}, {""id"": 115, ""name"": ""요리""}]",ko,2017-06-08,6.5,8879,41.631,104,False,False,"['코미디', '역사']","['미래', '추적', '탐정', '요리']",코미디 역사,미래 추적 탐정 요리,2017,"전주의 한옥마을을 배경으로, 고향으로 돌아온 요리사가 가족이 숨겨온 오래된 약속의 의미를 알게 된다. 이 과정에서 가족의 의미을 마주하며 자신의 삶을 다시 바라본다. 코미디와 역사의 요소를 결합해 이야기를 따뜻한 시선으로 풀어낸 가상의 한국 영화.","전주의 한옥마을을 배경으로, 고향으로 돌아온 요리사가 가족이 숨겨온 오래된 약속의 의미를 알게 된다. 이 과정에서 가족의 의미을 마주하며 자신의 삶을 다시 바라본다. 코미디와 역사의 요소를 결합해 이야기를 따뜻한 시선으로 풀어낸 가상의 한국 영화. 코미디 역사 미래 추적 탐정 요리"
100329,흐린 열차의 온도 329,"가상의 미래 도시을 배경으로, 택배 기사가 폐쇄 예정인 공간을 지키기 위한 계획을 세운다. 이 과정에서 상실과 회복을 마주하며 자신의 삶을 다시 바라본다. 범죄와 액션의 요소를 결합해 이야기를 긴장감 있게 풀어낸 가상의 한국 영화.","[{""id"": 7, ""name"": ""범죄""}, {""id"": 6, ""name"": ""액션""}]","[{""id"": 122, ""name"": ""공동체""}, {""id"": 119, ""name"": ""환경""}, {""id"": 101, ""name"": ""가족""}, {""id"": 123, ""name"": ""역사""}]",ko,2017-07-28,8.3,9016,30.147,117,False,False,"['범죄', '액션']","['공동체', '환경', '가족', '역사']",범죄 액션,공동체 환경 가족 역사,2017,"가상의 미래 도시을 배경으로, 택배 기사가 폐쇄 예정인 공간을 지키기 위한 계획을 세운다. 이 과정에서 상실과 회복을 마주하며 자신의 삶을 다시 바라본다. 범죄와 액션의 요소를 결합해 이야기를 긴장감 있게 풀어낸 가상의 한국 영화.","가상의 미래 도시을 배경으로, 택배 기사가 폐쇄 예정인 공간을 지키기 위한 계획을 세운다. 이 과정에서 상실과 회복을 마주하며 자신의 삶을 다시 바라본다. 범죄와 액션의 요소를 결합해 이야기를 긴장감 있게 풀어낸 가상의 한국 영화. 범죄 액션 공동체 환경 가족 역사"
100330,먼 우주선 너머 330,"국경 근처의 작은 역을 배경으로, 가족과 멀어진 의사가 수십 년 전 사라진 편지 한 통을 발견한다. 이 과정에서 도전과 성장을 마주하며 자신의 삶을 다시 바라본다. 애니메이션와 음악의 요소를 결합해 이야기를 긴장감 있게 풀어낸 가상의 한국 영화.","[{""id"": 12, ""name"": ""애니메이션""}, {""id"": 13, ""name"": ""음악""}]","[{""id"": 104, ""name"": ""미스터리""}, {""id"": 123, ""name"": ""역사""}, {""id"": 112, ""name"": ""사랑""}, {""id"": 121, ""name"": ""가짜뉴스""}]",ko,2017-02-11,6.2,9153,32.043,130,False,False,"['애니메이션', '음악']","['미스터리', '역사', '사랑', '가짜뉴스']",애니메이션 음악,미스터리 역사 사랑 가짜뉴스,2017,"국경 근처의 작은 역을 배경으로, 가족과 멀어진 의사가 수십 년 전 사라진 편지 한 통을 발견한다. 이 과정에서 도전과 성장을 마주하며 자신의 삶을 다시 바라본다. 애니메이션와 음악의 요소를 결합해 이야기를 긴장감 있게 풀어낸 가상의 한국 영화.","국경 근처의 작은 역을 배경으로, 가족과 멀어진 의사가 수십 년 전 사라진 편지 한 통을 발견한다. 이 과정에서 도전과 성장을 마주하며 자신의 삶을 다시 바라본다. 애니메이션와 음악의 요소를 결합해 이야기를 긴장감 있게 풀어낸 가상의 한국 영화. 애니메이션 음악 미스터리 역사 사랑 가짜뉴스"
100331,작은 전화의 비밀 331,"부산항 인근을 배경으로, 고향으로 돌아온 요리사가 가짜 뉴스로 인해 무너진 관계를 회복하려 한다. 이 과정에서 진실과 거짓을 마주하며 자신의 삶을 다시 바라본다. 코미디와 미스터리의 요소를 결합해 이야기를 따뜻한 시선으로 풀어낸 가상의 한국 영화.","[{""id"": 2, ""name"": ""코미디""}, {""id"": 5, ""name"": ""미스터리""}]","[{""id"": 110, ""name"": ""추적""}, {""id"": 122, ""name"": ""공동체""}, {""id"": 120, ""name"": ""언론""}, {""id"": 112, ""name"": ""사랑""}]",ko,2017-04-02,8.1,9290,27.764,78,False,False,"['코미디', '미스터리']","['추적', '공동체', '언론', '사랑']",코미디 미스터리,추적 공동체 언론 사랑,2017,"부산항 인근을 배경으로, 고향으로 돌아온 요리사가 가짜 뉴스로 인해 무너진 관계를 회복하려 한다. 이 과정에서 진실과 거짓을 마주하며 자신의 삶을 다시 바라본다. 코미디와 미스터리의 요소를 결합해 이야기를 따뜻한 시선으로 풀어낸 가상의 한국 영화.","부산항 인근을 배경으로, 고향으로 돌아온 요리사가 가짜 뉴스로 인해 무너진 관계를 회복하려 한다. 이 과정에서 진실과 거짓을 마주하며 자신의 삶을 다시 바라본다. 코미디와 미스터리의 요소를 결합해 이야기를 따뜻한 시선으로 풀어낸 가상의 한국 영화. 코미디 미스터리 추적 공동체 언론 사랑"
100332,오래된 편지로 가는 길 332,"인천의 낡은 공단을 배경으로, 택배 기사가 정체를 알 수 없는 음성 메시지를 매일 받기 시작한다. 이 과정에서 환경과 공존을 마주하며 자신의 삶을 다시 바라본다. 범죄와 애니메이션의 요소를 결합해 이야기를 긴장감 있게 풀어낸 가상의 한국 영화.","[{""id"": 7, ""name"": ""범죄""}, {""id"": 12, ""name"": ""애니메이션""}]","[{""id"": 125, ""name"": ""탐정""}, {""id"": 110, ""name"": ""추적""}, {""id"": 102, ""name"": ""우정""}, {""id"": 103, ""name"": ""기억""}]",ko,2017-05-22,6.2,9427,34.587,91,False,False,"['범죄', '애니메이션']","['탐정', '추적', '우정', '기억']",범죄 애니메이션,탐정 추적 우정 기억,2017,"인천의 낡은 공단을 배경으로, 택배 기사가 정체를 알 수 없는 음성 메시지를 매일 받기 시작한다. 이 과정에서 환경과 공존을 마주하며 자신의 삶을 다시 바라본다. 범죄와 애니메이션의 요소를 결합해 이야기를 긴장감 있게 풀어낸 가상의 한국 영화.","인천의 낡은 공단을 배경으로, 택배 기사가 정체를 알 수 없는 음성 메시지를 매일 받기 시작한다. 이 과정에서 환경과 공존을 마주하며 자신의 삶을 다시 바라본다. 범죄와 애니메이션의 요소를 결합해 이야기를 긴장감 있게 풀어낸 가상의 한국 영화. 범죄 애니메이션 탐정 추적 우정 기억"
100333,새로운 시장과 우리 333,"광주의 대학가을 배경으로, 가족과 멀어진 의사가 도시 전체의 전력이 사라진 밤에 중요한 선택을 한다. 이 과정에서 세대 간 갈등을 마주하며 자신의 삶을 다시 바라본다. 애니메이션와 스릴러의 요소를 결합해 이야기를 긴장감 있게 풀어낸 가상의 한국 영화.","[{""id"": 12, ""name"": ""애니메이션""}, {""id"": 4, ""name"": ""스릴러""}]","[{""id"": 115, ""name"": ""요리""}, {""id"": 104, ""name"": ""미스터리""}, {""id"": 103, ""name"": ""기억""}, {""id"": 121, ""name"": ""가짜뉴스""}]",ko,2017-07-11,7.8,9564,40.33,104,False,False,"['애니메이션', '스릴러']","['요리', '미스터리', '기억', '가짜뉴스']",애니메이션 스릴러,요리 미스터리 기억 가짜뉴스,2017,"광주의 대학가을 배경으로, 가족과 멀어진 의사가 도시 전체의 전력이 사라진 밤에 중요한 선택을 한다. 이 과정에서 세대 간 갈등을 마주하며 자신의 삶을 다시 바라본다. 애니메이션와 스릴러의 요소를 결합해 이야기를 긴장감 있게 풀어낸 가상의 한국 영화.","광주의 대학가을 배경으로, 가족과 멀어진 의사가 도시 전체의 전력이 사라진 밤에 중요한 선택을 한다. 이 과정에서 세대 간 갈등을 마주하며 자신의 삶을 다시 바라본다. 애니메이션와 스릴러의 요소를 결합해 이야기를 긴장감 있게 풀어낸 가상의 한국 영화. 애니메이션 스릴러 요리 미스터리 기억 가짜뉴스"
100334,달빛 아래 달에게 334,"외딴 섬을 배경으로, 고향으로 돌아온 요리사가 하루가 반복되는 이상한 현상을 겪는다. 이 과정에서 사랑과 이별을 마주하며 자신의 삶을 다시 바라본다. 코미디와 모험의 요소를 결합해 이야기를 따뜻한 시선으로 풀어낸 가상의 한국 영화.","[{""id"": 2, ""name"": ""코미디""}, {""id"": 11, ""name"": ""모험""}]","[{""id"": 125, ""name"": ""탐정""}, {""id"": 123, ""name"": ""역사""}, {""id"": 105, ""name"": ""제주""}, {""id"": 102, ""name"": ""우정""}]",ko,2017-08-30,5.8,9701,34.303,117,False,False,"['코미디', '모험']","['탐정', '역사', '제주', '우정']",코미디 모험,탐정 역사 제주 우정,2017,"외딴 섬을 배경으로, 고향으로 돌아온 요리사가 하루가 반복되는 이상한 현상을 겪는다. 이 과정에서 사랑과 이별을 마주하며 자신의 삶을 다시 바라본다. 코미디와 모험의 요소를 결합해 이야기를 따뜻한 시선으로 풀어낸 가상의 한국 영화.","외딴 섬을 배경으로, 고향으로 돌아온 요리사가 하루가 반복되는 이상한 현상을 겪는다. 이 과정에서 사랑과 이별을 마주하며 자신의 삶을 다시 바라본다. 코미디와 모험의 요소를 결합해 이야기를 따뜻한 시선으로 풀어낸 가상의 한국 영화. 코미디 모험 탐정 역사 제주 우정"
100335,바람 속 호텔 335,"서울의 오래된 골목을 배경으로, 택배 기사가 실종 사건의 단서가 된 노래를 해석하기 시작한다. 이 과정에서 선택과 책임을 마주하며 자신의 삶을 다시 바라본다. 범죄와 로맨스의 요소를 결합해 이야기를 긴장감 있게 풀어낸 가상의 한국 영화.","[{""id"": 7, ""name"": ""범죄""}, {""id"": 3, ""name"": ""로맨스""}]","[{""id"": 106, ""name"": ""서울""}, {""id"": 123, ""name"": ""역사""}, {""id"": 117, ""name"": ""범죄""}, {""id"": 118, ""name"": ""미래""}]",ko,2017-10-19,7.5,9838,27.267,130,False,False,"['범죄', '로맨스']","['서울', '역사', '범죄', '미래']",범죄 로맨스,서울 역사 범죄 미래,2017,"서울의 오래된 골목을 배경으로, 택배 기사가 실종 사건의 단서가 된 노래를 해석하기 시작한다. 이 과정에서 선택과 책임을 마주하며 자신의 삶을 다시 바라본다. 범죄와 로맨스의 요소를 결합해 이야기를 긴장감 있게 풀어낸 가상의 한국 영화.","서울의 오래된 골목을 배경으로, 택배 기사가 실종 사건의 단서가 된 노래를 해석하기 시작한다. 이 과정에서 선택과 책임을 마주하며 자신의 삶을 다시 바라본다. 범죄와 로맨스의 요소를 결합해 이야기를 긴장감 있게 풀어낸 가상의 한국 영화. 범죄 로맨스 서울 역사 범죄 미래"
100336,비 오는 날 거울의 끝 336,"한강변을 배경으로, 가족과 멀어진 의사가 서로 다른 목적을 가진 사람들과 뜻밖의 팀을 이룬다. 이 과정에서 지역 공동체을 마주하며 자신의 삶을 다시 바라본다. 애니메이션와 SF의 요소를 결합해 이야기를 긴장감 있게 풀어낸 가상의 한국 영화.","[{""id"": 12, ""name"": ""애니메이션""}, {""id"": 10, ""name"": ""SF""}]","[{""id"": 102, ""name"": ""우정""}, {""id"": 123, ""name"": ""역사""}, {""id"": 124, ""name"": ""시간여행""}, {""id"": 116, ""name"": ""학교""}]",ko,2017-12-08,5.7,9975,25.246,78,False,False,"['애니메이션', 'SF']","['우정', '역사', '시간여행', '학교']",애니메이션 SF,우정 역사 시간여행 학교,2017,"한강변을 배경으로, 가족과 멀어진 의사가 서로 다른 목적을 가진 사람들과 뜻밖의 팀을 이룬다. 이 과정에서 지역 공동체을 마주하며 자신의 삶을 다시 바라본다. 애니메이션와 SF의 요소를 결합해 이야기를 긴장감 있게 풀어낸 가상의 한국 영화.","한강변을 배경으로, 가족과 멀어진 의사가 서로 다른 목적을 가진 사람들과 뜻밖의 팀을 이룬다. 이 과정에서 지역 공동체을 마주하며 자신의 삶을 다시 바라본다. 애니메이션와 SF의 요소를 결합해 이야기를 긴장감 있게 풀어낸 가상의 한국 영화. 애니메이션 SF 우정 역사 시간여행 학교"
100337,제주의 등대의 선택 337,"대구의 오래된 극장을 배경으로, 고향으로 돌아온 요리사가 마을 사람들만 알고 있는 비밀스러운 규칙을 알게 된다. 이 과정에서 기술과 인간성을 마주하며 자신의 삶을 다시 바라본다. 코미디와 미스터리의 요소를 결합해 이야기를 따뜻한 시선으로 풀어낸 가상의 한국 영화.","[{""id"": 2, ""name"": ""코미디""}, {""id"": 5, ""name"": ""미스터리""}]","[{""id"": 106, ""name"": ""서울""}, {""id"": 121, ""name"": ""가짜뉴스""}, {""id"": 117, ""name"": ""범죄""}, {""id"": 118, ""name"": ""미래""}]",ko,2017-06-24,7.4,10112,33.211,91,False,False,"['코미디', '미스터리']","['서울', '가짜뉴스', '범죄', '미래']",코미디 미스터리,서울 가짜뉴스 범죄 미래,2017,"대구의 오래된 극장을 배경으로, 고향으로 돌아온 요리사가 마을 사람들만 알고 있는 비밀스러운 규칙을 알게 된다. 이 과정에서 기술과 인간성을 마주하며 자신의 삶을 다시 바라본다. 코미디와 미스터리의 요소를 결합해 이야기를 따뜻한 시선으로 풀어낸 가상의 한국 영화.","대구의 오래된 극장을 배경으로, 고향으로 돌아온 요리사가 마을 사람들만 알고 있는 비밀스러운 규칙을 알게 된다. 이 과정에서 기술과 인간성을 마주하며 자신의 삶을 다시 바라본다. 코미디와 미스터리의 요소를 결합해 이야기를 따뜻한 시선으로 풀어낸 가상의 한국 영화. 코미디 미스터리 서울 가짜뉴스 범죄 미래"
100338,서울의 기억을 기다리며 338,"달 기지을 배경으로, 택배 기사가 인공지능이 작성한 의문의 일기를 추적한다. 이 과정에서 기억과 정체성을 마주하며 자신의 삶을 다시 바라본다. 범죄와 판타지의 요소를 결합해 이야기를 긴장감 있게 풀어낸 가상의 한국 영화.","[{""id"": 7, ""name"": ""범죄""}, {""id"": 9, ""name"": ""판타지""}]","[{""id"": 101, ""name"": ""가족""}, {""id"": 119, ""name"": ""환경""}, {""id"": 113, ""name"": ""여행""}, {""id"": 106, ""name"": ""서울""}]",ko,2017-08-13,5.4,10249,38.113,104,False,False,"['범죄', '판타지']","['가족', '환경', '여행', '서울']",범죄 판타지,가족 환경 여행 서울,2017,"달 기지을 배경으로, 택배 기사가 인공지능이 작성한 의문의 일기를 추적한다. 이 과정에서 기억과 정체성을 마주하며 자신의 삶을 다시 바라본다. 범죄와 판타지의 요소를 결합해 이야기를 긴장감 있게 풀어낸 가상의 한국 영화.","달 기지을 배경으로, 택배 기사가 인공지능이 작성한 의문의 일기를 추적한다. 이 과정에서 기억과 정체성을 마주하며 자신의 삶을 다시 바라본다. 범죄와 판타지의 요소를 결합해 이야기를 긴장감 있게 풀어낸 가상의 한국 영화. 범죄 판타지 가족 환경 여행 서울"
100339,부산의 정원의 계절 339,"제주도의 작은 해안마을을 배경으로, 가족과 멀어진 의사가 우연히 과거의 사건과 연결된 사진을 발견한다. 이 과정에서 우정과 신뢰을 마주하며 자신의 삶을 다시 바라본다. 애니메이션와 드라마의 요소를 결합해 이야기를 긴장감 있게 풀어낸 가상의 한국 영화.","[{""id"": 12, ""name"": ""애니메이션""}, {""id"": 1, ""name"": ""드라마""}]","[{""id"": 115, ""name"": ""요리""}, {""id"": 116, ""name"": ""학교""}, {""id"": 102, ""name"": ""우정""}, {""id"": 119, ""name"": ""환경""}]",ko,2017-10-02,7.1,10386,31.969,117,False,False,"['애니메이션', '드라마']","['요리', '학교', '우정', '환경']",애니메이션 드라마,요리 학교 우정 환경,2017,"제주도의 작은 해안마을을 배경으로, 가족과 멀어진 의사가 우연히 과거의 사건과 연결된 사진을 발견한다. 이 과정에서 우정과 신뢰을 마주하며 자신의 삶을 다시 바라본다. 애니메이션와 드라마의 요소를 결합해 이야기를 긴장감 있게 풀어낸 가상의 한국 영화.","제주도의 작은 해안마을을 배경으로, 가족과 멀어진 의사가 우연히 과거의 사건과 연결된 사진을 발견한다. 이 과정에서 우정과 신뢰을 마주하며 자신의 삶을 다시 바라본다. 애니메이션와 드라마의 요소를 결합해 이야기를 긴장감 있게 풀어낸 가상의 한국 영화. 애니메이션 드라마 요리 학교 우정 환경"
100340,한강의 그림자의 기록 340,"강원도의 산골마을을 배경으로, 고향으로 돌아온 요리사가 가족이 숨겨온 오래된 약속의 의미를 알게 된다. 이 과정에서 가족의 의미을 마주하며 자신의 삶을 다시 바라본다. 코미디와 가족의 요소를 결합해 이야기를 따뜻한 시선으로 풀어낸 가상의 한국 영화.","[{""id"": 2, ""name"": ""코미디""}, {""id"": 8, ""name"": ""가족""}]","[{""id"": 119, ""name"": ""환경""}, {""id"": 105, ""name"": ""제주""}, {""id"": 111, ""name"": ""성장""}, {""id"": 108, ""name"": ""인공지능""}]",ko,2017-11-21,5.2,10523,36.82,130,False,False,"['코미디', '가족']","['환경', '제주', '성장', '인공지능']",코미디 가족,환경 제주 성장 인공지능,2017,"강원도의 산골마을을 배경으로, 고향으로 돌아온 요리사가 가족이 숨겨온 오래된 약속의 의미를 알게 된다. 이 과정에서 가족의 의미을 마주하며 자신의 삶을 다시 바라본다. 코미디와 가족의 요소를 결합해 이야기를 따뜻한 시선으로 풀어낸 가상의 한국 영화.","강원도의 산골마을을 배경으로, 고향으로 돌아온 요리사가 가족이 숨겨온 오래된 약속의 의미를 알게 된다. 이 과정에서 가족의 의미을 마주하며 자신의 삶을 다시 바라본다. 코미디와 가족의 요소를 결합해 이야기를 따뜻한 시선으로 풀어낸 가상의 한국 영화. 코미디 가족 환경 제주 성장 인공지능"
100341,새벽의 연구소의 하루 341,"전주의 한옥마을을 배경으로, 택배 기사가 폐쇄 예정인 공간을 지키기 위한 계획을 세운다. 이 과정에서 상실과 회복을 마주하며 자신의 삶을 다시 바라본다. 범죄와 다큐멘터리의 요소를 결합해 이야기를 긴장감 있게 풀어낸 가상의 한국 영화.","[{""id"": 7, ""name"": ""범죄""}, {""id"": 15, ""name"": ""다큐멘터리""}]","[{""id"": 107, ""name"": ""바다""}, {""id"": 105, ""name"": ""제주""}, {""id"": 121, ""name"": ""가짜뉴스""}, {""id"": 101, ""name"": ""가족""}]",ko,2018-01-10,7.0,10660,41.331,78,False,False,"['범죄', '다큐멘터리']","['바다', '제주', '가짜뉴스', '가족']",범죄 다큐멘터리,바다 제주 가짜뉴스 가족,2018,"전주의 한옥마을을 배경으로, 택배 기사가 폐쇄 예정인 공간을 지키기 위한 계획을 세운다. 이 과정에서 상실과 회복을 마주하며 자신의 삶을 다시 바라본다. 범죄와 다큐멘터리의 요소를 결합해 이야기를 긴장감 있게 풀어낸 가상의 한국 영화.","전주의 한옥마을을 배경으로, 택배 기사가 폐쇄 예정인 공간을 지키기 위한 계획을 세운다. 이 과정에서 상실과 회복을 마주하며 자신의 삶을 다시 바라본다. 범죄와 다큐멘터리의 요소를 결합해 이야기를 긴장감 있게 풀어낸 가상의 한국 영화. 범죄 다큐멘터리 바다 제주 가짜뉴스 가족"
100342,겨울의 지도에서 만난 사람 342,"가상의 미래 도시을 배경으로, 가족과 멀어진 의사가 수십 년 전 사라진 편지 한 통을 발견한다. 이 과정에서 도전과 성장을 마주하며 자신의 삶을 다시 바라본다. 애니메이션와 범죄의 요소를 결합해 이야기를 긴장감 있게 풀어낸 가상의 한국 영화.","[{""id"": 12, ""name"": ""애니메이션""}, {""id"": 7, ""name"": ""범죄""}]","[{""id"": 118, ""name"": ""미래""}, {""id"": 111, ""name"": ""성장""}, {""id"": 124, ""name"": ""시간여행""}, {""id"": 117, ""name"": ""범죄""}]",ko,2018-03-01,5.1,10797,24.739,91,False,False,"['애니메이션', '범죄']","['미래', '성장', '시간여행', '범죄']",애니메이션 범죄,미래 성장 시간여행 범죄,2018,"가상의 미래 도시을 배경으로, 가족과 멀어진 의사가 수십 년 전 사라진 편지 한 통을 발견한다. 이 과정에서 도전과 성장을 마주하며 자신의 삶을 다시 바라본다. 애니메이션와 범죄의 요소를 결합해 이야기를 긴장감 있게 풀어낸 가상의 한국 영화.","가상의 미래 도시을 배경으로, 가족과 멀어진 의사가 수십 년 전 사라진 편지 한 통을 발견한다. 이 과정에서 도전과 성장을 마주하며 자신의 삶을 다시 바라본다. 애니메이션와 범죄의 요소를 결합해 이야기를 긴장감 있게 풀어낸 가상의 한국 영화. 애니메이션 범죄 미래 성장 시간여행 범죄"
100343,여름의 강의 밤 343,"국경 근처의 작은 역을 배경으로, 고향으로 돌아온 요리사가 가짜 뉴스로 인해 무너진 관계를 회복하려 한다. 이 과정에서 진실과 거짓을 마주하며 자신의 삶을 다시 바라본다. 코미디와 역사의 요소를 결합해 이야기를 따뜻한 시선으로 풀어낸 가상의 한국 영화.","[{""id"": 2, ""name"": ""코미디""}, {""id"": 14, ""name"": ""역사""}]","[{""id"": 117, ""name"": ""범죄""}, {""id"": 114, ""name"": ""음악""}, {""id"": 101, ""name"": ""가족""}, {""id"": 110, ""name"": ""추적""}]",ko,2018-04-20,6.7,10934,24.86,104,False,False,"['코미디', '역사']","['범죄', '음악', '가족', '추적']",코미디 역사,범죄 음악 가족 추적,2018,"국경 근처의 작은 역을 배경으로, 고향으로 돌아온 요리사가 가짜 뉴스로 인해 무너진 관계를 회복하려 한다. 이 과정에서 진실과 거짓을 마주하며 자신의 삶을 다시 바라본다. 코미디와 역사의 요소를 결합해 이야기를 따뜻한 시선으로 풀어낸 가상의 한국 영화.","국경 근처의 작은 역을 배경으로, 고향으로 돌아온 요리사가 가짜 뉴스로 인해 무너진 관계를 회복하려 한다. 이 과정에서 진실과 거짓을 마주하며 자신의 삶을 다시 바라본다. 코미디와 역사의 요소를 결합해 이야기를 따뜻한 시선으로 풀어낸 가상의 한국 영화. 코미디 역사 범죄 음악 가족 추적"
100344,봄날의 정거장의 온도 344,"부산항 인근을 배경으로, 택배 기사가 정체를 알 수 없는 음성 메시지를 매일 받기 시작한다. 이 과정에서 환경과 공존을 마주하며 자신의 삶을 다시 바라본다. 범죄와 액션의 요소를 결합해 이야기를 긴장감 있게 풀어낸 가상의 한국 영화.","[{""id"": 7, ""name"": ""범죄""}, {""id"": 6, ""name"": ""액션""}]","[{""id"": 113, ""name"": ""여행""}, {""id"": 102, ""name"": ""우정""}, {""id"": 119, ""name"": ""환경""}, {""id"": 104, ""name"": ""미스터리""}]",ko,2017-11-04,8.4,11071,26.36,117,False,False,"['범죄', '액션']","['여행', '우정', '환경', '미스터리']",범죄 액션,여행 우정 환경 미스터리,2017,"부산항 인근을 배경으로, 택배 기사가 정체를 알 수 없는 음성 메시지를 매일 받기 시작한다. 이 과정에서 환경과 공존을 마주하며 자신의 삶을 다시 바라본다. 범죄와 액션의 요소를 결합해 이야기를 긴장감 있게 풀어낸 가상의 한국 영화.","부산항 인근을 배경으로, 택배 기사가 정체를 알 수 없는 음성 메시지를 매일 받기 시작한다. 이 과정에서 환경과 공존을 마주하며 자신의 삶을 다시 바라본다. 범죄와 액션의 요소를 결합해 이야기를 긴장감 있게 풀어낸 가상의 한국 영화. 범죄 액션 여행 우정 환경 미스터리"
100345,가을의 숲 너머 345,"인천의 낡은 공단을 배경으로, 가족과 멀어진 의사가 도시 전체의 전력이 사라진 밤에 중요한 선택을 한다. 이 과정에서 세대 간 갈등을 마주하며 자신의 삶을 다시 바라본다. 애니메이션와 음악의 요소를 결합해 이야기를 긴장감 있게 풀어낸 가상의 한국 영화.","[{""id"": 12, ""name"": ""애니메이션""}, {""id"": 13, ""name"": ""음악""}]","[{""id"": 120, ""name"": ""언론""}, {""id"": 106, ""name"": ""서울""}, {""id"": 114, ""name"": ""음악""}, {""id"": 101, ""name"": ""가족""}]",ko,2017-12-24,6.6,11208,33.832,130,False,False,"['애니메이션', '음악']","['언론', '서울', '음악', '가족']",애니메이션 음악,언론 서울 음악 가족,2017,"인천의 낡은 공단을 배경으로, 가족과 멀어진 의사가 도시 전체의 전력이 사라진 밤에 중요한 선택을 한다. 이 과정에서 세대 간 갈등을 마주하며 자신의 삶을 다시 바라본다. 애니메이션와 음악의 요소를 결합해 이야기를 긴장감 있게 풀어낸 가상의 한국 영화.","인천의 낡은 공단을 배경으로, 가족과 멀어진 의사가 도시 전체의 전력이 사라진 밤에 중요한 선택을 한다. 이 과정에서 세대 간 갈등을 마주하며 자신의 삶을 다시 바라본다. 애니메이션와 음악의 요소를 결합해 이야기를 긴장감 있게 풀어낸 가상의 한국 영화. 애니메이션 음악 언론 서울 음악 가족"
100346,푸른 사진의 비밀 346,"광주의 대학가을 배경으로, 고향으로 돌아온 요리사가 하루가 반복되는 이상한 현상을 겪는다. 이 과정에서 사랑과 이별을 마주하며 자신의 삶을 다시 바라본다. 코미디와 미스터리의 요소를 결합해 이야기를 따뜻한 시선으로 풀어낸 가상의 한국 영화.","[{""id"": 2, ""name"": ""코미디""}, {""id"": 5, ""name"": ""미스터리""}]","[{""id"": 106, ""name"": ""서울""}, {""id"": 121, ""name"": ""가짜뉴스""}, {""id"": 108, ""name"": ""인공지능""}, {""id"": 122, ""name"": ""공동체""}]",ko,2018-02-12,8.4,11345,25.413,78,False,False,"['코미디', '미스터리']","['서울', '가짜뉴스', '인공지능', '공동체']",코미디 미스터리,서울 가짜뉴스 인공지능 공동체,2018,"광주의 대학가을 배경으로, 고향으로 돌아온 요리사가 하루가 반복되는 이상한 현상을 겪는다. 이 과정에서 사랑과 이별을 마주하며 자신의 삶을 다시 바라본다. 코미디와 미스터리의 요소를 결합해 이야기를 따뜻한 시선으로 풀어낸 가상의 한국 영화.","광주의 대학가을 배경으로, 고향으로 돌아온 요리사가 하루가 반복되는 이상한 현상을 겪는다. 이 과정에서 사랑과 이별을 마주하며 자신의 삶을 다시 바라본다. 코미디와 미스터리의 요소를 결합해 이야기를 따뜻한 시선으로 풀어낸 가상의 한국 영화. 코미디 미스터리 서울 가짜뉴스 인공지능 공동체"
100347,붉은 로봇로 가는 길 347,"외딴 섬을 배경으로, 택배 기사가 실종 사건의 단서가 된 노래를 해석하기 시작한다. 이 과정에서 선택과 책임을 마주하며 자신의 삶을 다시 바라본다. 범죄와 애니메이션의 요소를 결합해 이야기를 긴장감 있게 풀어낸 가상의 한국 영화.","[{""id"": 7, ""name"": ""범죄""}, {""id"": 12, ""name"": ""애니메이션""}]","[{""id"": 105, ""name"": ""제주""}, {""id"": 120, ""name"": ""언론""}, {""id"": 121, ""name"": ""가짜뉴스""}, {""id"": 113, ""name"": ""여행""}]",ko,2018-04-03,6.4,11482,32.248,91,False,False,"['범죄', '애니메이션']","['제주', '언론', '가짜뉴스', '여행']",범죄 애니메이션,제주 언론 가짜뉴스 여행,2018,"외딴 섬을 배경으로, 택배 기사가 실종 사건의 단서가 된 노래를 해석하기 시작한다. 이 과정에서 선택과 책임을 마주하며 자신의 삶을 다시 바라본다. 범죄와 애니메이션의 요소를 결합해 이야기를 긴장감 있게 풀어낸 가상의 한국 영화.","외딴 섬을 배경으로, 택배 기사가 실종 사건의 단서가 된 노래를 해석하기 시작한다. 이 과정에서 선택과 책임을 마주하며 자신의 삶을 다시 바라본다. 범죄와 애니메이션의 요소를 결합해 이야기를 긴장감 있게 풀어낸 가상의 한국 영화. 범죄 애니메이션 제주 언론 가짜뉴스 여행"
100348,검은 신호과 우리 348,"서울의 오래된 골목을 배경으로, 가족과 멀어진 의사가 서로 다른 목적을 가진 사람들과 뜻밖의 팀을 이룬다. 이 과정에서 지역 공동체을 마주하며 자신의 삶을 다시 바라본다. 애니메이션와 스릴러의 요소를 결합해 이야기를 긴장감 있게 풀어낸 가상의 한국 영화.","[{""id"": 12, ""name"": ""애니메이션""}, {""id"": 4, ""name"": ""스릴러""}]","[{""id"": 122, ""name"": ""공동체""}, {""id"": 103, ""name"": ""기억""}, {""id"": 121, ""name"": ""가짜뉴스""}, {""id"": 113, ""name"": ""여행""}]",ko,2018-05-23,8.1,11619,39.473,104,False,False,"['애니메이션', '스릴러']","['공동체', '기억', '가짜뉴스', '여행']",애니메이션 스릴러,공동체 기억 가짜뉴스 여행,2018,"서울의 오래된 골목을 배경으로, 가족과 멀어진 의사가 서로 다른 목적을 가진 사람들과 뜻밖의 팀을 이룬다. 이 과정에서 지역 공동체을 마주하며 자신의 삶을 다시 바라본다. 애니메이션와 스릴러의 요소를 결합해 이야기를 긴장감 있게 풀어낸 가상의 한국 영화.","서울의 오래된 골목을 배경으로, 가족과 멀어진 의사가 서로 다른 목적을 가진 사람들과 뜻밖의 팀을 이룬다. 이 과정에서 지역 공동체을 마주하며 자신의 삶을 다시 바라본다. 애니메이션와 스릴러의 요소를 결합해 이야기를 긴장감 있게 풀어낸 가상의 한국 영화. 애니메이션 스릴러 공동체 기억 가짜뉴스 여행"
100349,하얀 불꽃에게 349,"한강변을 배경으로, 고향으로 돌아온 요리사가 마을 사람들만 알고 있는 비밀스러운 규칙을 알게 된다. 이 과정에서 기술과 인간성을 마주하며 자신의 삶을 다시 바라본다. 코미디와 모험의 요소를 결합해 이야기를 따뜻한 시선으로 풀어낸 가상의 한국 영화.","[{""id"": 2, ""name"": ""코미디""}, {""id"": 11, ""name"": ""모험""}]","[{""id"": 122, ""name"": ""공동체""}, {""id"": 123, ""name"": ""역사""}, {""id"": 111, ""name"": ""성장""}, {""id"": 121, ""name"": ""가짜뉴스""}]",ko,2018-07-12,6.3,11756,34.458,117,False,False,"['코미디', '모험']","['공동체', '역사', '성장', '가짜뉴스']",코미디 모험,공동체 역사 성장 가짜뉴스,2018,"한강변을 배경으로, 고향으로 돌아온 요리사가 마을 사람들만 알고 있는 비밀스러운 규칙을 알게 된다. 이 과정에서 기술과 인간성을 마주하며 자신의 삶을 다시 바라본다. 코미디와 모험의 요소를 결합해 이야기를 따뜻한 시선으로 풀어낸 가상의 한국 영화.","한강변을 배경으로, 고향으로 돌아온 요리사가 마을 사람들만 알고 있는 비밀스러운 규칙을 알게 된다. 이 과정에서 기술과 인간성을 마주하며 자신의 삶을 다시 바라본다. 코미디와 모험의 요소를 결합해 이야기를 따뜻한 시선으로 풀어낸 가상의 한국 영화. 코미디 모험 공동체 역사 성장 가짜뉴스"
100350,마지막 도서관 350,"대구의 오래된 극장을 배경으로, 택배 기사가 인공지능이 작성한 의문의 일기를 추적한다. 이 과정에서 기억과 정체성을 마주하며 자신의 삶을 다시 바라본다. 범죄와 로맨스의 요소를 결합해 이야기를 긴장감 있게 풀어낸 가상의 한국 영화.","[{""id"": 7, ""name"": ""범죄""}, {""id"": 3, ""name"": ""로맨스""}]","[{""id"": 120, ""name"": ""언론""}, {""id"": 114, ""name"": ""음악""}, {""id"": 112, ""name"": ""사랑""}, {""id"": 119, ""name"": ""환경""}]",ko,2018-08-31,7.8,11893,26.526,130,False,False,"['범죄', '로맨스']","['언론', '음악', '사랑', '환경']",범죄 로맨스,언론 음악 사랑 환경,2018,"대구의 오래된 극장을 배경으로, 택배 기사가 인공지능이 작성한 의문의 일기를 추적한다. 이 과정에서 기억과 정체성을 마주하며 자신의 삶을 다시 바라본다. 범죄와 로맨스의 요소를 결합해 이야기를 긴장감 있게 풀어낸 가상의 한국 영화.","대구의 오래된 극장을 배경으로, 택배 기사가 인공지능이 작성한 의문의 일기를 추적한다. 이 과정에서 기억과 정체성을 마주하며 자신의 삶을 다시 바라본다. 범죄와 로맨스의 요소를 결합해 이야기를 긴장감 있게 풀어낸 가상의 한국 영화. 범죄 로맨스 언론 음악 사랑 환경"
100351,첫 번째 별의 끝 351,"달 기지을 배경으로, 가족과 멀어진 의사가 우연히 과거의 사건과 연결된 사진을 발견한다. 이 과정에서 우정과 신뢰을 마주하며 자신의 삶을 다시 바라본다. 애니메이션와 SF의 요소를 결합해 이야기를 긴장감 있게 풀어낸 가상의 한국 영화.","[{""id"": 12, ""name"": ""애니메이션""}, {""id"": 10, ""name"": ""SF""}]","[{""id"": 114, ""name"": ""음악""}, {""id"": 109, ""name"": ""로봇""}, {""id"": 111, ""name"": ""성장""}, {""id"": 107, ""name"": ""바다""}]",ko,2018-03-17,6.1,12030,31.003,78,False,False,"['애니메이션', 'SF']","['음악', '로봇', '성장', '바다']",애니메이션 SF,음악 로봇 성장 바다,2018,"달 기지을 배경으로, 가족과 멀어진 의사가 우연히 과거의 사건과 연결된 사진을 발견한다. 이 과정에서 우정과 신뢰을 마주하며 자신의 삶을 다시 바라본다. 애니메이션와 SF의 요소를 결합해 이야기를 긴장감 있게 풀어낸 가상의 한국 영화.","달 기지을 배경으로, 가족과 멀어진 의사가 우연히 과거의 사건과 연결된 사진을 발견한다. 이 과정에서 우정과 신뢰을 마주하며 자신의 삶을 다시 바라본다. 애니메이션와 SF의 요소를 결합해 이야기를 긴장감 있게 풀어낸 가상의 한국 영화. 애니메이션 SF 음악 로봇 성장 바다"
100352,낯선 식당의 선택 352,"제주도의 작은 해안마을을 배경으로, 고향으로 돌아온 요리사가 가족이 숨겨온 오래된 약속의 의미를 알게 된다. 이 과정에서 가족의 의미을 마주하며 자신의 삶을 다시 바라본다. 코미디와 미스터리의 요소를 결합해 이야기를 따뜻한 시선으로 풀어낸 가상의 한국 영화.","[{""id"": 2, ""name"": ""코미디""}, {""id"": 5, ""name"": ""미스터리""}]","[{""id"": 125, ""name"": ""탐정""}, {""id"": 101, ""name"": ""가족""}, {""id"": 124, ""name"": ""시간여행""}, {""id"": 112, ""name"": ""사랑""}]",ko,2018-05-06,7.6,167,25.332,91,False,False,"['코미디', '미스터리']","['탐정', '가족', '시간여행', '사랑']",코미디 미스터리,탐정 가족 시간여행 사랑,2018,"제주도의 작은 해안마을을 배경으로, 고향으로 돌아온 요리사가 가족이 숨겨온 오래된 약속의 의미를 알게 된다. 이 과정에서 가족의 의미을 마주하며 자신의 삶을 다시 바라본다. 코미디와 미스터리의 요소를 결합해 이야기를 따뜻한 시선으로 풀어낸 가상의 한국 영화.","제주도의 작은 해안마을을 배경으로, 고향으로 돌아온 요리사가 가족이 숨겨온 오래된 약속의 의미를 알게 된다. 이 과정에서 가족의 의미을 마주하며 자신의 삶을 다시 바라본다. 코미디와 미스터리의 요소를 결합해 이야기를 따뜻한 시선으로 풀어낸 가상의 한국 영화. 코미디 미스터리 탐정 가족 시간여행 사랑"
100353,잊힌 비행을 기다리며 353,"강원도의 산골마을을 배경으로, 택배 기사가 폐쇄 예정인 공간을 지키기 위한 계획을 세운다. 이 과정에서 상실과 회복을 마주하며 자신의 삶을 다시 바라본다. 범죄와 판타지의 요소를 결합해 이야기를 긴장감 있게 풀어낸 가상의 한국 영화.","[{""id"": 7, ""name"": ""범죄""}, {""id"": 9, ""name"": ""판타지""}]","[{""id"": 120, ""name"": ""언론""}, {""id"": 122, ""name"": ""공동체""}, {""id"": 118, ""name"": ""미래""}, {""id"": 109, ""name"": ""로봇""}]",ko,2018-06-25,5.8,304,33.931,104,False,False,"['범죄', '판타지']","['언론', '공동체', '미래', '로봇']",범죄 판타지,언론 공동체 미래 로봇,2018,"강원도의 산골마을을 배경으로, 택배 기사가 폐쇄 예정인 공간을 지키기 위한 계획을 세운다. 이 과정에서 상실과 회복을 마주하며 자신의 삶을 다시 바라본다. 범죄와 판타지의 요소를 결합해 이야기를 긴장감 있게 풀어낸 가상의 한국 영화.","강원도의 산골마을을 배경으로, 택배 기사가 폐쇄 예정인 공간을 지키기 위한 계획을 세운다. 이 과정에서 상실과 회복을 마주하며 자신의 삶을 다시 바라본다. 범죄와 판타지의 요소를 결합해 이야기를 긴장감 있게 풀어낸 가상의 한국 영화. 범죄 판타지 언론 공동체 미래 로봇"
100354,비밀의 터널의 계절 354,"전주의 한옥마을을 배경으로, 가족과 멀어진 의사가 수십 년 전 사라진 편지 한 통을 발견한다. 이 과정에서 도전과 성장을 마주하며 자신의 삶을 다시 바라본다. 애니메이션와 드라마의 요소를 결합해 이야기를 긴장감 있게 풀어낸 가상의 한국 영화.","[{""id"": 12, ""name"": ""애니메이션""}, {""id"": 1, ""name"": ""드라마""}]","[{""id"": 117, ""name"": ""범죄""}, {""id"": 122, ""name"": ""공동체""}, {""id"": 114, ""name"": ""음악""}, {""id"": 101, ""name"": ""가족""}]",ko,2018-08-14,7.4,441,25.301,117,False,False,"['애니메이션', '드라마']","['범죄', '공동체', '음악', '가족']",애니메이션 드라마,범죄 공동체 음악 가족,2018,"전주의 한옥마을을 배경으로, 가족과 멀어진 의사가 수십 년 전 사라진 편지 한 통을 발견한다. 이 과정에서 도전과 성장을 마주하며 자신의 삶을 다시 바라본다. 애니메이션와 드라마의 요소를 결합해 이야기를 긴장감 있게 풀어낸 가상의 한국 영화.","전주의 한옥마을을 배경으로, 가족과 멀어진 의사가 수십 년 전 사라진 편지 한 통을 발견한다. 이 과정에서 도전과 성장을 마주하며 자신의 삶을 다시 바라본다. 애니메이션와 드라마의 요소를 결합해 이야기를 긴장감 있게 풀어낸 가상의 한국 영화. 애니메이션 드라마 범죄 공동체 음악 가족"
100355,고요한 약속의 기록 355,"가상의 미래 도시을 배경으로, 고향으로 돌아온 요리사가 가짜 뉴스로 인해 무너진 관계를 회복하려 한다. 이 과정에서 진실과 거짓을 마주하며 자신의 삶을 다시 바라본다. 코미디와 가족의 요소를 결합해 이야기를 따뜻한 시선으로 풀어낸 가상의 한국 영화.","[{""id"": 2, ""name"": ""코미디""}, {""id"": 8, ""name"": ""가족""}]","[{""id"": 118, ""name"": ""미래""}, {""id"": 101, ""name"": ""가족""}, {""id"": 106, ""name"": ""서울""}, {""id"": 107, ""name"": ""바다""}]",ko,2018-10-03,5.6,578,24.705,130,False,False,"['코미디', '가족']","['미래', '가족', '서울', '바다']",코미디 가족,미래 가족 서울 바다,2018,"가상의 미래 도시을 배경으로, 고향으로 돌아온 요리사가 가짜 뉴스로 인해 무너진 관계를 회복하려 한다. 이 과정에서 진실과 거짓을 마주하며 자신의 삶을 다시 바라본다. 코미디와 가족의 요소를 결합해 이야기를 따뜻한 시선으로 풀어낸 가상의 한국 영화.","가상의 미래 도시을 배경으로, 고향으로 돌아온 요리사가 가짜 뉴스로 인해 무너진 관계를 회복하려 한다. 이 과정에서 진실과 거짓을 마주하며 자신의 삶을 다시 바라본다. 코미디와 가족의 요소를 결합해 이야기를 따뜻한 시선으로 풀어낸 가상의 한국 영화. 코미디 가족 미래 가족 서울 바다"
100356,빛나는 극장의 하루 356,"국경 근처의 작은 역을 배경으로, 택배 기사가 정체를 알 수 없는 음성 메시지를 매일 받기 시작한다. 이 과정에서 환경과 공존을 마주하며 자신의 삶을 다시 바라본다. 범죄와 다큐멘터리의 요소를 결합해 이야기를 긴장감 있게 풀어낸 가상의 한국 영화.","[{""id"": 7, ""name"": ""범죄""}, {""id"": 15, ""name"": ""다큐멘터리""}]","[{""id"": 125, ""name"": ""탐정""}, {""id"": 118, ""name"": ""미래""}, {""id"": 104, ""name"": ""미스터리""}, {""id"": 101, ""name"": ""가족""}]",ko,2018-11-22,7.3,715,26.712,78,False,False,"['범죄', '다큐멘터리']","['탐정', '미래', '미스터리', '가족']",범죄 다큐멘터리,탐정 미래 미스터리 가족,2018,"국경 근처의 작은 역을 배경으로, 택배 기사가 정체를 알 수 없는 음성 메시지를 매일 받기 시작한다. 이 과정에서 환경과 공존을 마주하며 자신의 삶을 다시 바라본다. 범죄와 다큐멘터리의 요소를 결합해 이야기를 긴장감 있게 풀어낸 가상의 한국 영화.","국경 근처의 작은 역을 배경으로, 택배 기사가 정체를 알 수 없는 음성 메시지를 매일 받기 시작한다. 이 과정에서 환경과 공존을 마주하며 자신의 삶을 다시 바라본다. 범죄와 다큐멘터리의 요소를 결합해 이야기를 긴장감 있게 풀어낸 가상의 한국 영화. 범죄 다큐멘터리 탐정 미래 미스터리 가족"
100357,흐린 시간에서 만난 사람 357,"부산항 인근을 배경으로, 가족과 멀어진 의사가 도시 전체의 전력이 사라진 밤에 중요한 선택을 한다. 이 과정에서 세대 간 갈등을 마주하며 자신의 삶을 다시 바라본다. 애니메이션와 범죄의 요소를 결합해 이야기를 긴장감 있게 풀어낸 가상의 한국 영화.","[{""id"": 12, ""name"": ""애니메이션""}, {""id"": 7, ""name"": ""범죄""}]","[{""id"": 104, ""name"": ""미스터리""}, {""id"": 103, ""name"": ""기억""}, {""id"": 118, ""name"": ""미래""}, {""id"": 112, ""name"": ""사랑""}]",ko,2019-01-11,5.5,852,22.378,91,False,False,"['애니메이션', '범죄']","['미스터리', '기억', '미래', '사랑']",애니메이션 범죄,미스터리 기억 미래 사랑,2019,"부산항 인근을 배경으로, 가족과 멀어진 의사가 도시 전체의 전력이 사라진 밤에 중요한 선택을 한다. 이 과정에서 세대 간 갈등을 마주하며 자신의 삶을 다시 바라본다. 애니메이션와 범죄의 요소를 결합해 이야기를 긴장감 있게 풀어낸 가상의 한국 영화.","부산항 인근을 배경으로, 가족과 멀어진 의사가 도시 전체의 전력이 사라진 밤에 중요한 선택을 한다. 이 과정에서 세대 간 갈등을 마주하며 자신의 삶을 다시 바라본다. 애니메이션와 범죄의 요소를 결합해 이야기를 긴장감 있게 풀어낸 가상의 한국 영화. 애니메이션 범죄 미스터리 기억 미래 사랑"
100358,먼 학교의 밤 358,"인천의 낡은 공단을 배경으로, 고향으로 돌아온 요리사가 하루가 반복되는 이상한 현상을 겪는다. 이 과정에서 사랑과 이별을 마주하며 자신의 삶을 다시 바라본다. 코미디와 역사의 요소를 결합해 이야기를 따뜻한 시선으로 풀어낸 가상의 한국 영화.","[{""id"": 2, ""name"": ""코미디""}, {""id"": 14, ""name"": ""역사""}]","[{""id"": 121, ""name"": ""가짜뉴스""}, {""id"": 109, ""name"": ""로봇""}, {""id"": 122, ""name"": ""공동체""}, {""id"": 106, ""name"": ""서울""}]",ko,2018-07-28,7.1,989,21.839,104,False,False,"['코미디', '역사']","['가짜뉴스', '로봇', '공동체', '서울']",코미디 역사,가짜뉴스 로봇 공동체 서울,2018,"인천의 낡은 공단을 배경으로, 고향으로 돌아온 요리사가 하루가 반복되는 이상한 현상을 겪는다. 이 과정에서 사랑과 이별을 마주하며 자신의 삶을 다시 바라본다. 코미디와 역사의 요소를 결합해 이야기를 따뜻한 시선으로 풀어낸 가상의 한국 영화.","인천의 낡은 공단을 배경으로, 고향으로 돌아온 요리사가 하루가 반복되는 이상한 현상을 겪는다. 이 과정에서 사랑과 이별을 마주하며 자신의 삶을 다시 바라본다. 코미디와 역사의 요소를 결합해 이야기를 따뜻한 시선으로 풀어낸 가상의 한국 영화. 코미디 역사 가짜뉴스 로봇 공동체 서울"
100359,작은 문의 온도 359,"광주의 대학가을 배경으로, 택배 기사가 실종 사건의 단서가 된 노래를 해석하기 시작한다. 이 과정에서 선택과 책임을 마주하며 자신의 삶을 다시 바라본다. 범죄와 액션의 요소를 결합해 이야기를 긴장감 있게 풀어낸 가상의 한국 영화.","[{""id"": 7, ""name"": ""범죄""}, {""id"": 6, ""name"": ""액션""}]","[{""id"": 116, ""name"": ""학교""}, {""id"": 110, ""name"": ""추적""}, {""id"": 120, ""name"": ""언론""}, {""id"": 111, ""name"": ""성장""}]",ko,2018-09-16,5.3,1126,22.524,117,False,False,"['범죄', '액션']","['학교', '추적', '언론', '성장']",범죄 액션,학교 추적 언론 성장,2018,"광주의 대학가을 배경으로, 택배 기사가 실종 사건의 단서가 된 노래를 해석하기 시작한다. 이 과정에서 선택과 책임을 마주하며 자신의 삶을 다시 바라본다. 범죄와 액션의 요소를 결합해 이야기를 긴장감 있게 풀어낸 가상의 한국 영화.","광주의 대학가을 배경으로, 택배 기사가 실종 사건의 단서가 된 노래를 해석하기 시작한다. 이 과정에서 선택과 책임을 마주하며 자신의 삶을 다시 바라본다. 범죄와 액션의 요소를 결합해 이야기를 긴장감 있게 풀어낸 가상의 한국 영화. 범죄 액션 학교 추적 언론 성장"
100360,오래된 카페 너머 360,"외딴 섬을 배경으로, 가족과 멀어진 의사가 서로 다른 목적을 가진 사람들과 뜻밖의 팀을 이룬다. 이 과정에서 지역 공동체을 마주하며 자신의 삶을 다시 바라본다. 애니메이션와 음악의 요소를 결합해 이야기를 긴장감 있게 풀어낸 가상의 한국 영화.","[{""id"": 12, ""name"": ""애니메이션""}, {""id"": 13, ""name"": ""음악""}]","[{""id"": 102, ""name"": ""우정""}, {""id"": 108, ""name"": ""인공지능""}, {""id"": 107, ""name"": ""바다""}, {""id"": 113, ""name"": ""여행""}]",ko,2018-11-05,7.0,1263,35.265,130,False,False,"['애니메이션', '음악']","['우정', '인공지능', '바다', '여행']",애니메이션 음악,우정 인공지능 바다 여행,2018,"외딴 섬을 배경으로, 가족과 멀어진 의사가 서로 다른 목적을 가진 사람들과 뜻밖의 팀을 이룬다. 이 과정에서 지역 공동체을 마주하며 자신의 삶을 다시 바라본다. 애니메이션와 음악의 요소를 결합해 이야기를 긴장감 있게 풀어낸 가상의 한국 영화.","외딴 섬을 배경으로, 가족과 멀어진 의사가 서로 다른 목적을 가진 사람들과 뜻밖의 팀을 이룬다. 이 과정에서 지역 공동체을 마주하며 자신의 삶을 다시 바라본다. 애니메이션와 음악의 요소를 결합해 이야기를 긴장감 있게 풀어낸 가상의 한국 영화. 애니메이션 음악 우정 인공지능 바다 여행"
100361,새로운 파도의 비밀 361,"서울의 오래된 골목을 배경으로, 고향으로 돌아온 요리사가 마을 사람들만 알고 있는 비밀스러운 규칙을 알게 된다. 이 과정에서 기술과 인간성을 마주하며 자신의 삶을 다시 바라본다. 코미디와 미스터리의 요소를 결합해 이야기를 따뜻한 시선으로 풀어낸 가상의 한국 영화.","[{""id"": 2, ""name"": ""코미디""}, {""id"": 5, ""name"": ""미스터리""}]","[{""id"": 124, ""name"": ""시간여행""}, {""id"": 108, ""name"": ""인공지능""}, {""id"": 102, ""name"": ""우정""}, {""id"": 115, ""name"": ""요리""}]",ko,2018-12-25,5.1,1400,24.393,78,False,False,"['코미디', '미스터리']","['시간여행', '인공지능', '우정', '요리']",코미디 미스터리,시간여행 인공지능 우정 요리,2018,"서울의 오래된 골목을 배경으로, 고향으로 돌아온 요리사가 마을 사람들만 알고 있는 비밀스러운 규칙을 알게 된다. 이 과정에서 기술과 인간성을 마주하며 자신의 삶을 다시 바라본다. 코미디와 미스터리의 요소를 결합해 이야기를 따뜻한 시선으로 풀어낸 가상의 한국 영화.","서울의 오래된 골목을 배경으로, 고향으로 돌아온 요리사가 마을 사람들만 알고 있는 비밀스러운 규칙을 알게 된다. 이 과정에서 기술과 인간성을 마주하며 자신의 삶을 다시 바라본다. 코미디와 미스터리의 요소를 결합해 이야기를 따뜻한 시선으로 풀어낸 가상의 한국 영화. 코미디 미스터리 시간여행 인공지능 우정 요리"
100362,달빛 아래 섬로 가는 길 362,"한강변을 배경으로, 택배 기사가 인공지능이 작성한 의문의 일기를 추적한다. 이 과정에서 기억과 정체성을 마주하며 자신의 삶을 다시 바라본다. 범죄와 애니메이션의 요소를 결합해 이야기를 긴장감 있게 풀어낸 가상의 한국 영화.","[{""id"": 7, ""name"": ""범죄""}, {""id"": 12, ""name"": ""애니메이션""}]","[{""id"": 108, ""name"": ""인공지능""}, {""id"": 107, ""name"": ""바다""}, {""id"": 120, ""name"": ""언론""}, {""id"": 125, ""name"": ""탐정""}]",ko,2019-02-13,6.6,1537,37.772,91,False,False,"['범죄', '애니메이션']","['인공지능', '바다', '언론', '탐정']",범죄 애니메이션,인공지능 바다 언론 탐정,2019,"한강변을 배경으로, 택배 기사가 인공지능이 작성한 의문의 일기를 추적한다. 이 과정에서 기억과 정체성을 마주하며 자신의 삶을 다시 바라본다. 범죄와 애니메이션의 요소를 결합해 이야기를 긴장감 있게 풀어낸 가상의 한국 영화.","한강변을 배경으로, 택배 기사가 인공지능이 작성한 의문의 일기를 추적한다. 이 과정에서 기억과 정체성을 마주하며 자신의 삶을 다시 바라본다. 범죄와 애니메이션의 요소를 결합해 이야기를 긴장감 있게 풀어낸 가상의 한국 영화. 범죄 애니메이션 인공지능 바다 언론 탐정"
100363,바람 속 노래과 우리 363,"대구의 오래된 극장을 배경으로, 가족과 멀어진 의사가 우연히 과거의 사건과 연결된 사진을 발견한다. 이 과정에서 우정과 신뢰을 마주하며 자신의 삶을 다시 바라본다. 애니메이션와 스릴러의 요소를 결합해 이야기를 긴장감 있게 풀어낸 가상의 한국 영화.","[{""id"": 12, ""name"": ""애니메이션""}, {""id"": 4, ""name"": ""스릴러""}]","[{""id"": 125, ""name"": ""탐정""}, {""id"": 122, ""name"": ""공동체""}, {""id"": 107, ""name"": ""바다""}, {""id"": 112, ""name"": ""사랑""}]",ko,2019-04-04,8.5,1674,35.818,104,False,False,"['애니메이션', '스릴러']","['탐정', '공동체', '바다', '사랑']",애니메이션 스릴러,탐정 공동체 바다 사랑,2019,"대구의 오래된 극장을 배경으로, 가족과 멀어진 의사가 우연히 과거의 사건과 연결된 사진을 발견한다. 이 과정에서 우정과 신뢰을 마주하며 자신의 삶을 다시 바라본다. 애니메이션와 스릴러의 요소를 결합해 이야기를 긴장감 있게 풀어낸 가상의 한국 영화.","대구의 오래된 극장을 배경으로, 가족과 멀어진 의사가 우연히 과거의 사건과 연결된 사진을 발견한다. 이 과정에서 우정과 신뢰을 마주하며 자신의 삶을 다시 바라본다. 애니메이션와 스릴러의 요소를 결합해 이야기를 긴장감 있게 풀어낸 가상의 한국 영화. 애니메이션 스릴러 탐정 공동체 바다 사랑"
100364,비 오는 날 탐정에게 364,"달 기지을 배경으로, 고향으로 돌아온 요리사가 가족이 숨겨온 오래된 약속의 의미를 알게 된다. 이 과정에서 가족의 의미을 마주하며 자신의 삶을 다시 바라본다. 코미디와 모험의 요소를 결합해 이야기를 따뜻한 시선으로 풀어낸 가상의 한국 영화.","[{""id"": 2, ""name"": ""코미디""}, {""id"": 11, ""name"": ""모험""}]","[{""id"": 105, ""name"": ""제주""}, {""id"": 118, ""name"": ""미래""}, {""id"": 121, ""name"": ""가짜뉴스""}, {""id"": 101, ""name"": ""가족""}]",ko,2019-05-24,6.4,1811,35.452,117,False,False,"['코미디', '모험']","['제주', '미래', '가짜뉴스', '가족']",코미디 모험,제주 미래 가짜뉴스 가족,2019,"달 기지을 배경으로, 고향으로 돌아온 요리사가 가족이 숨겨온 오래된 약속의 의미를 알게 된다. 이 과정에서 가족의 의미을 마주하며 자신의 삶을 다시 바라본다. 코미디와 모험의 요소를 결합해 이야기를 따뜻한 시선으로 풀어낸 가상의 한국 영화.","달 기지을 배경으로, 고향으로 돌아온 요리사가 가족이 숨겨온 오래된 약속의 의미를 알게 된다. 이 과정에서 가족의 의미을 마주하며 자신의 삶을 다시 바라본다. 코미디와 모험의 요소를 결합해 이야기를 따뜻한 시선으로 풀어낸 가상의 한국 영화. 코미디 모험 제주 미래 가짜뉴스 가족"
100365,제주의 레시피 365,"제주도의 작은 해안마을을 배경으로, 택배 기사가 폐쇄 예정인 공간을 지키기 위한 계획을 세운다. 이 과정에서 상실과 회복을 마주하며 자신의 삶을 다시 바라본다. 범죄와 로맨스의 요소를 결합해 이야기를 긴장감 있게 풀어낸 가상의 한국 영화.","[{""id"": 7, ""name"": ""범죄""}, {""id"": 3, ""name"": ""로맨스""}]","[{""id"": 106, ""name"": ""서울""}, {""id"": 121, ""name"": ""가짜뉴스""}, {""id"": 105, ""name"": ""제주""}, {""id"": 113, ""name"": ""여행""}]",ko,2018-12-08,8.1,1948,22.158,130,False,False,"['범죄', '로맨스']","['서울', '가짜뉴스', '제주', '여행']",범죄 로맨스,서울 가짜뉴스 제주 여행,2018,"제주도의 작은 해안마을을 배경으로, 택배 기사가 폐쇄 예정인 공간을 지키기 위한 계획을 세운다. 이 과정에서 상실과 회복을 마주하며 자신의 삶을 다시 바라본다. 범죄와 로맨스의 요소를 결합해 이야기를 긴장감 있게 풀어낸 가상의 한국 영화.","제주도의 작은 해안마을을 배경으로, 택배 기사가 폐쇄 예정인 공간을 지키기 위한 계획을 세운다. 이 과정에서 상실과 회복을 마주하며 자신의 삶을 다시 바라본다. 범죄와 로맨스의 요소를 결합해 이야기를 긴장감 있게 풀어낸 가상의 한국 영화. 범죄 로맨스 서울 가짜뉴스 제주 여행"
100366,서울의 눈의 끝 366,"강원도의 산골마을을 배경으로, 가족과 멀어진 의사가 수십 년 전 사라진 편지 한 통을 발견한다. 이 과정에서 도전과 성장을 마주하며 자신의 삶을 다시 바라본다. 애니메이션와 SF의 요소를 결합해 이야기를 긴장감 있게 풀어낸 가상의 한국 영화.","[{""id"": 12, ""name"": ""애니메이션""}, {""id"": 10, ""name"": ""SF""}]","[{""id"": 120, ""name"": ""언론""}, {""id"": 113, ""name"": ""여행""}, {""id"": 105, ""name"": ""제주""}, {""id"": 103, ""name"": ""기억""}]",ko,2019-01-27,6.4,2085,35.907,78,False,False,"['애니메이션', 'SF']","['언론', '여행', '제주', '기억']",애니메이션 SF,언론 여행 제주 기억,2019,"강원도의 산골마을을 배경으로, 가족과 멀어진 의사가 수십 년 전 사라진 편지 한 통을 발견한다. 이 과정에서 도전과 성장을 마주하며 자신의 삶을 다시 바라본다. 애니메이션와 SF의 요소를 결합해 이야기를 긴장감 있게 풀어낸 가상의 한국 영화.","강원도의 산골마을을 배경으로, 가족과 멀어진 의사가 수십 년 전 사라진 편지 한 통을 발견한다. 이 과정에서 도전과 성장을 마주하며 자신의 삶을 다시 바라본다. 애니메이션와 SF의 요소를 결합해 이야기를 긴장감 있게 풀어낸 가상의 한국 영화. 애니메이션 SF 언론 여행 제주 기억"
100367,부산의 골목의 선택 367,"전주의 한옥마을을 배경으로, 고향으로 돌아온 요리사가 가짜 뉴스로 인해 무너진 관계를 회복하려 한다. 이 과정에서 진실과 거짓을 마주하며 자신의 삶을 다시 바라본다. 코미디와 미스터리의 요소를 결합해 이야기를 따뜻한 시선으로 풀어낸 가상의 한국 영화.","[{""id"": 2, ""name"": ""코미디""}, {""id"": 5, ""name"": ""미스터리""}]","[{""id"": 109, ""name"": ""로봇""}, {""id"": 105, ""name"": ""제주""}, {""id"": 116, ""name"": ""학교""}, {""id"": 117, ""name"": ""범죄""}]",ko,2019-03-18,8.0,2222,27.818,91,False,False,"['코미디', '미스터리']","['로봇', '제주', '학교', '범죄']",코미디 미스터리,로봇 제주 학교 범죄,2019,"전주의 한옥마을을 배경으로, 고향으로 돌아온 요리사가 가짜 뉴스로 인해 무너진 관계를 회복하려 한다. 이 과정에서 진실과 거짓을 마주하며 자신의 삶을 다시 바라본다. 코미디와 미스터리의 요소를 결합해 이야기를 따뜻한 시선으로 풀어낸 가상의 한국 영화.","전주의 한옥마을을 배경으로, 고향으로 돌아온 요리사가 가짜 뉴스로 인해 무너진 관계를 회복하려 한다. 이 과정에서 진실과 거짓을 마주하며 자신의 삶을 다시 바라본다. 코미디와 미스터리의 요소를 결합해 이야기를 따뜻한 시선으로 풀어낸 가상의 한국 영화. 코미디 미스터리 로봇 제주 학교 범죄"
100368,한강의 마을을 기다리며 368,"가상의 미래 도시을 배경으로, 택배 기사가 정체를 알 수 없는 음성 메시지를 매일 받기 시작한다. 이 과정에서 환경과 공존을 마주하며 자신의 삶을 다시 바라본다. 범죄와 판타지의 요소를 결합해 이야기를 긴장감 있게 풀어낸 가상의 한국 영화.","[{""id"": 7, ""name"": ""범죄""}, {""id"": 9, ""name"": ""판타지""}]","[{""id"": 123, ""name"": ""역사""}, {""id"": 102, ""name"": ""우정""}, {""id"": 115, ""name"": ""요리""}, {""id"": 118, ""name"": ""미래""}]",ko,2019-05-07,6.1,2359,26.337,104,False,False,"['범죄', '판타지']","['역사', '우정', '요리', '미래']",범죄 판타지,역사 우정 요리 미래,2019,"가상의 미래 도시을 배경으로, 택배 기사가 정체를 알 수 없는 음성 메시지를 매일 받기 시작한다. 이 과정에서 환경과 공존을 마주하며 자신의 삶을 다시 바라본다. 범죄와 판타지의 요소를 결합해 이야기를 긴장감 있게 풀어낸 가상의 한국 영화.","가상의 미래 도시을 배경으로, 택배 기사가 정체를 알 수 없는 음성 메시지를 매일 받기 시작한다. 이 과정에서 환경과 공존을 마주하며 자신의 삶을 다시 바라본다. 범죄와 판타지의 요소를 결합해 이야기를 긴장감 있게 풀어낸 가상의 한국 영화. 범죄 판타지 역사 우정 요리 미래"
100369,새벽의 열차의 계절 369,"국경 근처의 작은 역을 배경으로, 가족과 멀어진 의사가 도시 전체의 전력이 사라진 밤에 중요한 선택을 한다. 이 과정에서 세대 간 갈등을 마주하며 자신의 삶을 다시 바라본다. 애니메이션와 드라마의 요소를 결합해 이야기를 긴장감 있게 풀어낸 가상의 한국 영화.","[{""id"": 12, ""name"": ""애니메이션""}, {""id"": 1, ""name"": ""드라마""}]","[{""id"": 105, ""name"": ""제주""}, {""id"": 108, ""name"": ""인공지능""}, {""id"": 103, ""name"": ""기억""}, {""id"": 110, ""name"": ""추적""}]",ko,2019-06-26,7.9,2496,27.341,117,False,False,"['애니메이션', '드라마']","['제주', '인공지능', '기억', '추적']",애니메이션 드라마,제주 인공지능 기억 추적,2019,"국경 근처의 작은 역을 배경으로, 가족과 멀어진 의사가 도시 전체의 전력이 사라진 밤에 중요한 선택을 한다. 이 과정에서 세대 간 갈등을 마주하며 자신의 삶을 다시 바라본다. 애니메이션와 드라마의 요소를 결합해 이야기를 긴장감 있게 풀어낸 가상의 한국 영화.","국경 근처의 작은 역을 배경으로, 가족과 멀어진 의사가 도시 전체의 전력이 사라진 밤에 중요한 선택을 한다. 이 과정에서 세대 간 갈등을 마주하며 자신의 삶을 다시 바라본다. 애니메이션와 드라마의 요소를 결합해 이야기를 긴장감 있게 풀어낸 가상의 한국 영화. 애니메이션 드라마 제주 인공지능 기억 추적"
100370,겨울의 우주선의 기록 370,"부산항 인근을 배경으로, 고향으로 돌아온 요리사가 하루가 반복되는 이상한 현상을 겪는다. 이 과정에서 사랑과 이별을 마주하며 자신의 삶을 다시 바라본다. 코미디와 가족의 요소를 결합해 이야기를 따뜻한 시선으로 풀어낸 가상의 한국 영화.","[{""id"": 2, ""name"": ""코미디""}, {""id"": 8, ""name"": ""가족""}]","[{""id"": 115, ""name"": ""요리""}, {""id"": 106, ""name"": ""서울""}, {""id"": 118, ""name"": ""미래""}, {""id"": 120, ""name"": ""언론""}]",ko,2019-08-15,6.0,2633,22.335,130,False,False,"['코미디', '가족']","['요리', '서울', '미래', '언론']",코미디 가족,요리 서울 미래 언론,2019,"부산항 인근을 배경으로, 고향으로 돌아온 요리사가 하루가 반복되는 이상한 현상을 겪는다. 이 과정에서 사랑과 이별을 마주하며 자신의 삶을 다시 바라본다. 코미디와 가족의 요소를 결합해 이야기를 따뜻한 시선으로 풀어낸 가상의 한국 영화.","부산항 인근을 배경으로, 고향으로 돌아온 요리사가 하루가 반복되는 이상한 현상을 겪는다. 이 과정에서 사랑과 이별을 마주하며 자신의 삶을 다시 바라본다. 코미디와 가족의 요소를 결합해 이야기를 따뜻한 시선으로 풀어낸 가상의 한국 영화. 코미디 가족 요리 서울 미래 언론"
100371,여름의 전화의 하루 371,"인천의 낡은 공단을 배경으로, 택배 기사가 실종 사건의 단서가 된 노래를 해석하기 시작한다. 이 과정에서 선택과 책임을 마주하며 자신의 삶을 다시 바라본다. 범죄와 다큐멘터리의 요소를 결합해 이야기를 긴장감 있게 풀어낸 가상의 한국 영화.","[{""id"": 7, ""name"": ""범죄""}, {""id"": 15, ""name"": ""다큐멘터리""}]","[{""id"": 109, ""name"": ""로봇""}, {""id"": 116, ""name"": ""학교""}, {""id"": 125, ""name"": ""탐정""}, {""id"": 121, ""name"": ""가짜뉴스""}]",ko,2019-10-04,7.6,2770,29.103,78,False,False,"['범죄', '다큐멘터리']","['로봇', '학교', '탐정', '가짜뉴스']",범죄 다큐멘터리,로봇 학교 탐정 가짜뉴스,2019,"인천의 낡은 공단을 배경으로, 택배 기사가 실종 사건의 단서가 된 노래를 해석하기 시작한다. 이 과정에서 선택과 책임을 마주하며 자신의 삶을 다시 바라본다. 범죄와 다큐멘터리의 요소를 결합해 이야기를 긴장감 있게 풀어낸 가상의 한국 영화.","인천의 낡은 공단을 배경으로, 택배 기사가 실종 사건의 단서가 된 노래를 해석하기 시작한다. 이 과정에서 선택과 책임을 마주하며 자신의 삶을 다시 바라본다. 범죄와 다큐멘터리의 요소를 결합해 이야기를 긴장감 있게 풀어낸 가상의 한국 영화. 범죄 다큐멘터리 로봇 학교 탐정 가짜뉴스"
100372,봄날의 편지에서 만난 사람 372,"광주의 대학가을 배경으로, 가족과 멀어진 의사가 서로 다른 목적을 가진 사람들과 뜻밖의 팀을 이룬다. 이 과정에서 지역 공동체을 마주하며 자신의 삶을 다시 바라본다. 애니메이션와 범죄의 요소를 결합해 이야기를 긴장감 있게 풀어낸 가상의 한국 영화.","[{""id"": 12, ""name"": ""애니메이션""}, {""id"": 7, ""name"": ""범죄""}]","[{""id"": 110, ""name"": ""추적""}, {""id"": 103, ""name"": ""기억""}, {""id"": 123, ""name"": ""역사""}, {""id"": 121, ""name"": ""가짜뉴스""}]",ko,2019-04-20,5.8,2907,27.615,91,False,False,"['애니메이션', '범죄']","['추적', '기억', '역사', '가짜뉴스']",애니메이션 범죄,추적 기억 역사 가짜뉴스,2019,"광주의 대학가을 배경으로, 가족과 멀어진 의사가 서로 다른 목적을 가진 사람들과 뜻밖의 팀을 이룬다. 이 과정에서 지역 공동체을 마주하며 자신의 삶을 다시 바라본다. 애니메이션와 범죄의 요소를 결합해 이야기를 긴장감 있게 풀어낸 가상의 한국 영화.","광주의 대학가을 배경으로, 가족과 멀어진 의사가 서로 다른 목적을 가진 사람들과 뜻밖의 팀을 이룬다. 이 과정에서 지역 공동체을 마주하며 자신의 삶을 다시 바라본다. 애니메이션와 범죄의 요소를 결합해 이야기를 긴장감 있게 풀어낸 가상의 한국 영화. 애니메이션 범죄 추적 기억 역사 가짜뉴스"
100373,가을의 시장의 밤 373,"외딴 섬을 배경으로, 고향으로 돌아온 요리사가 마을 사람들만 알고 있는 비밀스러운 규칙을 알게 된다. 이 과정에서 기술과 인간성을 마주하며 자신의 삶을 다시 바라본다. 코미디와 역사의 요소를 결합해 이야기를 따뜻한 시선으로 풀어낸 가상의 한국 영화.","[{""id"": 2, ""name"": ""코미디""}, {""id"": 14, ""name"": ""역사""}]","[{""id"": 104, ""name"": ""미스터리""}, {""id"": 107, ""name"": ""바다""}, {""id"": 117, ""name"": ""범죄""}, {""id"": 113, ""name"": ""여행""}]",ko,2019-06-09,7.5,3044,26.311,104,False,False,"['코미디', '역사']","['미스터리', '바다', '범죄', '여행']",코미디 역사,미스터리 바다 범죄 여행,2019,"외딴 섬을 배경으로, 고향으로 돌아온 요리사가 마을 사람들만 알고 있는 비밀스러운 규칙을 알게 된다. 이 과정에서 기술과 인간성을 마주하며 자신의 삶을 다시 바라본다. 코미디와 역사의 요소를 결합해 이야기를 따뜻한 시선으로 풀어낸 가상의 한국 영화.","외딴 섬을 배경으로, 고향으로 돌아온 요리사가 마을 사람들만 알고 있는 비밀스러운 규칙을 알게 된다. 이 과정에서 기술과 인간성을 마주하며 자신의 삶을 다시 바라본다. 코미디와 역사의 요소를 결합해 이야기를 따뜻한 시선으로 풀어낸 가상의 한국 영화. 코미디 역사 미스터리 바다 범죄 여행"
100374,푸른 달의 온도 374,"서울의 오래된 골목을 배경으로, 택배 기사가 인공지능이 작성한 의문의 일기를 추적한다. 이 과정에서 기억과 정체성을 마주하며 자신의 삶을 다시 바라본다. 범죄와 액션의 요소를 결합해 이야기를 긴장감 있게 풀어낸 가상의 한국 영화.","[{""id"": 7, ""name"": ""범죄""}, {""id"": 6, ""name"": ""액션""}]","[{""id"": 114, ""name"": ""음악""}, {""id"": 101, ""name"": ""가족""}, {""id"": 102, ""name"": ""우정""}, {""id"": 105, ""name"": ""제주""}]",ko,2019-07-29,5.6,3181,23.728,117,False,False,"['범죄', '액션']","['음악', '가족', '우정', '제주']",범죄 액션,음악 가족 우정 제주,2019,"서울의 오래된 골목을 배경으로, 택배 기사가 인공지능이 작성한 의문의 일기를 추적한다. 이 과정에서 기억과 정체성을 마주하며 자신의 삶을 다시 바라본다. 범죄와 액션의 요소를 결합해 이야기를 긴장감 있게 풀어낸 가상의 한국 영화.","서울의 오래된 골목을 배경으로, 택배 기사가 인공지능이 작성한 의문의 일기를 추적한다. 이 과정에서 기억과 정체성을 마주하며 자신의 삶을 다시 바라본다. 범죄와 액션의 요소를 결합해 이야기를 긴장감 있게 풀어낸 가상의 한국 영화. 범죄 액션 음악 가족 우정 제주"
100375,붉은 호텔 너머 375,"한강변을 배경으로, 가족과 멀어진 의사가 우연히 과거의 사건과 연결된 사진을 발견한다. 이 과정에서 우정과 신뢰을 마주하며 자신의 삶을 다시 바라본다. 애니메이션와 음악의 요소를 결합해 이야기를 긴장감 있게 풀어낸 가상의 한국 영화.","[{""id"": 12, ""name"": ""애니메이션""}, {""id"": 13, ""name"": ""음악""}]","[{""id"": 121, ""name"": ""가짜뉴스""}, {""id"": 122, ""name"": ""공동체""}, {""id"": 118, ""name"": ""미래""}, {""id"": 113, ""name"": ""여행""}]",ko,2019-09-17,7.2,3318,27.544,130,False,False,"['애니메이션', '음악']","['가짜뉴스', '공동체', '미래', '여행']",애니메이션 음악,가짜뉴스 공동체 미래 여행,2019,"한강변을 배경으로, 가족과 멀어진 의사가 우연히 과거의 사건과 연결된 사진을 발견한다. 이 과정에서 우정과 신뢰을 마주하며 자신의 삶을 다시 바라본다. 애니메이션와 음악의 요소를 결합해 이야기를 긴장감 있게 풀어낸 가상의 한국 영화.","한강변을 배경으로, 가족과 멀어진 의사가 우연히 과거의 사건과 연결된 사진을 발견한다. 이 과정에서 우정과 신뢰을 마주하며 자신의 삶을 다시 바라본다. 애니메이션와 음악의 요소를 결합해 이야기를 긴장감 있게 풀어낸 가상의 한국 영화. 애니메이션 음악 가짜뉴스 공동체 미래 여행"
100376,검은 거울의 비밀 376,"대구의 오래된 극장을 배경으로, 고향으로 돌아온 요리사가 가족이 숨겨온 오래된 약속의 의미를 알게 된다. 이 과정에서 가족의 의미을 마주하며 자신의 삶을 다시 바라본다. 코미디와 미스터리의 요소를 결합해 이야기를 따뜻한 시선으로 풀어낸 가상의 한국 영화.","[{""id"": 2, ""name"": ""코미디""}, {""id"": 5, ""name"": ""미스터리""}]","[{""id"": 104, ""name"": ""미스터리""}, {""id"": 123, ""name"": ""역사""}, {""id"": 110, ""name"": ""추적""}, {""id"": 121, ""name"": ""가짜뉴스""}]",ko,2019-11-06,5.4,3455,34.865,78,False,False,"['코미디', '미스터리']","['미스터리', '역사', '추적', '가짜뉴스']",코미디 미스터리,미스터리 역사 추적 가짜뉴스,2019,"대구의 오래된 극장을 배경으로, 고향으로 돌아온 요리사가 가족이 숨겨온 오래된 약속의 의미를 알게 된다. 이 과정에서 가족의 의미을 마주하며 자신의 삶을 다시 바라본다. 코미디와 미스터리의 요소를 결합해 이야기를 따뜻한 시선으로 풀어낸 가상의 한국 영화.","대구의 오래된 극장을 배경으로, 고향으로 돌아온 요리사가 가족이 숨겨온 오래된 약속의 의미를 알게 된다. 이 과정에서 가족의 의미을 마주하며 자신의 삶을 다시 바라본다. 코미디와 미스터리의 요소를 결합해 이야기를 따뜻한 시선으로 풀어낸 가상의 한국 영화. 코미디 미스터리 미스터리 역사 추적 가짜뉴스"
100377,하얀 등대로 가는 길 377,"달 기지을 배경으로, 택배 기사가 폐쇄 예정인 공간을 지키기 위한 계획을 세운다. 이 과정에서 상실과 회복을 마주하며 자신의 삶을 다시 바라본다. 범죄와 애니메이션의 요소를 결합해 이야기를 긴장감 있게 풀어낸 가상의 한국 영화.","[{""id"": 7, ""name"": ""범죄""}, {""id"": 12, ""name"": ""애니메이션""}]","[{""id"": 120, ""name"": ""언론""}, {""id"": 113, ""name"": ""여행""}, {""id"": 102, ""name"": ""우정""}, {""id"": 121, ""name"": ""가짜뉴스""}]",ko,2019-12-26,6.9,3592,37.916,91,False,False,"['범죄', '애니메이션']","['언론', '여행', '우정', '가짜뉴스']",범죄 애니메이션,언론 여행 우정 가짜뉴스,2019,"달 기지을 배경으로, 택배 기사가 폐쇄 예정인 공간을 지키기 위한 계획을 세운다. 이 과정에서 상실과 회복을 마주하며 자신의 삶을 다시 바라본다. 범죄와 애니메이션의 요소를 결합해 이야기를 긴장감 있게 풀어낸 가상의 한국 영화.","달 기지을 배경으로, 택배 기사가 폐쇄 예정인 공간을 지키기 위한 계획을 세운다. 이 과정에서 상실과 회복을 마주하며 자신의 삶을 다시 바라본다. 범죄와 애니메이션의 요소를 결합해 이야기를 긴장감 있게 풀어낸 가상의 한국 영화. 범죄 애니메이션 언론 여행 우정 가짜뉴스"
100378,마지막 기억과 우리 378,"제주도의 작은 해안마을을 배경으로, 가족과 멀어진 의사가 수십 년 전 사라진 편지 한 통을 발견한다. 이 과정에서 도전과 성장을 마주하며 자신의 삶을 다시 바라본다. 애니메이션와 스릴러의 요소를 결합해 이야기를 긴장감 있게 풀어낸 가상의 한국 영화.","[{""id"": 12, ""name"": ""애니메이션""}, {""id"": 4, ""name"": ""스릴러""}]","[{""id"": 110, ""name"": ""추적""}, {""id"": 122, ""name"": ""공동체""}, {""id"": 105, ""name"": ""제주""}, {""id"": 115, ""name"": ""요리""}]",ko,2020-02-14,5.1,3729,35.295,104,False,False,"['애니메이션', '스릴러']","['추적', '공동체', '제주', '요리']",애니메이션 스릴러,추적 공동체 제주 요리,2020,"제주도의 작은 해안마을을 배경으로, 가족과 멀어진 의사가 수십 년 전 사라진 편지 한 통을 발견한다. 이 과정에서 도전과 성장을 마주하며 자신의 삶을 다시 바라본다. 애니메이션와 스릴러의 요소를 결합해 이야기를 긴장감 있게 풀어낸 가상의 한국 영화.","제주도의 작은 해안마을을 배경으로, 가족과 멀어진 의사가 수십 년 전 사라진 편지 한 통을 발견한다. 이 과정에서 도전과 성장을 마주하며 자신의 삶을 다시 바라본다. 애니메이션와 스릴러의 요소를 결합해 이야기를 긴장감 있게 풀어낸 가상의 한국 영화. 애니메이션 스릴러 추적 공동체 제주 요리"
100379,첫 번째 정원에게 379,"강원도의 산골마을을 배경으로, 고향으로 돌아온 요리사가 가짜 뉴스로 인해 무너진 관계를 회복하려 한다. 이 과정에서 진실과 거짓을 마주하며 자신의 삶을 다시 바라본다. 코미디와 모험의 요소를 결합해 이야기를 따뜻한 시선으로 풀어낸 가상의 한국 영화.","[{""id"": 2, ""name"": ""코미디""}, {""id"": 11, ""name"": ""모험""}]","[{""id"": 124, ""name"": ""시간여행""}, {""id"": 117, ""name"": ""범죄""}, {""id"": 113, ""name"": ""여행""}, {""id"": 120, ""name"": ""언론""}]",ko,2019-08-31,6.7,3866,23.019,117,False,False,"['코미디', '모험']","['시간여행', '범죄', '여행', '언론']",코미디 모험,시간여행 범죄 여행 언론,2019,"강원도의 산골마을을 배경으로, 고향으로 돌아온 요리사가 가짜 뉴스로 인해 무너진 관계를 회복하려 한다. 이 과정에서 진실과 거짓을 마주하며 자신의 삶을 다시 바라본다. 코미디와 모험의 요소를 결합해 이야기를 따뜻한 시선으로 풀어낸 가상의 한국 영화.","강원도의 산골마을을 배경으로, 고향으로 돌아온 요리사가 가짜 뉴스로 인해 무너진 관계를 회복하려 한다. 이 과정에서 진실과 거짓을 마주하며 자신의 삶을 다시 바라본다. 코미디와 모험의 요소를 결합해 이야기를 따뜻한 시선으로 풀어낸 가상의 한국 영화. 코미디 모험 시간여행 범죄 여행 언론"
100380,낯선 그림자 380,"전주의 한옥마을을 배경으로, 택배 기사가 정체를 알 수 없는 음성 메시지를 매일 받기 시작한다. 이 과정에서 환경과 공존을 마주하며 자신의 삶을 다시 바라본다. 범죄와 로맨스의 요소를 결합해 이야기를 긴장감 있게 풀어낸 가상의 한국 영화.","[{""id"": 7, ""name"": ""범죄""}, {""id"": 3, ""name"": ""로맨스""}]","[{""id"": 107, ""name"": ""바다""}, {""id"": 102, ""name"": ""우정""}, {""id"": 105, ""name"": ""제주""}, {""id"": 109, ""name"": ""로봇""}]",ko,2019-10-20,8.6,4003,38.363,130,False,False,"['범죄', '로맨스']","['바다', '우정', '제주', '로봇']",범죄 로맨스,바다 우정 제주 로봇,2019,"전주의 한옥마을을 배경으로, 택배 기사가 정체를 알 수 없는 음성 메시지를 매일 받기 시작한다. 이 과정에서 환경과 공존을 마주하며 자신의 삶을 다시 바라본다. 범죄와 로맨스의 요소를 결합해 이야기를 긴장감 있게 풀어낸 가상의 한국 영화.","전주의 한옥마을을 배경으로, 택배 기사가 정체를 알 수 없는 음성 메시지를 매일 받기 시작한다. 이 과정에서 환경과 공존을 마주하며 자신의 삶을 다시 바라본다. 범죄와 로맨스의 요소를 결합해 이야기를 긴장감 있게 풀어낸 가상의 한국 영화. 범죄 로맨스 바다 우정 제주 로봇"
100381,잊힌 연구소의 끝 381,"가상의 미래 도시을 배경으로, 가족과 멀어진 의사가 도시 전체의 전력이 사라진 밤에 중요한 선택을 한다. 이 과정에서 세대 간 갈등을 마주하며 자신의 삶을 다시 바라본다. 애니메이션와 SF의 요소를 결합해 이야기를 긴장감 있게 풀어낸 가상의 한국 영화.","[{""id"": 12, ""name"": ""애니메이션""}, {""id"": 10, ""name"": ""SF""}]","[{""id"": 120, ""name"": ""언론""}, {""id"": 110, ""name"": ""추적""}, {""id"": 112, ""name"": ""사랑""}, {""id"": 119, ""name"": ""환경""}]",ko,2019-12-09,6.7,4140,36.348,78,False,False,"['애니메이션', 'SF']","['언론', '추적', '사랑', '환경']",애니메이션 SF,언론 추적 사랑 환경,2019,"가상의 미래 도시을 배경으로, 가족과 멀어진 의사가 도시 전체의 전력이 사라진 밤에 중요한 선택을 한다. 이 과정에서 세대 간 갈등을 마주하며 자신의 삶을 다시 바라본다. 애니메이션와 SF의 요소를 결합해 이야기를 긴장감 있게 풀어낸 가상의 한국 영화.","가상의 미래 도시을 배경으로, 가족과 멀어진 의사가 도시 전체의 전력이 사라진 밤에 중요한 선택을 한다. 이 과정에서 세대 간 갈등을 마주하며 자신의 삶을 다시 바라본다. 애니메이션와 SF의 요소를 결합해 이야기를 긴장감 있게 풀어낸 가상의 한국 영화. 애니메이션 SF 언론 추적 사랑 환경"
100382,비밀의 지도의 선택 382,"국경 근처의 작은 역을 배경으로, 고향으로 돌아온 요리사가 하루가 반복되는 이상한 현상을 겪는다. 이 과정에서 사랑과 이별을 마주하며 자신의 삶을 다시 바라본다. 코미디와 미스터리의 요소를 결합해 이야기를 따뜻한 시선으로 풀어낸 가상의 한국 영화.","[{""id"": 2, ""name"": ""코미디""}, {""id"": 5, ""name"": ""미스터리""}]","[{""id"": 124, ""name"": ""시간여행""}, {""id"": 118, ""name"": ""미래""}, {""id"": 102, ""name"": ""우정""}, {""id"": 123, ""name"": ""역사""}]",ko,2020-01-28,8.2,4277,35.096,91,False,False,"['코미디', '미스터리']","['시간여행', '미래', '우정', '역사']",코미디 미스터리,시간여행 미래 우정 역사,2020,"국경 근처의 작은 역을 배경으로, 고향으로 돌아온 요리사가 하루가 반복되는 이상한 현상을 겪는다. 이 과정에서 사랑과 이별을 마주하며 자신의 삶을 다시 바라본다. 코미디와 미스터리의 요소를 결합해 이야기를 따뜻한 시선으로 풀어낸 가상의 한국 영화.","국경 근처의 작은 역을 배경으로, 고향으로 돌아온 요리사가 하루가 반복되는 이상한 현상을 겪는다. 이 과정에서 사랑과 이별을 마주하며 자신의 삶을 다시 바라본다. 코미디와 미스터리의 요소를 결합해 이야기를 따뜻한 시선으로 풀어낸 가상의 한국 영화. 코미디 미스터리 시간여행 미래 우정 역사"
100383,고요한 강을 기다리며 383,"부산항 인근을 배경으로, 택배 기사가 실종 사건의 단서가 된 노래를 해석하기 시작한다. 이 과정에서 선택과 책임을 마주하며 자신의 삶을 다시 바라본다. 범죄와 판타지의 요소를 결합해 이야기를 긴장감 있게 풀어낸 가상의 한국 영화.","[{""id"": 7, ""name"": ""범죄""}, {""id"": 9, ""name"": ""판타지""}]","[{""id"": 125, ""name"": ""탐정""}, {""id"": 121, ""name"": ""가짜뉴스""}, {""id"": 119, ""name"": ""환경""}, {""id"": 112, ""name"": ""사랑""}]",ko,2020-03-18,6.3,4414,32.946,104,False,False,"['범죄', '판타지']","['탐정', '가짜뉴스', '환경', '사랑']",범죄 판타지,탐정 가짜뉴스 환경 사랑,2020,"부산항 인근을 배경으로, 택배 기사가 실종 사건의 단서가 된 노래를 해석하기 시작한다. 이 과정에서 선택과 책임을 마주하며 자신의 삶을 다시 바라본다. 범죄와 판타지의 요소를 결합해 이야기를 긴장감 있게 풀어낸 가상의 한국 영화.","부산항 인근을 배경으로, 택배 기사가 실종 사건의 단서가 된 노래를 해석하기 시작한다. 이 과정에서 선택과 책임을 마주하며 자신의 삶을 다시 바라본다. 범죄와 판타지의 요소를 결합해 이야기를 긴장감 있게 풀어낸 가상의 한국 영화. 범죄 판타지 탐정 가짜뉴스 환경 사랑"
100384,빛나는 정거장의 계절 384,"인천의 낡은 공단을 배경으로, 가족과 멀어진 의사가 서로 다른 목적을 가진 사람들과 뜻밖의 팀을 이룬다. 이 과정에서 지역 공동체을 마주하며 자신의 삶을 다시 바라본다. 애니메이션와 드라마의 요소를 결합해 이야기를 긴장감 있게 풀어낸 가상의 한국 영화.","[{""id"": 12, ""name"": ""애니메이션""}, {""id"": 1, ""name"": ""드라마""}]","[{""id"": 111, ""name"": ""성장""}, {""id"": 106, ""name"": ""서울""}, {""id"": 101, ""name"": ""가족""}, {""id"": 114, ""name"": ""음악""}]",ko,2020-05-07,8.1,4551,32.754,117,False,False,"['애니메이션', '드라마']","['성장', '서울', '가족', '음악']",애니메이션 드라마,성장 서울 가족 음악,2020,"인천의 낡은 공단을 배경으로, 가족과 멀어진 의사가 서로 다른 목적을 가진 사람들과 뜻밖의 팀을 이룬다. 이 과정에서 지역 공동체을 마주하며 자신의 삶을 다시 바라본다. 애니메이션와 드라마의 요소를 결합해 이야기를 긴장감 있게 풀어낸 가상의 한국 영화.","인천의 낡은 공단을 배경으로, 가족과 멀어진 의사가 서로 다른 목적을 가진 사람들과 뜻밖의 팀을 이룬다. 이 과정에서 지역 공동체을 마주하며 자신의 삶을 다시 바라본다. 애니메이션와 드라마의 요소를 결합해 이야기를 긴장감 있게 풀어낸 가상의 한국 영화. 애니메이션 드라마 성장 서울 가족 음악"
100385,흐린 숲의 기록 385,"광주의 대학가을 배경으로, 고향으로 돌아온 요리사가 마을 사람들만 알고 있는 비밀스러운 규칙을 알게 된다. 이 과정에서 기술과 인간성을 마주하며 자신의 삶을 다시 바라본다. 코미디와 가족의 요소를 결합해 이야기를 따뜻한 시선으로 풀어낸 가상의 한국 영화.","[{""id"": 2, ""name"": ""코미디""}, {""id"": 8, ""name"": ""가족""}]","[{""id"": 125, ""name"": ""탐정""}, {""id"": 110, ""name"": ""추적""}, {""id"": 123, ""name"": ""역사""}, {""id"": 101, ""name"": ""가족""}]",ko,2020-06-26,6.3,4688,25.207,130,False,False,"['코미디', '가족']","['탐정', '추적', '역사', '가족']",코미디 가족,탐정 추적 역사 가족,2020,"광주의 대학가을 배경으로, 고향으로 돌아온 요리사가 마을 사람들만 알고 있는 비밀스러운 규칙을 알게 된다. 이 과정에서 기술과 인간성을 마주하며 자신의 삶을 다시 바라본다. 코미디와 가족의 요소를 결합해 이야기를 따뜻한 시선으로 풀어낸 가상의 한국 영화.","광주의 대학가을 배경으로, 고향으로 돌아온 요리사가 마을 사람들만 알고 있는 비밀스러운 규칙을 알게 된다. 이 과정에서 기술과 인간성을 마주하며 자신의 삶을 다시 바라본다. 코미디와 가족의 요소를 결합해 이야기를 따뜻한 시선으로 풀어낸 가상의 한국 영화. 코미디 가족 탐정 추적 역사 가족"
100386,먼 사진의 하루 386,"외딴 섬을 배경으로, 택배 기사가 인공지능이 작성한 의문의 일기를 추적한다. 이 과정에서 기억과 정체성을 마주하며 자신의 삶을 다시 바라본다. 범죄와 다큐멘터리의 요소를 결합해 이야기를 긴장감 있게 풀어낸 가상의 한국 영화.","[{""id"": 7, ""name"": ""범죄""}, {""id"": 15, ""name"": ""다큐멘터리""}]","[{""id"": 123, ""name"": ""역사""}, {""id"": 125, ""name"": ""탐정""}, {""id"": 113, ""name"": ""여행""}, {""id"": 106, ""name"": ""서울""}]",ko,2020-01-11,8.0,4825,23.808,78,False,False,"['범죄', '다큐멘터리']","['역사', '탐정', '여행', '서울']",범죄 다큐멘터리,역사 탐정 여행 서울,2020,"외딴 섬을 배경으로, 택배 기사가 인공지능이 작성한 의문의 일기를 추적한다. 이 과정에서 기억과 정체성을 마주하며 자신의 삶을 다시 바라본다. 범죄와 다큐멘터리의 요소를 결합해 이야기를 긴장감 있게 풀어낸 가상의 한국 영화.","외딴 섬을 배경으로, 택배 기사가 인공지능이 작성한 의문의 일기를 추적한다. 이 과정에서 기억과 정체성을 마주하며 자신의 삶을 다시 바라본다. 범죄와 다큐멘터리의 요소를 결합해 이야기를 긴장감 있게 풀어낸 가상의 한국 영화. 범죄 다큐멘터리 역사 탐정 여행 서울"
100387,작은 로봇에서 만난 사람 387,"서울의 오래된 골목을 배경으로, 가족과 멀어진 의사가 우연히 과거의 사건과 연결된 사진을 발견한다. 이 과정에서 우정과 신뢰을 마주하며 자신의 삶을 다시 바라본다. 애니메이션와 범죄의 요소를 결합해 이야기를 긴장감 있게 풀어낸 가상의 한국 영화.","[{""id"": 12, ""name"": ""애니메이션""}, {""id"": 7, ""name"": ""범죄""}]","[{""id"": 109, ""name"": ""로봇""}, {""id"": 119, ""name"": ""환경""}, {""id"": 105, ""name"": ""제주""}, {""id"": 121, ""name"": ""가짜뉴스""}]",ko,2020-03-01,6.0,4962,30.718,91,False,False,"['애니메이션', '범죄']","['로봇', '환경', '제주', '가짜뉴스']",애니메이션 범죄,로봇 환경 제주 가짜뉴스,2020,"서울의 오래된 골목을 배경으로, 가족과 멀어진 의사가 우연히 과거의 사건과 연결된 사진을 발견한다. 이 과정에서 우정과 신뢰을 마주하며 자신의 삶을 다시 바라본다. 애니메이션와 범죄의 요소를 결합해 이야기를 긴장감 있게 풀어낸 가상의 한국 영화.","서울의 오래된 골목을 배경으로, 가족과 멀어진 의사가 우연히 과거의 사건과 연결된 사진을 발견한다. 이 과정에서 우정과 신뢰을 마주하며 자신의 삶을 다시 바라본다. 애니메이션와 범죄의 요소를 결합해 이야기를 긴장감 있게 풀어낸 가상의 한국 영화. 애니메이션 범죄 로봇 환경 제주 가짜뉴스"
100388,오래된 신호의 밤 388,"한강변을 배경으로, 고향으로 돌아온 요리사가 가족이 숨겨온 오래된 약속의 의미를 알게 된다. 이 과정에서 가족의 의미을 마주하며 자신의 삶을 다시 바라본다. 코미디와 역사의 요소를 결합해 이야기를 따뜻한 시선으로 풀어낸 가상의 한국 영화.","[{""id"": 2, ""name"": ""코미디""}, {""id"": 14, ""name"": ""역사""}]","[{""id"": 115, ""name"": ""요리""}, {""id"": 114, ""name"": ""음악""}, {""id"": 124, ""name"": ""시간여행""}, {""id"": 101, ""name"": ""가족""}]",ko,2020-04-20,7.8,5099,29.383,104,False,False,"['코미디', '역사']","['요리', '음악', '시간여행', '가족']",코미디 역사,요리 음악 시간여행 가족,2020,"한강변을 배경으로, 고향으로 돌아온 요리사가 가족이 숨겨온 오래된 약속의 의미를 알게 된다. 이 과정에서 가족의 의미을 마주하며 자신의 삶을 다시 바라본다. 코미디와 역사의 요소를 결합해 이야기를 따뜻한 시선으로 풀어낸 가상의 한국 영화.","한강변을 배경으로, 고향으로 돌아온 요리사가 가족이 숨겨온 오래된 약속의 의미를 알게 된다. 이 과정에서 가족의 의미을 마주하며 자신의 삶을 다시 바라본다. 코미디와 역사의 요소를 결합해 이야기를 따뜻한 시선으로 풀어낸 가상의 한국 영화. 코미디 역사 요리 음악 시간여행 가족"
100389,새로운 불꽃의 온도 389,"대구의 오래된 극장을 배경으로, 택배 기사가 폐쇄 예정인 공간을 지키기 위한 계획을 세운다. 이 과정에서 상실과 회복을 마주하며 자신의 삶을 다시 바라본다. 범죄와 액션의 요소를 결합해 이야기를 긴장감 있게 풀어낸 가상의 한국 영화.","[{""id"": 7, ""name"": ""범죄""}, {""id"": 6, ""name"": ""액션""}]","[{""id"": 123, ""name"": ""역사""}, {""id"": 103, ""name"": ""기억""}, {""id"": 114, ""name"": ""음악""}, {""id"": 115, ""name"": ""요리""}]",ko,2020-06-09,5.9,5236,34.618,117,False,False,"['범죄', '액션']","['역사', '기억', '음악', '요리']",범죄 액션,역사 기억 음악 요리,2020,"대구의 오래된 극장을 배경으로, 택배 기사가 폐쇄 예정인 공간을 지키기 위한 계획을 세운다. 이 과정에서 상실과 회복을 마주하며 자신의 삶을 다시 바라본다. 범죄와 액션의 요소를 결합해 이야기를 긴장감 있게 풀어낸 가상의 한국 영화.","대구의 오래된 극장을 배경으로, 택배 기사가 폐쇄 예정인 공간을 지키기 위한 계획을 세운다. 이 과정에서 상실과 회복을 마주하며 자신의 삶을 다시 바라본다. 범죄와 액션의 요소를 결합해 이야기를 긴장감 있게 풀어낸 가상의 한국 영화. 범죄 액션 역사 기억 음악 요리"
100390,달빛 아래 도서관 너머 390,"달 기지을 배경으로, 가족과 멀어진 의사가 수십 년 전 사라진 편지 한 통을 발견한다. 이 과정에서 도전과 성장을 마주하며 자신의 삶을 다시 바라본다. 애니메이션와 음악의 요소를 결합해 이야기를 긴장감 있게 풀어낸 가상의 한국 영화.","[{""id"": 12, ""name"": ""애니메이션""}, {""id"": 13, ""name"": ""음악""}]","[{""id"": 118, ""name"": ""미래""}, {""id"": 115, ""name"": ""요리""}, {""id"": 103, ""name"": ""기억""}, {""id"": 119, ""name"": ""환경""}]",ko,2020-07-29,7.6,5373,33.802,130,False,False,"['애니메이션', '음악']","['미래', '요리', '기억', '환경']",애니메이션 음악,미래 요리 기억 환경,2020,"달 기지을 배경으로, 가족과 멀어진 의사가 수십 년 전 사라진 편지 한 통을 발견한다. 이 과정에서 도전과 성장을 마주하며 자신의 삶을 다시 바라본다. 애니메이션와 음악의 요소를 결합해 이야기를 긴장감 있게 풀어낸 가상의 한국 영화.","달 기지을 배경으로, 가족과 멀어진 의사가 수십 년 전 사라진 편지 한 통을 발견한다. 이 과정에서 도전과 성장을 마주하며 자신의 삶을 다시 바라본다. 애니메이션와 음악의 요소를 결합해 이야기를 긴장감 있게 풀어낸 가상의 한국 영화. 애니메이션 음악 미래 요리 기억 환경"
100391,바람 속 별의 비밀 391,"제주도의 작은 해안마을을 배경으로, 고향으로 돌아온 요리사가 가짜 뉴스로 인해 무너진 관계를 회복하려 한다. 이 과정에서 진실과 거짓을 마주하며 자신의 삶을 다시 바라본다. 코미디와 미스터리의 요소를 결합해 이야기를 따뜻한 시선으로 풀어낸 가상의 한국 영화.","[{""id"": 2, ""name"": ""코미디""}, {""id"": 5, ""name"": ""미스터리""}]","[{""id"": 124, ""name"": ""시간여행""}, {""id"": 103, ""name"": ""기억""}, {""id"": 113, ""name"": ""여행""}, {""id"": 121, ""name"": ""가짜뉴스""}]",ko,2020-09-17,5.5,5510,29.139,78,False,False,"['코미디', '미스터리']","['시간여행', '기억', '여행', '가짜뉴스']",코미디 미스터리,시간여행 기억 여행 가짜뉴스,2020,"제주도의 작은 해안마을을 배경으로, 고향으로 돌아온 요리사가 가짜 뉴스로 인해 무너진 관계를 회복하려 한다. 이 과정에서 진실과 거짓을 마주하며 자신의 삶을 다시 바라본다. 코미디와 미스터리의 요소를 결합해 이야기를 따뜻한 시선으로 풀어낸 가상의 한국 영화.","제주도의 작은 해안마을을 배경으로, 고향으로 돌아온 요리사가 가짜 뉴스로 인해 무너진 관계를 회복하려 한다. 이 과정에서 진실과 거짓을 마주하며 자신의 삶을 다시 바라본다. 코미디와 미스터리의 요소를 결합해 이야기를 따뜻한 시선으로 풀어낸 가상의 한국 영화. 코미디 미스터리 시간여행 기억 여행 가짜뉴스"
100392,비 오는 날 식당로 가는 길 392,"강원도의 산골마을을 배경으로, 택배 기사가 정체를 알 수 없는 음성 메시지를 매일 받기 시작한다. 이 과정에서 환경과 공존을 마주하며 자신의 삶을 다시 바라본다. 범죄와 애니메이션의 요소를 결합해 이야기를 긴장감 있게 풀어낸 가상의 한국 영화.","[{""id"": 7, ""name"": ""범죄""}, {""id"": 12, ""name"": ""애니메이션""}]","[{""id"": 119, ""name"": ""환경""}, {""id"": 124, ""name"": ""시간여행""}, {""id"": 111, ""name"": ""성장""}, {""id"": 118, ""name"": ""미래""}]",ko,2020-11-06,7.3,5647,23.8,91,False,False,"['범죄', '애니메이션']","['환경', '시간여행', '성장', '미래']",범죄 애니메이션,환경 시간여행 성장 미래,2020,"강원도의 산골마을을 배경으로, 택배 기사가 정체를 알 수 없는 음성 메시지를 매일 받기 시작한다. 이 과정에서 환경과 공존을 마주하며 자신의 삶을 다시 바라본다. 범죄와 애니메이션의 요소를 결합해 이야기를 긴장감 있게 풀어낸 가상의 한국 영화.","강원도의 산골마을을 배경으로, 택배 기사가 정체를 알 수 없는 음성 메시지를 매일 받기 시작한다. 이 과정에서 환경과 공존을 마주하며 자신의 삶을 다시 바라본다. 범죄와 애니메이션의 요소를 결합해 이야기를 긴장감 있게 풀어낸 가상의 한국 영화. 범죄 애니메이션 환경 시간여행 성장 미래"
100393,제주의 비행과 우리 393,"전주의 한옥마을을 배경으로, 가족과 멀어진 의사가 도시 전체의 전력이 사라진 밤에 중요한 선택을 한다. 이 과정에서 세대 간 갈등을 마주하며 자신의 삶을 다시 바라본다. 애니메이션와 스릴러의 요소를 결합해 이야기를 긴장감 있게 풀어낸 가상의 한국 영화.","[{""id"": 12, ""name"": ""애니메이션""}, {""id"": 4, ""name"": ""스릴러""}]","[{""id"": 119, ""name"": ""환경""}, {""id"": 108, ""name"": ""인공지능""}, {""id"": 101, ""name"": ""가족""}, {""id"": 125, ""name"": ""탐정""}]",ko,2020-05-23,5.4,5784,35.913,104,False,False,"['애니메이션', '스릴러']","['환경', '인공지능', '가족', '탐정']",애니메이션 스릴러,환경 인공지능 가족 탐정,2020,"전주의 한옥마을을 배경으로, 가족과 멀어진 의사가 도시 전체의 전력이 사라진 밤에 중요한 선택을 한다. 이 과정에서 세대 간 갈등을 마주하며 자신의 삶을 다시 바라본다. 애니메이션와 스릴러의 요소를 결합해 이야기를 긴장감 있게 풀어낸 가상의 한국 영화.","전주의 한옥마을을 배경으로, 가족과 멀어진 의사가 도시 전체의 전력이 사라진 밤에 중요한 선택을 한다. 이 과정에서 세대 간 갈등을 마주하며 자신의 삶을 다시 바라본다. 애니메이션와 스릴러의 요소를 결합해 이야기를 긴장감 있게 풀어낸 가상의 한국 영화. 애니메이션 스릴러 환경 인공지능 가족 탐정"
100394,서울의 터널에게 394,"가상의 미래 도시을 배경으로, 고향으로 돌아온 요리사가 하루가 반복되는 이상한 현상을 겪는다. 이 과정에서 사랑과 이별을 마주하며 자신의 삶을 다시 바라본다. 코미디와 모험의 요소를 결합해 이야기를 따뜻한 시선으로 풀어낸 가상의 한국 영화.","[{""id"": 2, ""name"": ""코미디""}, {""id"": 11, ""name"": ""모험""}]","[{""id"": 108, ""name"": ""인공지능""}, {""id"": 119, ""name"": ""환경""}, {""id"": 123, ""name"": ""역사""}, {""id"": 106, ""name"": ""서울""}]",ko,2020-07-12,7.2,5921,27.455,117,False,False,"['코미디', '모험']","['인공지능', '환경', '역사', '서울']",코미디 모험,인공지능 환경 역사 서울,2020,"가상의 미래 도시을 배경으로, 고향으로 돌아온 요리사가 하루가 반복되는 이상한 현상을 겪는다. 이 과정에서 사랑과 이별을 마주하며 자신의 삶을 다시 바라본다. 코미디와 모험의 요소를 결합해 이야기를 따뜻한 시선으로 풀어낸 가상의 한국 영화.","가상의 미래 도시을 배경으로, 고향으로 돌아온 요리사가 하루가 반복되는 이상한 현상을 겪는다. 이 과정에서 사랑과 이별을 마주하며 자신의 삶을 다시 바라본다. 코미디와 모험의 요소를 결합해 이야기를 따뜻한 시선으로 풀어낸 가상의 한국 영화. 코미디 모험 인공지능 환경 역사 서울"
100395,부산의 약속 395,"국경 근처의 작은 역을 배경으로, 택배 기사가 실종 사건의 단서가 된 노래를 해석하기 시작한다. 이 과정에서 선택과 책임을 마주하며 자신의 삶을 다시 바라본다. 범죄와 로맨스의 요소를 결합해 이야기를 긴장감 있게 풀어낸 가상의 한국 영화.","[{""id"": 7, ""name"": ""범죄""}, {""id"": 3, ""name"": ""로맨스""}]","[{""id"": 118, ""name"": ""미래""}, {""id"": 115, ""name"": ""요리""}, {""id"": 124, ""name"": ""시간여행""}, {""id"": 116, ""name"": ""학교""}]",ko,2020-08-31,5.2,6058,32.793,130,False,False,"['범죄', '로맨스']","['미래', '요리', '시간여행', '학교']",범죄 로맨스,미래 요리 시간여행 학교,2020,"국경 근처의 작은 역을 배경으로, 택배 기사가 실종 사건의 단서가 된 노래를 해석하기 시작한다. 이 과정에서 선택과 책임을 마주하며 자신의 삶을 다시 바라본다. 범죄와 로맨스의 요소를 결합해 이야기를 긴장감 있게 풀어낸 가상의 한국 영화.","국경 근처의 작은 역을 배경으로, 택배 기사가 실종 사건의 단서가 된 노래를 해석하기 시작한다. 이 과정에서 선택과 책임을 마주하며 자신의 삶을 다시 바라본다. 범죄와 로맨스의 요소를 결합해 이야기를 긴장감 있게 풀어낸 가상의 한국 영화. 범죄 로맨스 미래 요리 시간여행 학교"
100396,한강의 극장의 끝 396,"부산항 인근을 배경으로, 가족과 멀어진 의사가 서로 다른 목적을 가진 사람들과 뜻밖의 팀을 이룬다. 이 과정에서 지역 공동체을 마주하며 자신의 삶을 다시 바라본다. 애니메이션와 SF의 요소를 결합해 이야기를 긴장감 있게 풀어낸 가상의 한국 영화.","[{""id"": 12, ""name"": ""애니메이션""}, {""id"": 10, ""name"": ""SF""}]","[{""id"": 109, ""name"": ""로봇""}, {""id"": 119, ""name"": ""환경""}, {""id"": 124, ""name"": ""시간여행""}, {""id"": 121, ""name"": ""가짜뉴스""}]",ko,2020-10-20,7.0,6195,33.697,78,False,False,"['애니메이션', 'SF']","['로봇', '환경', '시간여행', '가짜뉴스']",애니메이션 SF,로봇 환경 시간여행 가짜뉴스,2020,"부산항 인근을 배경으로, 가족과 멀어진 의사가 서로 다른 목적을 가진 사람들과 뜻밖의 팀을 이룬다. 이 과정에서 지역 공동체을 마주하며 자신의 삶을 다시 바라본다. 애니메이션와 SF의 요소를 결합해 이야기를 긴장감 있게 풀어낸 가상의 한국 영화.","부산항 인근을 배경으로, 가족과 멀어진 의사가 서로 다른 목적을 가진 사람들과 뜻밖의 팀을 이룬다. 이 과정에서 지역 공동체을 마주하며 자신의 삶을 다시 바라본다. 애니메이션와 SF의 요소를 결합해 이야기를 긴장감 있게 풀어낸 가상의 한국 영화. 애니메이션 SF 로봇 환경 시간여행 가짜뉴스"
100397,새벽의 시간의 선택 397,"인천의 낡은 공단을 배경으로, 고향으로 돌아온 요리사가 마을 사람들만 알고 있는 비밀스러운 규칙을 알게 된다. 이 과정에서 기술과 인간성을 마주하며 자신의 삶을 다시 바라본다. 코미디와 미스터리의 요소를 결합해 이야기를 따뜻한 시선으로 풀어낸 가상의 한국 영화.","[{""id"": 2, ""name"": ""코미디""}, {""id"": 5, ""name"": ""미스터리""}]","[{""id"": 125, ""name"": ""탐정""}, {""id"": 105, ""name"": ""제주""}, {""id"": 116, ""name"": ""학교""}, {""id"": 122, ""name"": ""공동체""}]",ko,2020-12-09,5.0,6332,25.384,91,False,False,"['코미디', '미스터리']","['탐정', '제주', '학교', '공동체']",코미디 미스터리,탐정 제주 학교 공동체,2020,"인천의 낡은 공단을 배경으로, 고향으로 돌아온 요리사가 마을 사람들만 알고 있는 비밀스러운 규칙을 알게 된다. 이 과정에서 기술과 인간성을 마주하며 자신의 삶을 다시 바라본다. 코미디와 미스터리의 요소를 결합해 이야기를 따뜻한 시선으로 풀어낸 가상의 한국 영화.","인천의 낡은 공단을 배경으로, 고향으로 돌아온 요리사가 마을 사람들만 알고 있는 비밀스러운 규칙을 알게 된다. 이 과정에서 기술과 인간성을 마주하며 자신의 삶을 다시 바라본다. 코미디와 미스터리의 요소를 결합해 이야기를 따뜻한 시선으로 풀어낸 가상의 한국 영화. 코미디 미스터리 탐정 제주 학교 공동체"
100398,겨울의 학교을 기다리며 398,"광주의 대학가을 배경으로, 택배 기사가 인공지능이 작성한 의문의 일기를 추적한다. 이 과정에서 기억과 정체성을 마주하며 자신의 삶을 다시 바라본다. 범죄와 판타지의 요소를 결합해 이야기를 긴장감 있게 풀어낸 가상의 한국 영화.","[{""id"": 7, ""name"": ""범죄""}, {""id"": 9, ""name"": ""판타지""}]","[{""id"": 115, ""name"": ""요리""}, {""id"": 114, ""name"": ""음악""}, {""id"": 113, ""name"": ""여행""}, {""id"": 104, ""name"": ""미스터리""}]",ko,2021-01-28,6.6,6469,37.71,104,False,False,"['범죄', '판타지']","['요리', '음악', '여행', '미스터리']",범죄 판타지,요리 음악 여행 미스터리,2021,"광주의 대학가을 배경으로, 택배 기사가 인공지능이 작성한 의문의 일기를 추적한다. 이 과정에서 기억과 정체성을 마주하며 자신의 삶을 다시 바라본다. 범죄와 판타지의 요소를 결합해 이야기를 긴장감 있게 풀어낸 가상의 한국 영화.","광주의 대학가을 배경으로, 택배 기사가 인공지능이 작성한 의문의 일기를 추적한다. 이 과정에서 기억과 정체성을 마주하며 자신의 삶을 다시 바라본다. 범죄와 판타지의 요소를 결합해 이야기를 긴장감 있게 풀어낸 가상의 한국 영화. 범죄 판타지 요리 음악 여행 미스터리"
100399,여름의 문의 계절 399,"외딴 섬을 배경으로, 가족과 멀어진 의사가 우연히 과거의 사건과 연결된 사진을 발견한다. 이 과정에서 우정과 신뢰을 마주하며 자신의 삶을 다시 바라본다. 애니메이션와 드라마의 요소를 결합해 이야기를 긴장감 있게 풀어낸 가상의 한국 영화.","[{""id"": 12, ""name"": ""애니메이션""}, {""id"": 1, ""name"": ""드라마""}]","[{""id"": 117, ""name"": ""범죄""}, {""id"": 116, ""name"": ""학교""}, {""id"": 103, ""name"": ""기억""}, {""id"": 101, ""name"": ""가족""}]",ko,2021-03-19,8.5,6606,26.355,117,False,False,"['애니메이션', '드라마']","['범죄', '학교', '기억', '가족']",애니메이션 드라마,범죄 학교 기억 가족,2021,"외딴 섬을 배경으로, 가족과 멀어진 의사가 우연히 과거의 사건과 연결된 사진을 발견한다. 이 과정에서 우정과 신뢰을 마주하며 자신의 삶을 다시 바라본다. 애니메이션와 드라마의 요소를 결합해 이야기를 긴장감 있게 풀어낸 가상의 한국 영화.","외딴 섬을 배경으로, 가족과 멀어진 의사가 우연히 과거의 사건과 연결된 사진을 발견한다. 이 과정에서 우정과 신뢰을 마주하며 자신의 삶을 다시 바라본다. 애니메이션와 드라마의 요소를 결합해 이야기를 긴장감 있게 풀어낸 가상의 한국 영화. 애니메이션 드라마 범죄 학교 기억 가족"
100400,봄날의 카페의 기록 400,"서울의 오래된 골목을 배경으로, 고향으로 돌아온 요리사가 가족이 숨겨온 오래된 약속의 의미를 알게 된다. 이 과정에서 가족의 의미을 마주하며 자신의 삶을 다시 바라본다. 코미디와 가족의 요소를 결합해 이야기를 따뜻한 시선으로 풀어낸 가상의 한국 영화.","[{""id"": 2, ""name"": ""코미디""}, {""id"": 8, ""name"": ""가족""}]","[{""id"": 117, ""name"": ""범죄""}, {""id"": 109, ""name"": ""로봇""}, {""id"": 104, ""name"": ""미스터리""}, {""id"": 125, ""name"": ""탐정""}]",ko,2020-10-03,6.6,6743,34.128,130,False,False,"['코미디', '가족']","['범죄', '로봇', '미스터리', '탐정']",코미디 가족,범죄 로봇 미스터리 탐정,2020,"서울의 오래된 골목을 배경으로, 고향으로 돌아온 요리사가 가족이 숨겨온 오래된 약속의 의미를 알게 된다. 이 과정에서 가족의 의미을 마주하며 자신의 삶을 다시 바라본다. 코미디와 가족의 요소를 결합해 이야기를 따뜻한 시선으로 풀어낸 가상의 한국 영화.","서울의 오래된 골목을 배경으로, 고향으로 돌아온 요리사가 가족이 숨겨온 오래된 약속의 의미를 알게 된다. 이 과정에서 가족의 의미을 마주하며 자신의 삶을 다시 바라본다. 코미디와 가족의 요소를 결합해 이야기를 따뜻한 시선으로 풀어낸 가상의 한국 영화. 코미디 가족 범죄 로봇 미스터리 탐정"
100401,가을의 파도의 하루 401,"한강변을 배경으로, 택배 기사가 폐쇄 예정인 공간을 지키기 위한 계획을 세운다. 이 과정에서 상실과 회복을 마주하며 자신의 삶을 다시 바라본다. 범죄와 다큐멘터리의 요소를 결합해 이야기를 긴장감 있게 풀어낸 가상의 한국 영화.","[{""id"": 7, ""name"": ""범죄""}, {""id"": 15, ""name"": ""다큐멘터리""}]","[{""id"": 121, ""name"": ""가짜뉴스""}, {""id"": 124, ""name"": ""시간여행""}, {""id"": 116, ""name"": ""학교""}, {""id"": 106, ""name"": ""서울""}]",ko,2020-11-22,8.2,6880,26.981,78,False,False,"['범죄', '다큐멘터리']","['가짜뉴스', '시간여행', '학교', '서울']",범죄 다큐멘터리,가짜뉴스 시간여행 학교 서울,2020,"한강변을 배경으로, 택배 기사가 폐쇄 예정인 공간을 지키기 위한 계획을 세운다. 이 과정에서 상실과 회복을 마주하며 자신의 삶을 다시 바라본다. 범죄와 다큐멘터리의 요소를 결합해 이야기를 긴장감 있게 풀어낸 가상의 한국 영화.","한강변을 배경으로, 택배 기사가 폐쇄 예정인 공간을 지키기 위한 계획을 세운다. 이 과정에서 상실과 회복을 마주하며 자신의 삶을 다시 바라본다. 범죄와 다큐멘터리의 요소를 결합해 이야기를 긴장감 있게 풀어낸 가상의 한국 영화. 범죄 다큐멘터리 가짜뉴스 시간여행 학교 서울"
100402,푸른 섬에서 만난 사람 402,"대구의 오래된 극장을 배경으로, 가족과 멀어진 의사가 수십 년 전 사라진 편지 한 통을 발견한다. 이 과정에서 도전과 성장을 마주하며 자신의 삶을 다시 바라본다. 애니메이션와 범죄의 요소를 결합해 이야기를 긴장감 있게 풀어낸 가상의 한국 영화.","[{""id"": 12, ""name"": ""애니메이션""}, {""id"": 7, ""name"": ""범죄""}]","[{""id"": 112, ""name"": ""사랑""}, {""id"": 119, ""name"": ""환경""}, {""id"": 113, ""name"": ""여행""}, {""id"": 122, ""name"": ""공동체""}]",ko,2021-01-11,6.2,7017,23.626,91,False,False,"['애니메이션', '범죄']","['사랑', '환경', '여행', '공동체']",애니메이션 범죄,사랑 환경 여행 공동체,2021,"대구의 오래된 극장을 배경으로, 가족과 멀어진 의사가 수십 년 전 사라진 편지 한 통을 발견한다. 이 과정에서 도전과 성장을 마주하며 자신의 삶을 다시 바라본다. 애니메이션와 범죄의 요소를 결합해 이야기를 긴장감 있게 풀어낸 가상의 한국 영화.","대구의 오래된 극장을 배경으로, 가족과 멀어진 의사가 수십 년 전 사라진 편지 한 통을 발견한다. 이 과정에서 도전과 성장을 마주하며 자신의 삶을 다시 바라본다. 애니메이션와 범죄의 요소를 결합해 이야기를 긴장감 있게 풀어낸 가상의 한국 영화. 애니메이션 범죄 사랑 환경 여행 공동체"
100403,붉은 노래의 밤 403,"달 기지을 배경으로, 고향으로 돌아온 요리사가 가짜 뉴스로 인해 무너진 관계를 회복하려 한다. 이 과정에서 진실과 거짓을 마주하며 자신의 삶을 다시 바라본다. 코미디와 역사의 요소를 결합해 이야기를 따뜻한 시선으로 풀어낸 가상의 한국 영화.","[{""id"": 2, ""name"": ""코미디""}, {""id"": 14, ""name"": ""역사""}]","[{""id"": 116, ""name"": ""학교""}, {""id"": 106, ""name"": ""서울""}, {""id"": 124, ""name"": ""시간여행""}, {""id"": 108, ""name"": ""인공지능""}]",ko,2021-03-02,7.9,7154,32.505,104,False,False,"['코미디', '역사']","['학교', '서울', '시간여행', '인공지능']",코미디 역사,학교 서울 시간여행 인공지능,2021,"달 기지을 배경으로, 고향으로 돌아온 요리사가 가짜 뉴스로 인해 무너진 관계를 회복하려 한다. 이 과정에서 진실과 거짓을 마주하며 자신의 삶을 다시 바라본다. 코미디와 역사의 요소를 결합해 이야기를 따뜻한 시선으로 풀어낸 가상의 한국 영화.","달 기지을 배경으로, 고향으로 돌아온 요리사가 가짜 뉴스로 인해 무너진 관계를 회복하려 한다. 이 과정에서 진실과 거짓을 마주하며 자신의 삶을 다시 바라본다. 코미디와 역사의 요소를 결합해 이야기를 따뜻한 시선으로 풀어낸 가상의 한국 영화. 코미디 역사 학교 서울 시간여행 인공지능"
100404,검은 탐정의 온도 404,"제주도의 작은 해안마을을 배경으로, 택배 기사가 정체를 알 수 없는 음성 메시지를 매일 받기 시작한다. 이 과정에서 환경과 공존을 마주하며 자신의 삶을 다시 바라본다. 범죄와 액션의 요소를 결합해 이야기를 긴장감 있게 풀어낸 가상의 한국 영화.","[{""id"": 7, ""name"": ""범죄""}, {""id"": 6, ""name"": ""액션""}]","[{""id"": 108, ""name"": ""인공지능""}, {""id"": 106, ""name"": ""서울""}, {""id"": 113, ""name"": ""여행""}, {""id"": 124, ""name"": ""시간여행""}]",ko,2021-04-21,6.0,7291,29.478,117,False,False,"['범죄', '액션']","['인공지능', '서울', '여행', '시간여행']",범죄 액션,인공지능 서울 여행 시간여행,2021,"제주도의 작은 해안마을을 배경으로, 택배 기사가 정체를 알 수 없는 음성 메시지를 매일 받기 시작한다. 이 과정에서 환경과 공존을 마주하며 자신의 삶을 다시 바라본다. 범죄와 액션의 요소를 결합해 이야기를 긴장감 있게 풀어낸 가상의 한국 영화.","제주도의 작은 해안마을을 배경으로, 택배 기사가 정체를 알 수 없는 음성 메시지를 매일 받기 시작한다. 이 과정에서 환경과 공존을 마주하며 자신의 삶을 다시 바라본다. 범죄와 액션의 요소를 결합해 이야기를 긴장감 있게 풀어낸 가상의 한국 영화. 범죄 액션 인공지능 서울 여행 시간여행"
100405,하얀 레시피 너머 405,"강원도의 산골마을을 배경으로, 가족과 멀어진 의사가 도시 전체의 전력이 사라진 밤에 중요한 선택을 한다. 이 과정에서 세대 간 갈등을 마주하며 자신의 삶을 다시 바라본다. 애니메이션와 음악의 요소를 결합해 이야기를 긴장감 있게 풀어낸 가상의 한국 영화.","[{""id"": 12, ""name"": ""애니메이션""}, {""id"": 13, ""name"": ""음악""}]","[{""id"": 112, ""name"": ""사랑""}, {""id"": 103, ""name"": ""기억""}, {""id"": 101, ""name"": ""가족""}, {""id"": 123, ""name"": ""역사""}]",ko,2021-06-10,7.9,7428,34.866,130,False,False,"['애니메이션', '음악']","['사랑', '기억', '가족', '역사']",애니메이션 음악,사랑 기억 가족 역사,2021,"강원도의 산골마을을 배경으로, 가족과 멀어진 의사가 도시 전체의 전력이 사라진 밤에 중요한 선택을 한다. 이 과정에서 세대 간 갈등을 마주하며 자신의 삶을 다시 바라본다. 애니메이션와 음악의 요소를 결합해 이야기를 긴장감 있게 풀어낸 가상의 한국 영화.","강원도의 산골마을을 배경으로, 가족과 멀어진 의사가 도시 전체의 전력이 사라진 밤에 중요한 선택을 한다. 이 과정에서 세대 간 갈등을 마주하며 자신의 삶을 다시 바라본다. 애니메이션와 음악의 요소를 결합해 이야기를 긴장감 있게 풀어낸 가상의 한국 영화. 애니메이션 음악 사랑 기억 가족 역사"
100406,마지막 눈의 비밀 406,"전주의 한옥마을을 배경으로, 고향으로 돌아온 요리사가 하루가 반복되는 이상한 현상을 겪는다. 이 과정에서 사랑과 이별을 마주하며 자신의 삶을 다시 바라본다. 코미디와 미스터리의 요소를 결합해 이야기를 따뜻한 시선으로 풀어낸 가상의 한국 영화.","[{""id"": 2, ""name"": ""코미디""}, {""id"": 5, ""name"": ""미스터리""}]","[{""id"": 102, ""name"": ""우정""}, {""id"": 122, ""name"": ""공동체""}, {""id"": 111, ""name"": ""성장""}, {""id"": 114, ""name"": ""음악""}]",ko,2021-07-30,6.0,7565,27.201,78,False,False,"['코미디', '미스터리']","['우정', '공동체', '성장', '음악']",코미디 미스터리,우정 공동체 성장 음악,2021,"전주의 한옥마을을 배경으로, 고향으로 돌아온 요리사가 하루가 반복되는 이상한 현상을 겪는다. 이 과정에서 사랑과 이별을 마주하며 자신의 삶을 다시 바라본다. 코미디와 미스터리의 요소를 결합해 이야기를 따뜻한 시선으로 풀어낸 가상의 한국 영화.","전주의 한옥마을을 배경으로, 고향으로 돌아온 요리사가 하루가 반복되는 이상한 현상을 겪는다. 이 과정에서 사랑과 이별을 마주하며 자신의 삶을 다시 바라본다. 코미디와 미스터리의 요소를 결합해 이야기를 따뜻한 시선으로 풀어낸 가상의 한국 영화. 코미디 미스터리 우정 공동체 성장 음악"
100407,첫 번째 골목로 가는 길 407,"가상의 미래 도시을 배경으로, 택배 기사가 실종 사건의 단서가 된 노래를 해석하기 시작한다. 이 과정에서 선택과 책임을 마주하며 자신의 삶을 다시 바라본다. 범죄와 애니메이션의 요소를 결합해 이야기를 긴장감 있게 풀어낸 가상의 한국 영화.","[{""id"": 7, ""name"": ""범죄""}, {""id"": 12, ""name"": ""애니메이션""}]","[{""id"": 115, ""name"": ""요리""}, {""id"": 108, ""name"": ""인공지능""}, {""id"": 118, ""name"": ""미래""}, {""id"": 102, ""name"": ""우정""}]",ko,2021-02-13,7.5,7702,26.797,91,False,False,"['범죄', '애니메이션']","['요리', '인공지능', '미래', '우정']",범죄 애니메이션,요리 인공지능 미래 우정,2021,"가상의 미래 도시을 배경으로, 택배 기사가 실종 사건의 단서가 된 노래를 해석하기 시작한다. 이 과정에서 선택과 책임을 마주하며 자신의 삶을 다시 바라본다. 범죄와 애니메이션의 요소를 결합해 이야기를 긴장감 있게 풀어낸 가상의 한국 영화.","가상의 미래 도시을 배경으로, 택배 기사가 실종 사건의 단서가 된 노래를 해석하기 시작한다. 이 과정에서 선택과 책임을 마주하며 자신의 삶을 다시 바라본다. 범죄와 애니메이션의 요소를 결합해 이야기를 긴장감 있게 풀어낸 가상의 한국 영화. 범죄 애니메이션 요리 인공지능 미래 우정"
100408,낯선 마을과 우리 408,"국경 근처의 작은 역을 배경으로, 가족과 멀어진 의사가 서로 다른 목적을 가진 사람들과 뜻밖의 팀을 이룬다. 이 과정에서 지역 공동체을 마주하며 자신의 삶을 다시 바라본다. 애니메이션와 스릴러의 요소를 결합해 이야기를 긴장감 있게 풀어낸 가상의 한국 영화.","[{""id"": 12, ""name"": ""애니메이션""}, {""id"": 4, ""name"": ""스릴러""}]","[{""id"": 113, ""name"": ""여행""}, {""id"": 125, ""name"": ""탐정""}, {""id"": 114, ""name"": ""음악""}, {""id"": 115, ""name"": ""요리""}]",ko,2021-04-04,5.6,7839,33.782,104,False,False,"['애니메이션', '스릴러']","['여행', '탐정', '음악', '요리']",애니메이션 스릴러,여행 탐정 음악 요리,2021,"국경 근처의 작은 역을 배경으로, 가족과 멀어진 의사가 서로 다른 목적을 가진 사람들과 뜻밖의 팀을 이룬다. 이 과정에서 지역 공동체을 마주하며 자신의 삶을 다시 바라본다. 애니메이션와 스릴러의 요소를 결합해 이야기를 긴장감 있게 풀어낸 가상의 한국 영화.","국경 근처의 작은 역을 배경으로, 가족과 멀어진 의사가 서로 다른 목적을 가진 사람들과 뜻밖의 팀을 이룬다. 이 과정에서 지역 공동체을 마주하며 자신의 삶을 다시 바라본다. 애니메이션와 스릴러의 요소를 결합해 이야기를 긴장감 있게 풀어낸 가상의 한국 영화. 애니메이션 스릴러 여행 탐정 음악 요리"
100409,잊힌 열차에게 409,"부산항 인근을 배경으로, 고향으로 돌아온 요리사가 마을 사람들만 알고 있는 비밀스러운 규칙을 알게 된다. 이 과정에서 기술과 인간성을 마주하며 자신의 삶을 다시 바라본다. 코미디와 모험의 요소를 결합해 이야기를 따뜻한 시선으로 풀어낸 가상의 한국 영화.","[{""id"": 2, ""name"": ""코미디""}, {""id"": 11, ""name"": ""모험""}]","[{""id"": 119, ""name"": ""환경""}, {""id"": 104, ""name"": ""미스터리""}, {""id"": 105, ""name"": ""제주""}, {""id"": 115, ""name"": ""요리""}]",ko,2021-05-24,7.5,7976,34.516,117,False,False,"['코미디', '모험']","['환경', '미스터리', '제주', '요리']",코미디 모험,환경 미스터리 제주 요리,2021,"부산항 인근을 배경으로, 고향으로 돌아온 요리사가 마을 사람들만 알고 있는 비밀스러운 규칙을 알게 된다. 이 과정에서 기술과 인간성을 마주하며 자신의 삶을 다시 바라본다. 코미디와 모험의 요소를 결합해 이야기를 따뜻한 시선으로 풀어낸 가상의 한국 영화.","부산항 인근을 배경으로, 고향으로 돌아온 요리사가 마을 사람들만 알고 있는 비밀스러운 규칙을 알게 된다. 이 과정에서 기술과 인간성을 마주하며 자신의 삶을 다시 바라본다. 코미디와 모험의 요소를 결합해 이야기를 따뜻한 시선으로 풀어낸 가상의 한국 영화. 코미디 모험 환경 미스터리 제주 요리"
100410,비밀의 우주선 410,"인천의 낡은 공단을 배경으로, 택배 기사가 인공지능이 작성한 의문의 일기를 추적한다. 이 과정에서 기억과 정체성을 마주하며 자신의 삶을 다시 바라본다. 범죄와 로맨스의 요소를 결합해 이야기를 긴장감 있게 풀어낸 가상의 한국 영화.","[{""id"": 7, ""name"": ""범죄""}, {""id"": 3, ""name"": ""로맨스""}]","[{""id"": 111, ""name"": ""성장""}, {""id"": 109, ""name"": ""로봇""}, {""id"": 112, ""name"": ""사랑""}, {""id"": 123, ""name"": ""역사""}]",ko,2021-07-13,5.5,8113,32.941,130,False,False,"['범죄', '로맨스']","['성장', '로봇', '사랑', '역사']",범죄 로맨스,성장 로봇 사랑 역사,2021,"인천의 낡은 공단을 배경으로, 택배 기사가 인공지능이 작성한 의문의 일기를 추적한다. 이 과정에서 기억과 정체성을 마주하며 자신의 삶을 다시 바라본다. 범죄와 로맨스의 요소를 결합해 이야기를 긴장감 있게 풀어낸 가상의 한국 영화.","인천의 낡은 공단을 배경으로, 택배 기사가 인공지능이 작성한 의문의 일기를 추적한다. 이 과정에서 기억과 정체성을 마주하며 자신의 삶을 다시 바라본다. 범죄와 로맨스의 요소를 결합해 이야기를 긴장감 있게 풀어낸 가상의 한국 영화. 범죄 로맨스 성장 로봇 사랑 역사"
100411,고요한 전화의 끝 411,"광주의 대학가을 배경으로, 가족과 멀어진 의사가 우연히 과거의 사건과 연결된 사진을 발견한다. 이 과정에서 우정과 신뢰을 마주하며 자신의 삶을 다시 바라본다. 애니메이션와 SF의 요소를 결합해 이야기를 긴장감 있게 풀어낸 가상의 한국 영화.","[{""id"": 12, ""name"": ""애니메이션""}, {""id"": 10, ""name"": ""SF""}]","[{""id"": 104, ""name"": ""미스터리""}, {""id"": 103, ""name"": ""기억""}, {""id"": 119, ""name"": ""환경""}, {""id"": 102, ""name"": ""우정""}]",ko,2021-09-01,7.3,8250,33.789,78,False,False,"['애니메이션', 'SF']","['미스터리', '기억', '환경', '우정']",애니메이션 SF,미스터리 기억 환경 우정,2021,"광주의 대학가을 배경으로, 가족과 멀어진 의사가 우연히 과거의 사건과 연결된 사진을 발견한다. 이 과정에서 우정과 신뢰을 마주하며 자신의 삶을 다시 바라본다. 애니메이션와 SF의 요소를 결합해 이야기를 긴장감 있게 풀어낸 가상의 한국 영화.","광주의 대학가을 배경으로, 가족과 멀어진 의사가 우연히 과거의 사건과 연결된 사진을 발견한다. 이 과정에서 우정과 신뢰을 마주하며 자신의 삶을 다시 바라본다. 애니메이션와 SF의 요소를 결합해 이야기를 긴장감 있게 풀어낸 가상의 한국 영화. 애니메이션 SF 미스터리 기억 환경 우정"
100412,빛나는 편지의 선택 412,"외딴 섬을 배경으로, 고향으로 돌아온 요리사가 가족이 숨겨온 오래된 약속의 의미를 알게 된다. 이 과정에서 가족의 의미을 마주하며 자신의 삶을 다시 바라본다. 코미디와 미스터리의 요소를 결합해 이야기를 따뜻한 시선으로 풀어낸 가상의 한국 영화.","[{""id"": 2, ""name"": ""코미디""}, {""id"": 5, ""name"": ""미스터리""}]","[{""id"": 112, ""name"": ""사랑""}, {""id"": 105, ""name"": ""제주""}, {""id"": 111, ""name"": ""성장""}, {""id"": 108, ""name"": ""인공지능""}]",ko,2021-10-21,5.4,8387,26.824,91,False,False,"['코미디', '미스터리']","['사랑', '제주', '성장', '인공지능']",코미디 미스터리,사랑 제주 성장 인공지능,2021,"외딴 섬을 배경으로, 고향으로 돌아온 요리사가 가족이 숨겨온 오래된 약속의 의미를 알게 된다. 이 과정에서 가족의 의미을 마주하며 자신의 삶을 다시 바라본다. 코미디와 미스터리의 요소를 결합해 이야기를 따뜻한 시선으로 풀어낸 가상의 한국 영화.","외딴 섬을 배경으로, 고향으로 돌아온 요리사가 가족이 숨겨온 오래된 약속의 의미를 알게 된다. 이 과정에서 가족의 의미을 마주하며 자신의 삶을 다시 바라본다. 코미디와 미스터리의 요소를 결합해 이야기를 따뜻한 시선으로 풀어낸 가상의 한국 영화. 코미디 미스터리 사랑 제주 성장 인공지능"
100413,흐린 시장을 기다리며 413,"서울의 오래된 골목을 배경으로, 택배 기사가 폐쇄 예정인 공간을 지키기 위한 계획을 세운다. 이 과정에서 상실과 회복을 마주하며 자신의 삶을 다시 바라본다. 범죄와 판타지의 요소를 결합해 이야기를 긴장감 있게 풀어낸 가상의 한국 영화.","[{""id"": 7, ""name"": ""범죄""}, {""id"": 9, ""name"": ""판타지""}]","[{""id"": 122, ""name"": ""공동체""}, {""id"": 117, ""name"": ""범죄""}, {""id"": 111, ""name"": ""성장""}, {""id"": 102, ""name"": ""우정""}]",ko,2021-12-10,7.0,8524,28.811,104,False,False,"['범죄', '판타지']","['공동체', '범죄', '성장', '우정']",범죄 판타지,공동체 범죄 성장 우정,2021,"서울의 오래된 골목을 배경으로, 택배 기사가 폐쇄 예정인 공간을 지키기 위한 계획을 세운다. 이 과정에서 상실과 회복을 마주하며 자신의 삶을 다시 바라본다. 범죄와 판타지의 요소를 결합해 이야기를 긴장감 있게 풀어낸 가상의 한국 영화.","서울의 오래된 골목을 배경으로, 택배 기사가 폐쇄 예정인 공간을 지키기 위한 계획을 세운다. 이 과정에서 상실과 회복을 마주하며 자신의 삶을 다시 바라본다. 범죄와 판타지의 요소를 결합해 이야기를 긴장감 있게 풀어낸 가상의 한국 영화. 범죄 판타지 공동체 범죄 성장 우정"
100414,먼 달의 계절 414,"한강변을 배경으로, 가족과 멀어진 의사가 수십 년 전 사라진 편지 한 통을 발견한다. 이 과정에서 도전과 성장을 마주하며 자신의 삶을 다시 바라본다. 애니메이션와 드라마의 요소를 결합해 이야기를 긴장감 있게 풀어낸 가상의 한국 영화.","[{""id"": 12, ""name"": ""애니메이션""}, {""id"": 1, ""name"": ""드라마""}]","[{""id"": 113, ""name"": ""여행""}, {""id"": 107, ""name"": ""바다""}, {""id"": 110, ""name"": ""추적""}, {""id"": 120, ""name"": ""언론""}]",ko,2021-06-26,5.2,8661,26.415,117,False,False,"['애니메이션', '드라마']","['여행', '바다', '추적', '언론']",애니메이션 드라마,여행 바다 추적 언론,2021,"한강변을 배경으로, 가족과 멀어진 의사가 수십 년 전 사라진 편지 한 통을 발견한다. 이 과정에서 도전과 성장을 마주하며 자신의 삶을 다시 바라본다. 애니메이션와 드라마의 요소를 결합해 이야기를 긴장감 있게 풀어낸 가상의 한국 영화.","한강변을 배경으로, 가족과 멀어진 의사가 수십 년 전 사라진 편지 한 통을 발견한다. 이 과정에서 도전과 성장을 마주하며 자신의 삶을 다시 바라본다. 애니메이션와 드라마의 요소를 결합해 이야기를 긴장감 있게 풀어낸 가상의 한국 영화. 애니메이션 드라마 여행 바다 추적 언론"
100415,작은 호텔의 기록 415,"대구의 오래된 극장을 배경으로, 고향으로 돌아온 요리사가 가짜 뉴스로 인해 무너진 관계를 회복하려 한다. 이 과정에서 진실과 거짓을 마주하며 자신의 삶을 다시 바라본다. 코미디와 가족의 요소를 결합해 이야기를 따뜻한 시선으로 풀어낸 가상의 한국 영화.","[{""id"": 2, ""name"": ""코미디""}, {""id"": 8, ""name"": ""가족""}]","[{""id"": 107, ""name"": ""바다""}, {""id"": 124, ""name"": ""시간여행""}, {""id"": 109, ""name"": ""로봇""}, {""id"": 110, ""name"": ""추적""}]",ko,2021-08-15,6.7,8798,36.907,130,False,False,"['코미디', '가족']","['바다', '시간여행', '로봇', '추적']",코미디 가족,바다 시간여행 로봇 추적,2021,"대구의 오래된 극장을 배경으로, 고향으로 돌아온 요리사가 가짜 뉴스로 인해 무너진 관계를 회복하려 한다. 이 과정에서 진실과 거짓을 마주하며 자신의 삶을 다시 바라본다. 코미디와 가족의 요소를 결합해 이야기를 따뜻한 시선으로 풀어낸 가상의 한국 영화.","대구의 오래된 극장을 배경으로, 고향으로 돌아온 요리사가 가짜 뉴스로 인해 무너진 관계를 회복하려 한다. 이 과정에서 진실과 거짓을 마주하며 자신의 삶을 다시 바라본다. 코미디와 가족의 요소를 결합해 이야기를 따뜻한 시선으로 풀어낸 가상의 한국 영화. 코미디 가족 바다 시간여행 로봇 추적"
100416,오래된 거울의 하루 416,"달 기지을 배경으로, 택배 기사가 정체를 알 수 없는 음성 메시지를 매일 받기 시작한다. 이 과정에서 환경과 공존을 마주하며 자신의 삶을 다시 바라본다. 범죄와 다큐멘터리의 요소를 결합해 이야기를 긴장감 있게 풀어낸 가상의 한국 영화.","[{""id"": 7, ""name"": ""범죄""}, {""id"": 15, ""name"": ""다큐멘터리""}]","[{""id"": 122, ""name"": ""공동체""}, {""id"": 121, ""name"": ""가짜뉴스""}, {""id"": 125, ""name"": ""탐정""}, {""id"": 120, ""name"": ""언론""}]",ko,2021-10-04,8.4,8935,36.155,78,False,False,"['범죄', '다큐멘터리']","['공동체', '가짜뉴스', '탐정', '언론']",범죄 다큐멘터리,공동체 가짜뉴스 탐정 언론,2021,"달 기지을 배경으로, 택배 기사가 정체를 알 수 없는 음성 메시지를 매일 받기 시작한다. 이 과정에서 환경과 공존을 마주하며 자신의 삶을 다시 바라본다. 범죄와 다큐멘터리의 요소를 결합해 이야기를 긴장감 있게 풀어낸 가상의 한국 영화.","달 기지을 배경으로, 택배 기사가 정체를 알 수 없는 음성 메시지를 매일 받기 시작한다. 이 과정에서 환경과 공존을 마주하며 자신의 삶을 다시 바라본다. 범죄와 다큐멘터리의 요소를 결합해 이야기를 긴장감 있게 풀어낸 가상의 한국 영화. 범죄 다큐멘터리 공동체 가짜뉴스 탐정 언론"
100417,새로운 등대에서 만난 사람 417,"제주도의 작은 해안마을을 배경으로, 가족과 멀어진 의사가 도시 전체의 전력이 사라진 밤에 중요한 선택을 한다. 이 과정에서 세대 간 갈등을 마주하며 자신의 삶을 다시 바라본다. 애니메이션와 범죄의 요소를 결합해 이야기를 긴장감 있게 풀어낸 가상의 한국 영화.","[{""id"": 12, ""name"": ""애니메이션""}, {""id"": 7, ""name"": ""범죄""}]","[{""id"": 101, ""name"": ""가족""}, {""id"": 104, ""name"": ""미스터리""}, {""id"": 116, ""name"": ""학교""}, {""id"": 124, ""name"": ""시간여행""}]",ko,2021-11-23,6.6,9072,40.135,91,False,False,"['애니메이션', '범죄']","['가족', '미스터리', '학교', '시간여행']",애니메이션 범죄,가족 미스터리 학교 시간여행,2021,"제주도의 작은 해안마을을 배경으로, 가족과 멀어진 의사가 도시 전체의 전력이 사라진 밤에 중요한 선택을 한다. 이 과정에서 세대 간 갈등을 마주하며 자신의 삶을 다시 바라본다. 애니메이션와 범죄의 요소를 결합해 이야기를 긴장감 있게 풀어낸 가상의 한국 영화.","제주도의 작은 해안마을을 배경으로, 가족과 멀어진 의사가 도시 전체의 전력이 사라진 밤에 중요한 선택을 한다. 이 과정에서 세대 간 갈등을 마주하며 자신의 삶을 다시 바라본다. 애니메이션와 범죄의 요소를 결합해 이야기를 긴장감 있게 풀어낸 가상의 한국 영화. 애니메이션 범죄 가족 미스터리 학교 시간여행"
100418,달빛 아래 기억의 밤 418,"강원도의 산골마을을 배경으로, 고향으로 돌아온 요리사가 하루가 반복되는 이상한 현상을 겪는다. 이 과정에서 사랑과 이별을 마주하며 자신의 삶을 다시 바라본다. 코미디와 역사의 요소를 결합해 이야기를 따뜻한 시선으로 풀어낸 가상의 한국 영화.","[{""id"": 2, ""name"": ""코미디""}, {""id"": 14, ""name"": ""역사""}]","[{""id"": 122, ""name"": ""공동체""}, {""id"": 120, ""name"": ""언론""}, {""id"": 125, ""name"": ""탐정""}, {""id"": 107, ""name"": ""바다""}]",ko,2022-01-12,8.2,9209,25.961,104,False,False,"['코미디', '역사']","['공동체', '언론', '탐정', '바다']",코미디 역사,공동체 언론 탐정 바다,2022,"강원도의 산골마을을 배경으로, 고향으로 돌아온 요리사가 하루가 반복되는 이상한 현상을 겪는다. 이 과정에서 사랑과 이별을 마주하며 자신의 삶을 다시 바라본다. 코미디와 역사의 요소를 결합해 이야기를 따뜻한 시선으로 풀어낸 가상의 한국 영화.","강원도의 산골마을을 배경으로, 고향으로 돌아온 요리사가 하루가 반복되는 이상한 현상을 겪는다. 이 과정에서 사랑과 이별을 마주하며 자신의 삶을 다시 바라본다. 코미디와 역사의 요소를 결합해 이야기를 따뜻한 시선으로 풀어낸 가상의 한국 영화. 코미디 역사 공동체 언론 탐정 바다"
100419,바람 속 정원의 온도 419,"전주의 한옥마을을 배경으로, 택배 기사가 실종 사건의 단서가 된 노래를 해석하기 시작한다. 이 과정에서 선택과 책임을 마주하며 자신의 삶을 다시 바라본다. 범죄와 액션의 요소를 결합해 이야기를 긴장감 있게 풀어낸 가상의 한국 영화.","[{""id"": 7, ""name"": ""범죄""}, {""id"": 6, ""name"": ""액션""}]","[{""id"": 122, ""name"": ""공동체""}, {""id"": 106, ""name"": ""서울""}, {""id"": 104, ""name"": ""미스터리""}, {""id"": 123, ""name"": ""역사""}]",ko,2022-03-03,6.4,9346,36.101,117,False,False,"['범죄', '액션']","['공동체', '서울', '미스터리', '역사']",범죄 액션,공동체 서울 미스터리 역사,2022,"전주의 한옥마을을 배경으로, 택배 기사가 실종 사건의 단서가 된 노래를 해석하기 시작한다. 이 과정에서 선택과 책임을 마주하며 자신의 삶을 다시 바라본다. 범죄와 액션의 요소를 결합해 이야기를 긴장감 있게 풀어낸 가상의 한국 영화.","전주의 한옥마을을 배경으로, 택배 기사가 실종 사건의 단서가 된 노래를 해석하기 시작한다. 이 과정에서 선택과 책임을 마주하며 자신의 삶을 다시 바라본다. 범죄와 액션의 요소를 결합해 이야기를 긴장감 있게 풀어낸 가상의 한국 영화. 범죄 액션 공동체 서울 미스터리 역사"
100420,비 오는 날 그림자 너머 420,"가상의 미래 도시을 배경으로, 가족과 멀어진 의사가 서로 다른 목적을 가진 사람들과 뜻밖의 팀을 이룬다. 이 과정에서 지역 공동체을 마주하며 자신의 삶을 다시 바라본다. 애니메이션와 음악의 요소를 결합해 이야기를 긴장감 있게 풀어낸 가상의 한국 영화.","[{""id"": 12, ""name"": ""애니메이션""}, {""id"": 13, ""name"": ""음악""}]","[{""id"": 114, ""name"": ""음악""}, {""id"": 125, ""name"": ""탐정""}, {""id"": 109, ""name"": ""로봇""}, {""id"": 111, ""name"": ""성장""}]",ko,2022-04-22,8.1,9483,39.918,130,False,False,"['애니메이션', '음악']","['음악', '탐정', '로봇', '성장']",애니메이션 음악,음악 탐정 로봇 성장,2022,"가상의 미래 도시을 배경으로, 가족과 멀어진 의사가 서로 다른 목적을 가진 사람들과 뜻밖의 팀을 이룬다. 이 과정에서 지역 공동체을 마주하며 자신의 삶을 다시 바라본다. 애니메이션와 음악의 요소를 결합해 이야기를 긴장감 있게 풀어낸 가상의 한국 영화.","가상의 미래 도시을 배경으로, 가족과 멀어진 의사가 서로 다른 목적을 가진 사람들과 뜻밖의 팀을 이룬다. 이 과정에서 지역 공동체을 마주하며 자신의 삶을 다시 바라본다. 애니메이션와 음악의 요소를 결합해 이야기를 긴장감 있게 풀어낸 가상의 한국 영화. 애니메이션 음악 음악 탐정 로봇 성장"
100421,제주의 연구소의 비밀 421,"국경 근처의 작은 역을 배경으로, 고향으로 돌아온 요리사가 마을 사람들만 알고 있는 비밀스러운 규칙을 알게 된다. 이 과정에서 기술과 인간성을 마주하며 자신의 삶을 다시 바라본다. 코미디와 미스터리의 요소를 결합해 이야기를 따뜻한 시선으로 풀어낸 가상의 한국 영화.","[{""id"": 2, ""name"": ""코미디""}, {""id"": 5, ""name"": ""미스터리""}]","[{""id"": 119, ""name"": ""환경""}, {""id"": 120, ""name"": ""언론""}, {""id"": 101, ""name"": ""가족""}, {""id"": 108, ""name"": ""인공지능""}]",ko,2021-11-06,6.3,9620,37.603,78,False,False,"['코미디', '미스터리']","['환경', '언론', '가족', '인공지능']",코미디 미스터리,환경 언론 가족 인공지능,2021,"국경 근처의 작은 역을 배경으로, 고향으로 돌아온 요리사가 마을 사람들만 알고 있는 비밀스러운 규칙을 알게 된다. 이 과정에서 기술과 인간성을 마주하며 자신의 삶을 다시 바라본다. 코미디와 미스터리의 요소를 결합해 이야기를 따뜻한 시선으로 풀어낸 가상의 한국 영화.","국경 근처의 작은 역을 배경으로, 고향으로 돌아온 요리사가 마을 사람들만 알고 있는 비밀스러운 규칙을 알게 된다. 이 과정에서 기술과 인간성을 마주하며 자신의 삶을 다시 바라본다. 코미디와 미스터리의 요소를 결합해 이야기를 따뜻한 시선으로 풀어낸 가상의 한국 영화. 코미디 미스터리 환경 언론 가족 인공지능"
100422,서울의 지도로 가는 길 422,"부산항 인근을 배경으로, 택배 기사가 인공지능이 작성한 의문의 일기를 추적한다. 이 과정에서 기억과 정체성을 마주하며 자신의 삶을 다시 바라본다. 범죄와 애니메이션의 요소를 결합해 이야기를 긴장감 있게 풀어낸 가상의 한국 영화.","[{""id"": 7, ""name"": ""범죄""}, {""id"": 12, ""name"": ""애니메이션""}]","[{""id"": 102, ""name"": ""우정""}, {""id"": 112, ""name"": ""사랑""}, {""id"": 110, ""name"": ""추적""}, {""id"": 115, ""name"": ""요리""}]",ko,2021-12-26,8.0,9757,28.495,91,False,False,"['범죄', '애니메이션']","['우정', '사랑', '추적', '요리']",범죄 애니메이션,우정 사랑 추적 요리,2021,"부산항 인근을 배경으로, 택배 기사가 인공지능이 작성한 의문의 일기를 추적한다. 이 과정에서 기억과 정체성을 마주하며 자신의 삶을 다시 바라본다. 범죄와 애니메이션의 요소를 결합해 이야기를 긴장감 있게 풀어낸 가상의 한국 영화.","부산항 인근을 배경으로, 택배 기사가 인공지능이 작성한 의문의 일기를 추적한다. 이 과정에서 기억과 정체성을 마주하며 자신의 삶을 다시 바라본다. 범죄와 애니메이션의 요소를 결합해 이야기를 긴장감 있게 풀어낸 가상의 한국 영화. 범죄 애니메이션 우정 사랑 추적 요리"
100423,부산의 강과 우리 423,"인천의 낡은 공단을 배경으로, 가족과 멀어진 의사가 우연히 과거의 사건과 연결된 사진을 발견한다. 이 과정에서 우정과 신뢰을 마주하며 자신의 삶을 다시 바라본다. 애니메이션와 스릴러의 요소를 결합해 이야기를 긴장감 있게 풀어낸 가상의 한국 영화.","[{""id"": 12, ""name"": ""애니메이션""}, {""id"": 4, ""name"": ""스릴러""}]","[{""id"": 113, ""name"": ""여행""}, {""id"": 118, ""name"": ""미래""}, {""id"": 110, ""name"": ""추적""}, {""id"": 119, ""name"": ""환경""}]",ko,2022-02-14,5.9,9894,36.687,104,False,False,"['애니메이션', '스릴러']","['여행', '미래', '추적', '환경']",애니메이션 스릴러,여행 미래 추적 환경,2022,"인천의 낡은 공단을 배경으로, 가족과 멀어진 의사가 우연히 과거의 사건과 연결된 사진을 발견한다. 이 과정에서 우정과 신뢰을 마주하며 자신의 삶을 다시 바라본다. 애니메이션와 스릴러의 요소를 결합해 이야기를 긴장감 있게 풀어낸 가상의 한국 영화.","인천의 낡은 공단을 배경으로, 가족과 멀어진 의사가 우연히 과거의 사건과 연결된 사진을 발견한다. 이 과정에서 우정과 신뢰을 마주하며 자신의 삶을 다시 바라본다. 애니메이션와 스릴러의 요소를 결합해 이야기를 긴장감 있게 풀어낸 가상의 한국 영화. 애니메이션 스릴러 여행 미래 추적 환경"
100424,한강의 정거장에게 424,"광주의 대학가을 배경으로, 고향으로 돌아온 요리사가 가족이 숨겨온 오래된 약속의 의미를 알게 된다. 이 과정에서 가족의 의미을 마주하며 자신의 삶을 다시 바라본다. 코미디와 모험의 요소를 결합해 이야기를 따뜻한 시선으로 풀어낸 가상의 한국 영화.","[{""id"": 2, ""name"": ""코미디""}, {""id"": 11, ""name"": ""모험""}]","[{""id"": 107, ""name"": ""바다""}, {""id"": 108, ""name"": ""인공지능""}, {""id"": 106, ""name"": ""서울""}, {""id"": 119, ""name"": ""환경""}]",ko,2022-04-05,7.8,10031,33.752,117,False,False,"['코미디', '모험']","['바다', '인공지능', '서울', '환경']",코미디 모험,바다 인공지능 서울 환경,2022,"광주의 대학가을 배경으로, 고향으로 돌아온 요리사가 가족이 숨겨온 오래된 약속의 의미를 알게 된다. 이 과정에서 가족의 의미을 마주하며 자신의 삶을 다시 바라본다. 코미디와 모험의 요소를 결합해 이야기를 따뜻한 시선으로 풀어낸 가상의 한국 영화.","광주의 대학가을 배경으로, 고향으로 돌아온 요리사가 가족이 숨겨온 오래된 약속의 의미를 알게 된다. 이 과정에서 가족의 의미을 마주하며 자신의 삶을 다시 바라본다. 코미디와 모험의 요소를 결합해 이야기를 따뜻한 시선으로 풀어낸 가상의 한국 영화. 코미디 모험 바다 인공지능 서울 환경"
100425,새벽의 숲 425,"외딴 섬을 배경으로, 택배 기사가 폐쇄 예정인 공간을 지키기 위한 계획을 세운다. 이 과정에서 상실과 회복을 마주하며 자신의 삶을 다시 바라본다. 범죄와 로맨스의 요소를 결합해 이야기를 긴장감 있게 풀어낸 가상의 한국 영화.","[{""id"": 7, ""name"": ""범죄""}, {""id"": 3, ""name"": ""로맨스""}]","[{""id"": 122, ""name"": ""공동체""}, {""id"": 117, ""name"": ""범죄""}, {""id"": 115, ""name"": ""요리""}, {""id"": 120, ""name"": ""언론""}]",ko,2022-05-25,5.7,10168,25.883,130,False,False,"['범죄', '로맨스']","['공동체', '범죄', '요리', '언론']",범죄 로맨스,공동체 범죄 요리 언론,2022,"외딴 섬을 배경으로, 택배 기사가 폐쇄 예정인 공간을 지키기 위한 계획을 세운다. 이 과정에서 상실과 회복을 마주하며 자신의 삶을 다시 바라본다. 범죄와 로맨스의 요소를 결합해 이야기를 긴장감 있게 풀어낸 가상의 한국 영화.","외딴 섬을 배경으로, 택배 기사가 폐쇄 예정인 공간을 지키기 위한 계획을 세운다. 이 과정에서 상실과 회복을 마주하며 자신의 삶을 다시 바라본다. 범죄와 로맨스의 요소를 결합해 이야기를 긴장감 있게 풀어낸 가상의 한국 영화. 범죄 로맨스 공동체 범죄 요리 언론"
100426,겨울의 사진의 끝 426,"서울의 오래된 골목을 배경으로, 가족과 멀어진 의사가 수십 년 전 사라진 편지 한 통을 발견한다. 이 과정에서 도전과 성장을 마주하며 자신의 삶을 다시 바라본다. 애니메이션와 SF의 요소를 결합해 이야기를 긴장감 있게 풀어낸 가상의 한국 영화.","[{""id"": 12, ""name"": ""애니메이션""}, {""id"": 10, ""name"": ""SF""}]","[{""id"": 113, ""name"": ""여행""}, {""id"": 104, ""name"": ""미스터리""}, {""id"": 114, ""name"": ""음악""}, {""id"": 123, ""name"": ""역사""}]",ko,2022-07-14,7.5,10305,37.114,78,False,False,"['애니메이션', 'SF']","['여행', '미스터리', '음악', '역사']",애니메이션 SF,여행 미스터리 음악 역사,2022,"서울의 오래된 골목을 배경으로, 가족과 멀어진 의사가 수십 년 전 사라진 편지 한 통을 발견한다. 이 과정에서 도전과 성장을 마주하며 자신의 삶을 다시 바라본다. 애니메이션와 SF의 요소를 결합해 이야기를 긴장감 있게 풀어낸 가상의 한국 영화.","서울의 오래된 골목을 배경으로, 가족과 멀어진 의사가 수십 년 전 사라진 편지 한 통을 발견한다. 이 과정에서 도전과 성장을 마주하며 자신의 삶을 다시 바라본다. 애니메이션와 SF의 요소를 결합해 이야기를 긴장감 있게 풀어낸 가상의 한국 영화. 애니메이션 SF 여행 미스터리 음악 역사"
100427,여름의 로봇의 선택 427,"한강변을 배경으로, 고향으로 돌아온 요리사가 가짜 뉴스로 인해 무너진 관계를 회복하려 한다. 이 과정에서 진실과 거짓을 마주하며 자신의 삶을 다시 바라본다. 코미디와 미스터리의 요소를 결합해 이야기를 따뜻한 시선으로 풀어낸 가상의 한국 영화.","[{""id"": 2, ""name"": ""코미디""}, {""id"": 5, ""name"": ""미스터리""}]","[{""id"": 101, ""name"": ""가족""}, {""id"": 115, ""name"": ""요리""}, {""id"": 119, ""name"": ""환경""}, {""id"": 120, ""name"": ""언론""}]",ko,2022-09-02,5.7,10442,28.309,91,False,False,"['코미디', '미스터리']","['가족', '요리', '환경', '언론']",코미디 미스터리,가족 요리 환경 언론,2022,"한강변을 배경으로, 고향으로 돌아온 요리사가 가짜 뉴스로 인해 무너진 관계를 회복하려 한다. 이 과정에서 진실과 거짓을 마주하며 자신의 삶을 다시 바라본다. 코미디와 미스터리의 요소를 결합해 이야기를 따뜻한 시선으로 풀어낸 가상의 한국 영화.","한강변을 배경으로, 고향으로 돌아온 요리사가 가짜 뉴스로 인해 무너진 관계를 회복하려 한다. 이 과정에서 진실과 거짓을 마주하며 자신의 삶을 다시 바라본다. 코미디와 미스터리의 요소를 결합해 이야기를 따뜻한 시선으로 풀어낸 가상의 한국 영화. 코미디 미스터리 가족 요리 환경 언론"
100428,봄날의 신호을 기다리며 428,"대구의 오래된 극장을 배경으로, 택배 기사가 정체를 알 수 없는 음성 메시지를 매일 받기 시작한다. 이 과정에서 환경과 공존을 마주하며 자신의 삶을 다시 바라본다. 범죄와 판타지의 요소를 결합해 이야기를 긴장감 있게 풀어낸 가상의 한국 영화.","[{""id"": 7, ""name"": ""범죄""}, {""id"": 9, ""name"": ""판타지""}]","[{""id"": 107, ""name"": ""바다""}, {""id"": 112, ""name"": ""사랑""}, {""id"": 102, ""name"": ""우정""}, {""id"": 114, ""name"": ""음악""}]",ko,2022-03-19,7.2,10579,33.325,104,False,False,"['범죄', '판타지']","['바다', '사랑', '우정', '음악']",범죄 판타지,바다 사랑 우정 음악,2022,"대구의 오래된 극장을 배경으로, 택배 기사가 정체를 알 수 없는 음성 메시지를 매일 받기 시작한다. 이 과정에서 환경과 공존을 마주하며 자신의 삶을 다시 바라본다. 범죄와 판타지의 요소를 결합해 이야기를 긴장감 있게 풀어낸 가상의 한국 영화.","대구의 오래된 극장을 배경으로, 택배 기사가 정체를 알 수 없는 음성 메시지를 매일 받기 시작한다. 이 과정에서 환경과 공존을 마주하며 자신의 삶을 다시 바라본다. 범죄와 판타지의 요소를 결합해 이야기를 긴장감 있게 풀어낸 가상의 한국 영화. 범죄 판타지 바다 사랑 우정 음악"
100429,가을의 불꽃의 계절 429,"달 기지을 배경으로, 가족과 멀어진 의사가 도시 전체의 전력이 사라진 밤에 중요한 선택을 한다. 이 과정에서 세대 간 갈등을 마주하며 자신의 삶을 다시 바라본다. 애니메이션와 드라마의 요소를 결합해 이야기를 긴장감 있게 풀어낸 가상의 한국 영화.","[{""id"": 12, ""name"": ""애니메이션""}, {""id"": 1, ""name"": ""드라마""}]","[{""id"": 121, ""name"": ""가짜뉴스""}, {""id"": 119, ""name"": ""환경""}, {""id"": 110, ""name"": ""추적""}, {""id"": 105, ""name"": ""제주""}]",ko,2022-05-08,5.3,10716,33.359,117,False,False,"['애니메이션', '드라마']","['가짜뉴스', '환경', '추적', '제주']",애니메이션 드라마,가짜뉴스 환경 추적 제주,2022,"달 기지을 배경으로, 가족과 멀어진 의사가 도시 전체의 전력이 사라진 밤에 중요한 선택을 한다. 이 과정에서 세대 간 갈등을 마주하며 자신의 삶을 다시 바라본다. 애니메이션와 드라마의 요소를 결합해 이야기를 긴장감 있게 풀어낸 가상의 한국 영화.","달 기지을 배경으로, 가족과 멀어진 의사가 도시 전체의 전력이 사라진 밤에 중요한 선택을 한다. 이 과정에서 세대 간 갈등을 마주하며 자신의 삶을 다시 바라본다. 애니메이션와 드라마의 요소를 결합해 이야기를 긴장감 있게 풀어낸 가상의 한국 영화. 애니메이션 드라마 가짜뉴스 환경 추적 제주"
100430,푸른 도서관의 기록 430,"제주도의 작은 해안마을을 배경으로, 고향으로 돌아온 요리사가 하루가 반복되는 이상한 현상을 겪는다. 이 과정에서 사랑과 이별을 마주하며 자신의 삶을 다시 바라본다. 코미디와 가족의 요소를 결합해 이야기를 따뜻한 시선으로 풀어낸 가상의 한국 영화.","[{""id"": 2, ""name"": ""코미디""}, {""id"": 8, ""name"": ""가족""}]","[{""id"": 113, ""name"": ""여행""}, {""id"": 122, ""name"": ""공동체""}, {""id"": 118, ""name"": ""미래""}, {""id"": 114, ""name"": ""음악""}]",ko,2022-06-27,7.0,10853,29.962,130,False,False,"['코미디', '가족']","['여행', '공동체', '미래', '음악']",코미디 가족,여행 공동체 미래 음악,2022,"제주도의 작은 해안마을을 배경으로, 고향으로 돌아온 요리사가 하루가 반복되는 이상한 현상을 겪는다. 이 과정에서 사랑과 이별을 마주하며 자신의 삶을 다시 바라본다. 코미디와 가족의 요소를 결합해 이야기를 따뜻한 시선으로 풀어낸 가상의 한국 영화.","제주도의 작은 해안마을을 배경으로, 고향으로 돌아온 요리사가 하루가 반복되는 이상한 현상을 겪는다. 이 과정에서 사랑과 이별을 마주하며 자신의 삶을 다시 바라본다. 코미디와 가족의 요소를 결합해 이야기를 따뜻한 시선으로 풀어낸 가상의 한국 영화. 코미디 가족 여행 공동체 미래 음악"
100431,붉은 별의 하루 431,"강원도의 산골마을을 배경으로, 택배 기사가 실종 사건의 단서가 된 노래를 해석하기 시작한다. 이 과정에서 선택과 책임을 마주하며 자신의 삶을 다시 바라본다. 범죄와 다큐멘터리의 요소를 결합해 이야기를 긴장감 있게 풀어낸 가상의 한국 영화.","[{""id"": 7, ""name"": ""범죄""}, {""id"": 15, ""name"": ""다큐멘터리""}]","[{""id"": 114, ""name"": ""음악""}, {""id"": 120, ""name"": ""언론""}, {""id"": 124, ""name"": ""시간여행""}, {""id"": 125, ""name"": ""탐정""}]",ko,2022-08-16,5.2,10990,24.648,78,False,False,"['범죄', '다큐멘터리']","['음악', '언론', '시간여행', '탐정']",범죄 다큐멘터리,음악 언론 시간여행 탐정,2022,"강원도의 산골마을을 배경으로, 택배 기사가 실종 사건의 단서가 된 노래를 해석하기 시작한다. 이 과정에서 선택과 책임을 마주하며 자신의 삶을 다시 바라본다. 범죄와 다큐멘터리의 요소를 결합해 이야기를 긴장감 있게 풀어낸 가상의 한국 영화.","강원도의 산골마을을 배경으로, 택배 기사가 실종 사건의 단서가 된 노래를 해석하기 시작한다. 이 과정에서 선택과 책임을 마주하며 자신의 삶을 다시 바라본다. 범죄와 다큐멘터리의 요소를 결합해 이야기를 긴장감 있게 풀어낸 가상의 한국 영화. 범죄 다큐멘터리 음악 언론 시간여행 탐정"
100432,검은 식당에서 만난 사람 432,"전주의 한옥마을을 배경으로, 가족과 멀어진 의사가 서로 다른 목적을 가진 사람들과 뜻밖의 팀을 이룬다. 이 과정에서 지역 공동체을 마주하며 자신의 삶을 다시 바라본다. 애니메이션와 범죄의 요소를 결합해 이야기를 긴장감 있게 풀어낸 가상의 한국 영화.","[{""id"": 12, ""name"": ""애니메이션""}, {""id"": 7, ""name"": ""범죄""}]","[{""id"": 106, ""name"": ""서울""}, {""id"": 120, ""name"": ""언론""}, {""id"": 121, ""name"": ""가짜뉴스""}, {""id"": 110, ""name"": ""추적""}]",ko,2022-10-05,7.0,11127,27.073,91,False,False,"['애니메이션', '범죄']","['서울', '언론', '가짜뉴스', '추적']",애니메이션 범죄,서울 언론 가짜뉴스 추적,2022,"전주의 한옥마을을 배경으로, 가족과 멀어진 의사가 서로 다른 목적을 가진 사람들과 뜻밖의 팀을 이룬다. 이 과정에서 지역 공동체을 마주하며 자신의 삶을 다시 바라본다. 애니메이션와 범죄의 요소를 결합해 이야기를 긴장감 있게 풀어낸 가상의 한국 영화.","전주의 한옥마을을 배경으로, 가족과 멀어진 의사가 서로 다른 목적을 가진 사람들과 뜻밖의 팀을 이룬다. 이 과정에서 지역 공동체을 마주하며 자신의 삶을 다시 바라본다. 애니메이션와 범죄의 요소를 결합해 이야기를 긴장감 있게 풀어낸 가상의 한국 영화. 애니메이션 범죄 서울 언론 가짜뉴스 추적"
100433,하얀 비행의 밤 433,"가상의 미래 도시을 배경으로, 고향으로 돌아온 요리사가 마을 사람들만 알고 있는 비밀스러운 규칙을 알게 된다. 이 과정에서 기술과 인간성을 마주하며 자신의 삶을 다시 바라본다. 코미디와 역사의 요소를 결합해 이야기를 따뜻한 시선으로 풀어낸 가상의 한국 영화.","[{""id"": 2, ""name"": ""코미디""}, {""id"": 14, ""name"": ""역사""}]","[{""id"": 109, ""name"": ""로봇""}, {""id"": 121, ""name"": ""가짜뉴스""}, {""id"": 118, ""name"": ""미래""}, {""id"": 106, ""name"": ""서울""}]",ko,2022-11-24,5.0,11264,30.349,104,False,False,"['코미디', '역사']","['로봇', '가짜뉴스', '미래', '서울']",코미디 역사,로봇 가짜뉴스 미래 서울,2022,"가상의 미래 도시을 배경으로, 고향으로 돌아온 요리사가 마을 사람들만 알고 있는 비밀스러운 규칙을 알게 된다. 이 과정에서 기술과 인간성을 마주하며 자신의 삶을 다시 바라본다. 코미디와 역사의 요소를 결합해 이야기를 따뜻한 시선으로 풀어낸 가상의 한국 영화.","가상의 미래 도시을 배경으로, 고향으로 돌아온 요리사가 마을 사람들만 알고 있는 비밀스러운 규칙을 알게 된다. 이 과정에서 기술과 인간성을 마주하며 자신의 삶을 다시 바라본다. 코미디와 역사의 요소를 결합해 이야기를 따뜻한 시선으로 풀어낸 가상의 한국 영화. 코미디 역사 로봇 가짜뉴스 미래 서울"
100434,마지막 터널의 온도 434,"국경 근처의 작은 역을 배경으로, 택배 기사가 인공지능이 작성한 의문의 일기를 추적한다. 이 과정에서 기억과 정체성을 마주하며 자신의 삶을 다시 바라본다. 범죄와 액션의 요소를 결합해 이야기를 긴장감 있게 풀어낸 가상의 한국 영화.","[{""id"": 7, ""name"": ""범죄""}, {""id"": 6, ""name"": ""액션""}]","[{""id"": 124, ""name"": ""시간여행""}, {""id"": 121, ""name"": ""가짜뉴스""}, {""id"": 122, ""name"": ""공동체""}, {""id"": 109, ""name"": ""로봇""}]",ko,2023-01-13,6.7,11401,35.166,117,False,False,"['범죄', '액션']","['시간여행', '가짜뉴스', '공동체', '로봇']",범죄 액션,시간여행 가짜뉴스 공동체 로봇,2023,"국경 근처의 작은 역을 배경으로, 택배 기사가 인공지능이 작성한 의문의 일기를 추적한다. 이 과정에서 기억과 정체성을 마주하며 자신의 삶을 다시 바라본다. 범죄와 액션의 요소를 결합해 이야기를 긴장감 있게 풀어낸 가상의 한국 영화.","국경 근처의 작은 역을 배경으로, 택배 기사가 인공지능이 작성한 의문의 일기를 추적한다. 이 과정에서 기억과 정체성을 마주하며 자신의 삶을 다시 바라본다. 범죄와 액션의 요소를 결합해 이야기를 긴장감 있게 풀어낸 가상의 한국 영화. 범죄 액션 시간여행 가짜뉴스 공동체 로봇"
100435,첫 번째 약속 너머 435,"부산항 인근을 배경으로, 가족과 멀어진 의사가 우연히 과거의 사건과 연결된 사진을 발견한다. 이 과정에서 우정과 신뢰을 마주하며 자신의 삶을 다시 바라본다. 애니메이션와 음악의 요소를 결합해 이야기를 긴장감 있게 풀어낸 가상의 한국 영화.","[{""id"": 12, ""name"": ""애니메이션""}, {""id"": 13, ""name"": ""음악""}]","[{""id"": 112, ""name"": ""사랑""}, {""id"": 114, ""name"": ""음악""}, {""id"": 124, ""name"": ""시간여행""}, {""id"": 110, ""name"": ""추적""}]",ko,2022-07-30,8.4,11538,37.664,130,False,False,"['애니메이션', '음악']","['사랑', '음악', '시간여행', '추적']",애니메이션 음악,사랑 음악 시간여행 추적,2022,"부산항 인근을 배경으로, 가족과 멀어진 의사가 우연히 과거의 사건과 연결된 사진을 발견한다. 이 과정에서 우정과 신뢰을 마주하며 자신의 삶을 다시 바라본다. 애니메이션와 음악의 요소를 결합해 이야기를 긴장감 있게 풀어낸 가상의 한국 영화.","부산항 인근을 배경으로, 가족과 멀어진 의사가 우연히 과거의 사건과 연결된 사진을 발견한다. 이 과정에서 우정과 신뢰을 마주하며 자신의 삶을 다시 바라본다. 애니메이션와 음악의 요소를 결합해 이야기를 긴장감 있게 풀어낸 가상의 한국 영화. 애니메이션 음악 사랑 음악 시간여행 추적"
100436,낯선 극장의 비밀 436,"인천의 낡은 공단을 배경으로, 고향으로 돌아온 요리사가 가족이 숨겨온 오래된 약속의 의미를 알게 된다. 이 과정에서 가족의 의미을 마주하며 자신의 삶을 다시 바라본다. 코미디와 미스터리의 요소를 결합해 이야기를 따뜻한 시선으로 풀어낸 가상의 한국 영화.","[{""id"": 2, ""name"": ""코미디""}, {""id"": 5, ""name"": ""미스터리""}]","[{""id"": 121, ""name"": ""가짜뉴스""}, {""id"": 108, ""name"": ""인공지능""}, {""id"": 107, ""name"": ""바다""}, {""id"": 105, ""name"": ""제주""}]",ko,2022-09-18,6.5,11675,35.645,78,False,False,"['코미디', '미스터리']","['가짜뉴스', '인공지능', '바다', '제주']",코미디 미스터리,가짜뉴스 인공지능 바다 제주,2022,"인천의 낡은 공단을 배경으로, 고향으로 돌아온 요리사가 가족이 숨겨온 오래된 약속의 의미를 알게 된다. 이 과정에서 가족의 의미을 마주하며 자신의 삶을 다시 바라본다. 코미디와 미스터리의 요소를 결합해 이야기를 따뜻한 시선으로 풀어낸 가상의 한국 영화.","인천의 낡은 공단을 배경으로, 고향으로 돌아온 요리사가 가족이 숨겨온 오래된 약속의 의미를 알게 된다. 이 과정에서 가족의 의미을 마주하며 자신의 삶을 다시 바라본다. 코미디와 미스터리의 요소를 결합해 이야기를 따뜻한 시선으로 풀어낸 가상의 한국 영화. 코미디 미스터리 가짜뉴스 인공지능 바다 제주"
100437,잊힌 시간로 가는 길 437,"광주의 대학가을 배경으로, 택배 기사가 폐쇄 예정인 공간을 지키기 위한 계획을 세운다. 이 과정에서 상실과 회복을 마주하며 자신의 삶을 다시 바라본다. 범죄와 애니메이션의 요소를 결합해 이야기를 긴장감 있게 풀어낸 가상의 한국 영화.","[{""id"": 7, ""name"": ""범죄""}, {""id"": 12, ""name"": ""애니메이션""}]","[{""id"": 113, ""name"": ""여행""}, {""id"": 120, ""name"": ""언론""}, {""id"": 108, ""name"": ""인공지능""}, {""id"": 101, ""name"": ""가족""}]",ko,2022-11-07,8.3,11812,27.791,91,False,False,"['범죄', '애니메이션']","['여행', '언론', '인공지능', '가족']",범죄 애니메이션,여행 언론 인공지능 가족,2022,"광주의 대학가을 배경으로, 택배 기사가 폐쇄 예정인 공간을 지키기 위한 계획을 세운다. 이 과정에서 상실과 회복을 마주하며 자신의 삶을 다시 바라본다. 범죄와 애니메이션의 요소를 결합해 이야기를 긴장감 있게 풀어낸 가상의 한국 영화.","광주의 대학가을 배경으로, 택배 기사가 폐쇄 예정인 공간을 지키기 위한 계획을 세운다. 이 과정에서 상실과 회복을 마주하며 자신의 삶을 다시 바라본다. 범죄와 애니메이션의 요소를 결합해 이야기를 긴장감 있게 풀어낸 가상의 한국 영화. 범죄 애니메이션 여행 언론 인공지능 가족"
100438,비밀의 학교과 우리 438,"외딴 섬을 배경으로, 가족과 멀어진 의사가 수십 년 전 사라진 편지 한 통을 발견한다. 이 과정에서 도전과 성장을 마주하며 자신의 삶을 다시 바라본다. 애니메이션와 스릴러의 요소를 결합해 이야기를 긴장감 있게 풀어낸 가상의 한국 영화.","[{""id"": 12, ""name"": ""애니메이션""}, {""id"": 4, ""name"": ""스릴러""}]","[{""id"": 124, ""name"": ""시간여행""}, {""id"": 125, ""name"": ""탐정""}, {""id"": 119, ""name"": ""환경""}, {""id"": 110, ""name"": ""추적""}]",ko,2022-12-27,6.4,11949,41.733,104,False,False,"['애니메이션', '스릴러']","['시간여행', '탐정', '환경', '추적']",애니메이션 스릴러,시간여행 탐정 환경 추적,2022,"외딴 섬을 배경으로, 가족과 멀어진 의사가 수십 년 전 사라진 편지 한 통을 발견한다. 이 과정에서 도전과 성장을 마주하며 자신의 삶을 다시 바라본다. 애니메이션와 스릴러의 요소를 결합해 이야기를 긴장감 있게 풀어낸 가상의 한국 영화.","외딴 섬을 배경으로, 가족과 멀어진 의사가 수십 년 전 사라진 편지 한 통을 발견한다. 이 과정에서 도전과 성장을 마주하며 자신의 삶을 다시 바라본다. 애니메이션와 스릴러의 요소를 결합해 이야기를 긴장감 있게 풀어낸 가상의 한국 영화. 애니메이션 스릴러 시간여행 탐정 환경 추적"
100439,고요한 문에게 439,"서울의 오래된 골목을 배경으로, 고향으로 돌아온 요리사가 가짜 뉴스로 인해 무너진 관계를 회복하려 한다. 이 과정에서 진실과 거짓을 마주하며 자신의 삶을 다시 바라본다. 코미디와 모험의 요소를 결합해 이야기를 따뜻한 시선으로 풀어낸 가상의 한국 영화.","[{""id"": 2, ""name"": ""코미디""}, {""id"": 11, ""name"": ""모험""}]","[{""id"": 120, ""name"": ""언론""}, {""id"": 109, ""name"": ""로봇""}, {""id"": 118, ""name"": ""미래""}, {""id"": 108, ""name"": ""인공지능""}]",ko,2023-02-15,8.0,86,14.075,117,False,False,"['코미디', '모험']","['언론', '로봇', '미래', '인공지능']",코미디 모험,언론 로봇 미래 인공지능,2023,"서울의 오래된 골목을 배경으로, 고향으로 돌아온 요리사가 가짜 뉴스로 인해 무너진 관계를 회복하려 한다. 이 과정에서 진실과 거짓을 마주하며 자신의 삶을 다시 바라본다. 코미디와 모험의 요소를 결합해 이야기를 따뜻한 시선으로 풀어낸 가상의 한국 영화.","서울의 오래된 골목을 배경으로, 고향으로 돌아온 요리사가 가짜 뉴스로 인해 무너진 관계를 회복하려 한다. 이 과정에서 진실과 거짓을 마주하며 자신의 삶을 다시 바라본다. 코미디와 모험의 요소를 결합해 이야기를 따뜻한 시선으로 풀어낸 가상의 한국 영화. 코미디 모험 언론 로봇 미래 인공지능"
100440,빛나는 카페 440,"한강변을 배경으로, 택배 기사가 정체를 알 수 없는 음성 메시지를 매일 받기 시작한다. 이 과정에서 환경과 공존을 마주하며 자신의 삶을 다시 바라본다. 범죄와 로맨스의 요소를 결합해 이야기를 긴장감 있게 풀어낸 가상의 한국 영화.","[{""id"": 7, ""name"": ""범죄""}, {""id"": 3, ""name"": ""로맨스""}]","[{""id"": 111, ""name"": ""성장""}, {""id"": 120, ""name"": ""언론""}, {""id"": 116, ""name"": ""학교""}, {""id"": 108, ""name"": ""인공지능""}]",ko,2023-04-06,6.0,223,22.699,130,False,False,"['범죄', '로맨스']","['성장', '언론', '학교', '인공지능']",범죄 로맨스,성장 언론 학교 인공지능,2023,"한강변을 배경으로, 택배 기사가 정체를 알 수 없는 음성 메시지를 매일 받기 시작한다. 이 과정에서 환경과 공존을 마주하며 자신의 삶을 다시 바라본다. 범죄와 로맨스의 요소를 결합해 이야기를 긴장감 있게 풀어낸 가상의 한국 영화.","한강변을 배경으로, 택배 기사가 정체를 알 수 없는 음성 메시지를 매일 받기 시작한다. 이 과정에서 환경과 공존을 마주하며 자신의 삶을 다시 바라본다. 범죄와 로맨스의 요소를 결합해 이야기를 긴장감 있게 풀어낸 가상의 한국 영화. 범죄 로맨스 성장 언론 학교 인공지능"
100441,흐린 파도의 끝 441,"대구의 오래된 극장을 배경으로, 가족과 멀어진 의사가 도시 전체의 전력이 사라진 밤에 중요한 선택을 한다. 이 과정에서 세대 간 갈등을 마주하며 자신의 삶을 다시 바라본다. 애니메이션와 SF의 요소를 결합해 이야기를 긴장감 있게 풀어낸 가상의 한국 영화.","[{""id"": 12, ""name"": ""애니메이션""}, {""id"": 10, ""name"": ""SF""}]","[{""id"": 102, ""name"": ""우정""}, {""id"": 120, ""name"": ""언론""}, {""id"": 111, ""name"": ""성장""}, {""id"": 112, ""name"": ""사랑""}]",ko,2023-05-26,7.7,360,33.958,78,False,False,"['애니메이션', 'SF']","['우정', '언론', '성장', '사랑']",애니메이션 SF,우정 언론 성장 사랑,2023,"대구의 오래된 극장을 배경으로, 가족과 멀어진 의사가 도시 전체의 전력이 사라진 밤에 중요한 선택을 한다. 이 과정에서 세대 간 갈등을 마주하며 자신의 삶을 다시 바라본다. 애니메이션와 SF의 요소를 결합해 이야기를 긴장감 있게 풀어낸 가상의 한국 영화.","대구의 오래된 극장을 배경으로, 가족과 멀어진 의사가 도시 전체의 전력이 사라진 밤에 중요한 선택을 한다. 이 과정에서 세대 간 갈등을 마주하며 자신의 삶을 다시 바라본다. 애니메이션와 SF의 요소를 결합해 이야기를 긴장감 있게 풀어낸 가상의 한국 영화. 애니메이션 SF 우정 언론 성장 사랑"
100442,먼 섬의 선택 442,"달 기지을 배경으로, 고향으로 돌아온 요리사가 하루가 반복되는 이상한 현상을 겪는다. 이 과정에서 사랑과 이별을 마주하며 자신의 삶을 다시 바라본다. 코미디와 미스터리의 요소를 결합해 이야기를 따뜻한 시선으로 풀어낸 가상의 한국 영화.","[{""id"": 2, ""name"": ""코미디""}, {""id"": 5, ""name"": ""미스터리""}]","[{""id"": 120, ""name"": ""언론""}, {""id"": 110, ""name"": ""추적""}, {""id"": 115, ""name"": ""요리""}, {""id"": 108, ""name"": ""인공지능""}]",ko,2022-12-10,5.9,497,24.104,91,False,False,"['코미디', '미스터리']","['언론', '추적', '요리', '인공지능']",코미디 미스터리,언론 추적 요리 인공지능,2022,"달 기지을 배경으로, 고향으로 돌아온 요리사가 하루가 반복되는 이상한 현상을 겪는다. 이 과정에서 사랑과 이별을 마주하며 자신의 삶을 다시 바라본다. 코미디와 미스터리의 요소를 결합해 이야기를 따뜻한 시선으로 풀어낸 가상의 한국 영화.","달 기지을 배경으로, 고향으로 돌아온 요리사가 하루가 반복되는 이상한 현상을 겪는다. 이 과정에서 사랑과 이별을 마주하며 자신의 삶을 다시 바라본다. 코미디와 미스터리의 요소를 결합해 이야기를 따뜻한 시선으로 풀어낸 가상의 한국 영화. 코미디 미스터리 언론 추적 요리 인공지능"
100443,작은 노래을 기다리며 443,"제주도의 작은 해안마을을 배경으로, 택배 기사가 실종 사건의 단서가 된 노래를 해석하기 시작한다. 이 과정에서 선택과 책임을 마주하며 자신의 삶을 다시 바라본다. 범죄와 판타지의 요소를 결합해 이야기를 긴장감 있게 풀어낸 가상의 한국 영화.","[{""id"": 7, ""name"": ""범죄""}, {""id"": 9, ""name"": ""판타지""}]","[{""id"": 114, ""name"": ""음악""}, {""id"": 109, ""name"": ""로봇""}, {""id"": 118, ""name"": ""미래""}, {""id"": 125, ""name"": ""탐정""}]",ko,2023-01-29,7.5,634,26.842,104,False,False,"['범죄', '판타지']","['음악', '로봇', '미래', '탐정']",범죄 판타지,음악 로봇 미래 탐정,2023,"제주도의 작은 해안마을을 배경으로, 택배 기사가 실종 사건의 단서가 된 노래를 해석하기 시작한다. 이 과정에서 선택과 책임을 마주하며 자신의 삶을 다시 바라본다. 범죄와 판타지의 요소를 결합해 이야기를 긴장감 있게 풀어낸 가상의 한국 영화.","제주도의 작은 해안마을을 배경으로, 택배 기사가 실종 사건의 단서가 된 노래를 해석하기 시작한다. 이 과정에서 선택과 책임을 마주하며 자신의 삶을 다시 바라본다. 범죄와 판타지의 요소를 결합해 이야기를 긴장감 있게 풀어낸 가상의 한국 영화. 범죄 판타지 음악 로봇 미래 탐정"
100444,오래된 탐정의 계절 444,"강원도의 산골마을을 배경으로, 가족과 멀어진 의사가 서로 다른 목적을 가진 사람들과 뜻밖의 팀을 이룬다. 이 과정에서 지역 공동체을 마주하며 자신의 삶을 다시 바라본다. 애니메이션와 드라마의 요소를 결합해 이야기를 긴장감 있게 풀어낸 가상의 한국 영화.","[{""id"": 12, ""name"": ""애니메이션""}, {""id"": 1, ""name"": ""드라마""}]","[{""id"": 120, ""name"": ""언론""}, {""id"": 122, ""name"": ""공동체""}, {""id"": 108, ""name"": ""인공지능""}, {""id"": 105, ""name"": ""제주""}]",ko,2023-03-20,5.7,771,36.218,117,False,False,"['애니메이션', '드라마']","['언론', '공동체', '인공지능', '제주']",애니메이션 드라마,언론 공동체 인공지능 제주,2023,"강원도의 산골마을을 배경으로, 가족과 멀어진 의사가 서로 다른 목적을 가진 사람들과 뜻밖의 팀을 이룬다. 이 과정에서 지역 공동체을 마주하며 자신의 삶을 다시 바라본다. 애니메이션와 드라마의 요소를 결합해 이야기를 긴장감 있게 풀어낸 가상의 한국 영화.","강원도의 산골마을을 배경으로, 가족과 멀어진 의사가 서로 다른 목적을 가진 사람들과 뜻밖의 팀을 이룬다. 이 과정에서 지역 공동체을 마주하며 자신의 삶을 다시 바라본다. 애니메이션와 드라마의 요소를 결합해 이야기를 긴장감 있게 풀어낸 가상의 한국 영화. 애니메이션 드라마 언론 공동체 인공지능 제주"
100445,새로운 레시피의 기록 445,"전주의 한옥마을을 배경으로, 고향으로 돌아온 요리사가 마을 사람들만 알고 있는 비밀스러운 규칙을 알게 된다. 이 과정에서 기술과 인간성을 마주하며 자신의 삶을 다시 바라본다. 코미디와 가족의 요소를 결합해 이야기를 따뜻한 시선으로 풀어낸 가상의 한국 영화.","[{""id"": 2, ""name"": ""코미디""}, {""id"": 8, ""name"": ""가족""}]","[{""id"": 115, ""name"": ""요리""}, {""id"": 121, ""name"": ""가짜뉴스""}, {""id"": 116, ""name"": ""학교""}, {""id"": 117, ""name"": ""범죄""}]",ko,2023-05-09,7.3,908,22.666,130,False,False,"['코미디', '가족']","['요리', '가짜뉴스', '학교', '범죄']",코미디 가족,요리 가짜뉴스 학교 범죄,2023,"전주의 한옥마을을 배경으로, 고향으로 돌아온 요리사가 마을 사람들만 알고 있는 비밀스러운 규칙을 알게 된다. 이 과정에서 기술과 인간성을 마주하며 자신의 삶을 다시 바라본다. 코미디와 가족의 요소를 결합해 이야기를 따뜻한 시선으로 풀어낸 가상의 한국 영화.","전주의 한옥마을을 배경으로, 고향으로 돌아온 요리사가 마을 사람들만 알고 있는 비밀스러운 규칙을 알게 된다. 이 과정에서 기술과 인간성을 마주하며 자신의 삶을 다시 바라본다. 코미디와 가족의 요소를 결합해 이야기를 따뜻한 시선으로 풀어낸 가상의 한국 영화. 코미디 가족 요리 가짜뉴스 학교 범죄"
100446,달빛 아래 눈의 하루 446,"가상의 미래 도시을 배경으로, 택배 기사가 인공지능이 작성한 의문의 일기를 추적한다. 이 과정에서 기억과 정체성을 마주하며 자신의 삶을 다시 바라본다. 범죄와 다큐멘터리의 요소를 결합해 이야기를 긴장감 있게 풀어낸 가상의 한국 영화.","[{""id"": 7, ""name"": ""범죄""}, {""id"": 15, ""name"": ""다큐멘터리""}]","[{""id"": 119, ""name"": ""환경""}, {""id"": 117, ""name"": ""범죄""}, {""id"": 110, ""name"": ""추적""}, {""id"": 107, ""name"": ""바다""}]",ko,2023-06-28,5.5,1045,32.213,78,False,False,"['범죄', '다큐멘터리']","['환경', '범죄', '추적', '바다']",범죄 다큐멘터리,환경 범죄 추적 바다,2023,"가상의 미래 도시을 배경으로, 택배 기사가 인공지능이 작성한 의문의 일기를 추적한다. 이 과정에서 기억과 정체성을 마주하며 자신의 삶을 다시 바라본다. 범죄와 다큐멘터리의 요소를 결합해 이야기를 긴장감 있게 풀어낸 가상의 한국 영화.","가상의 미래 도시을 배경으로, 택배 기사가 인공지능이 작성한 의문의 일기를 추적한다. 이 과정에서 기억과 정체성을 마주하며 자신의 삶을 다시 바라본다. 범죄와 다큐멘터리의 요소를 결합해 이야기를 긴장감 있게 풀어낸 가상의 한국 영화. 범죄 다큐멘터리 환경 범죄 추적 바다"
100447,바람 속 골목에서 만난 사람 447,"국경 근처의 작은 역을 배경으로, 가족과 멀어진 의사가 우연히 과거의 사건과 연결된 사진을 발견한다. 이 과정에서 우정과 신뢰을 마주하며 자신의 삶을 다시 바라본다. 애니메이션와 범죄의 요소를 결합해 이야기를 긴장감 있게 풀어낸 가상의 한국 영화.","[{""id"": 12, ""name"": ""애니메이션""}, {""id"": 7, ""name"": ""범죄""}]","[{""id"": 124, ""name"": ""시간여행""}, {""id"": 122, ""name"": ""공동체""}, {""id"": 107, ""name"": ""바다""}, {""id"": 114, ""name"": ""음악""}]",ko,2023-08-17,7.1,1182,33.329,91,False,False,"['애니메이션', '범죄']","['시간여행', '공동체', '바다', '음악']",애니메이션 범죄,시간여행 공동체 바다 음악,2023,"국경 근처의 작은 역을 배경으로, 가족과 멀어진 의사가 우연히 과거의 사건과 연결된 사진을 발견한다. 이 과정에서 우정과 신뢰을 마주하며 자신의 삶을 다시 바라본다. 애니메이션와 범죄의 요소를 결합해 이야기를 긴장감 있게 풀어낸 가상의 한국 영화.","국경 근처의 작은 역을 배경으로, 가족과 멀어진 의사가 우연히 과거의 사건과 연결된 사진을 발견한다. 이 과정에서 우정과 신뢰을 마주하며 자신의 삶을 다시 바라본다. 애니메이션와 범죄의 요소를 결합해 이야기를 긴장감 있게 풀어낸 가상의 한국 영화. 애니메이션 범죄 시간여행 공동체 바다 음악"
100448,비 오는 날 마을의 밤 448,"부산항 인근을 배경으로, 고향으로 돌아온 요리사가 가족이 숨겨온 오래된 약속의 의미를 알게 된다. 이 과정에서 가족의 의미을 마주하며 자신의 삶을 다시 바라본다. 코미디와 역사의 요소를 결합해 이야기를 따뜻한 시선으로 풀어낸 가상의 한국 영화.","[{""id"": 2, ""name"": ""코미디""}, {""id"": 14, ""name"": ""역사""}]","[{""id"": 117, ""name"": ""범죄""}, {""id"": 120, ""name"": ""언론""}, {""id"": 109, ""name"": ""로봇""}, {""id"": 110, ""name"": ""추적""}]",ko,2023-10-06,5.4,1319,37.398,104,False,False,"['코미디', '역사']","['범죄', '언론', '로봇', '추적']",코미디 역사,범죄 언론 로봇 추적,2023,"부산항 인근을 배경으로, 고향으로 돌아온 요리사가 가족이 숨겨온 오래된 약속의 의미를 알게 된다. 이 과정에서 가족의 의미을 마주하며 자신의 삶을 다시 바라본다. 코미디와 역사의 요소를 결합해 이야기를 따뜻한 시선으로 풀어낸 가상의 한국 영화.","부산항 인근을 배경으로, 고향으로 돌아온 요리사가 가족이 숨겨온 오래된 약속의 의미를 알게 된다. 이 과정에서 가족의 의미을 마주하며 자신의 삶을 다시 바라본다. 코미디와 역사의 요소를 결합해 이야기를 따뜻한 시선으로 풀어낸 가상의 한국 영화. 코미디 역사 범죄 언론 로봇 추적"
100449,제주의 열차의 온도 449,"인천의 낡은 공단을 배경으로, 택배 기사가 폐쇄 예정인 공간을 지키기 위한 계획을 세운다. 이 과정에서 상실과 회복을 마주하며 자신의 삶을 다시 바라본다. 범죄와 액션의 요소를 결합해 이야기를 긴장감 있게 풀어낸 가상의 한국 영화.","[{""id"": 7, ""name"": ""범죄""}, {""id"": 6, ""name"": ""액션""}]","[{""id"": 125, ""name"": ""탐정""}, {""id"": 105, ""name"": ""제주""}, {""id"": 117, ""name"": ""범죄""}, {""id"": 122, ""name"": ""공동체""}]",ko,2023-04-22,6.9,1456,31.088,117,False,False,"['범죄', '액션']","['탐정', '제주', '범죄', '공동체']",범죄 액션,탐정 제주 범죄 공동체,2023,"인천의 낡은 공단을 배경으로, 택배 기사가 폐쇄 예정인 공간을 지키기 위한 계획을 세운다. 이 과정에서 상실과 회복을 마주하며 자신의 삶을 다시 바라본다. 범죄와 액션의 요소를 결합해 이야기를 긴장감 있게 풀어낸 가상의 한국 영화.","인천의 낡은 공단을 배경으로, 택배 기사가 폐쇄 예정인 공간을 지키기 위한 계획을 세운다. 이 과정에서 상실과 회복을 마주하며 자신의 삶을 다시 바라본다. 범죄와 액션의 요소를 결합해 이야기를 긴장감 있게 풀어낸 가상의 한국 영화. 범죄 액션 탐정 제주 범죄 공동체"
100450,서울의 우주선 너머 450,"광주의 대학가을 배경으로, 가족과 멀어진 의사가 수십 년 전 사라진 편지 한 통을 발견한다. 이 과정에서 도전과 성장을 마주하며 자신의 삶을 다시 바라본다. 애니메이션와 음악의 요소를 결합해 이야기를 긴장감 있게 풀어낸 가상의 한국 영화.","[{""id"": 12, ""name"": ""애니메이션""}, {""id"": 13, ""name"": ""음악""}]","[{""id"": 121, ""name"": ""가짜뉴스""}, {""id"": 122, ""name"": ""공동체""}, {""id"": 111, ""name"": ""성장""}, {""id"": 113, ""name"": ""여행""}]",ko,2023-06-11,5.0,1593,26.06,130,False,False,"['애니메이션', '음악']","['가짜뉴스', '공동체', '성장', '여행']",애니메이션 음악,가짜뉴스 공동체 성장 여행,2023,"광주의 대학가을 배경으로, 가족과 멀어진 의사가 수십 년 전 사라진 편지 한 통을 발견한다. 이 과정에서 도전과 성장을 마주하며 자신의 삶을 다시 바라본다. 애니메이션와 음악의 요소를 결합해 이야기를 긴장감 있게 풀어낸 가상의 한국 영화.","광주의 대학가을 배경으로, 가족과 멀어진 의사가 수십 년 전 사라진 편지 한 통을 발견한다. 이 과정에서 도전과 성장을 마주하며 자신의 삶을 다시 바라본다. 애니메이션와 음악의 요소를 결합해 이야기를 긴장감 있게 풀어낸 가상의 한국 영화. 애니메이션 음악 가짜뉴스 공동체 성장 여행"
100451,부산의 전화의 비밀 451,"외딴 섬을 배경으로, 고향으로 돌아온 요리사가 가짜 뉴스로 인해 무너진 관계를 회복하려 한다. 이 과정에서 진실과 거짓을 마주하며 자신의 삶을 다시 바라본다. 코미디와 미스터리의 요소를 결합해 이야기를 따뜻한 시선으로 풀어낸 가상의 한국 영화.","[{""id"": 2, ""name"": ""코미디""}, {""id"": 5, ""name"": ""미스터리""}]","[{""id"": 124, ""name"": ""시간여행""}, {""id"": 110, ""name"": ""추적""}, {""id"": 122, ""name"": ""공동체""}, {""id"": 109, ""name"": ""로봇""}]",ko,2023-07-31,6.8,1730,25.416,78,False,False,"['코미디', '미스터리']","['시간여행', '추적', '공동체', '로봇']",코미디 미스터리,시간여행 추적 공동체 로봇,2023,"외딴 섬을 배경으로, 고향으로 돌아온 요리사가 가짜 뉴스로 인해 무너진 관계를 회복하려 한다. 이 과정에서 진실과 거짓을 마주하며 자신의 삶을 다시 바라본다. 코미디와 미스터리의 요소를 결합해 이야기를 따뜻한 시선으로 풀어낸 가상의 한국 영화.","외딴 섬을 배경으로, 고향으로 돌아온 요리사가 가짜 뉴스로 인해 무너진 관계를 회복하려 한다. 이 과정에서 진실과 거짓을 마주하며 자신의 삶을 다시 바라본다. 코미디와 미스터리의 요소를 결합해 이야기를 따뜻한 시선으로 풀어낸 가상의 한국 영화. 코미디 미스터리 시간여행 추적 공동체 로봇"
100452,한강의 편지로 가는 길 452,"서울의 오래된 골목을 배경으로, 택배 기사가 정체를 알 수 없는 음성 메시지를 매일 받기 시작한다. 이 과정에서 환경과 공존을 마주하며 자신의 삶을 다시 바라본다. 범죄와 애니메이션의 요소를 결합해 이야기를 긴장감 있게 풀어낸 가상의 한국 영화.","[{""id"": 7, ""name"": ""범죄""}, {""id"": 12, ""name"": ""애니메이션""}]","[{""id"": 103, ""name"": ""기억""}, {""id"": 102, ""name"": ""우정""}, {""id"": 107, ""name"": ""바다""}, {""id"": 112, ""name"": ""사랑""}]",ko,2023-09-19,8.4,1867,36.618,91,False,False,"['범죄', '애니메이션']","['기억', '우정', '바다', '사랑']",범죄 애니메이션,기억 우정 바다 사랑,2023,"서울의 오래된 골목을 배경으로, 택배 기사가 정체를 알 수 없는 음성 메시지를 매일 받기 시작한다. 이 과정에서 환경과 공존을 마주하며 자신의 삶을 다시 바라본다. 범죄와 애니메이션의 요소를 결합해 이야기를 긴장감 있게 풀어낸 가상의 한국 영화.","서울의 오래된 골목을 배경으로, 택배 기사가 정체를 알 수 없는 음성 메시지를 매일 받기 시작한다. 이 과정에서 환경과 공존을 마주하며 자신의 삶을 다시 바라본다. 범죄와 애니메이션의 요소를 결합해 이야기를 긴장감 있게 풀어낸 가상의 한국 영화. 범죄 애니메이션 기억 우정 바다 사랑"
100453,새벽의 시장과 우리 453,"한강변을 배경으로, 가족과 멀어진 의사가 도시 전체의 전력이 사라진 밤에 중요한 선택을 한다. 이 과정에서 세대 간 갈등을 마주하며 자신의 삶을 다시 바라본다. 애니메이션와 스릴러의 요소를 결합해 이야기를 긴장감 있게 풀어낸 가상의 한국 영화.","[{""id"": 12, ""name"": ""애니메이션""}, {""id"": 4, ""name"": ""스릴러""}]","[{""id"": 101, ""name"": ""가족""}, {""id"": 120, ""name"": ""언론""}, {""id"": 105, ""name"": ""제주""}, {""id"": 122, ""name"": ""공동체""}]",ko,2023-11-08,6.5,2004,28.069,104,False,False,"['애니메이션', '스릴러']","['가족', '언론', '제주', '공동체']",애니메이션 스릴러,가족 언론 제주 공동체,2023,"한강변을 배경으로, 가족과 멀어진 의사가 도시 전체의 전력이 사라진 밤에 중요한 선택을 한다. 이 과정에서 세대 간 갈등을 마주하며 자신의 삶을 다시 바라본다. 애니메이션와 스릴러의 요소를 결합해 이야기를 긴장감 있게 풀어낸 가상의 한국 영화.","한강변을 배경으로, 가족과 멀어진 의사가 도시 전체의 전력이 사라진 밤에 중요한 선택을 한다. 이 과정에서 세대 간 갈등을 마주하며 자신의 삶을 다시 바라본다. 애니메이션와 스릴러의 요소를 결합해 이야기를 긴장감 있게 풀어낸 가상의 한국 영화. 애니메이션 스릴러 가족 언론 제주 공동체"
100454,겨울의 달에게 454,"대구의 오래된 극장을 배경으로, 고향으로 돌아온 요리사가 하루가 반복되는 이상한 현상을 겪는다. 이 과정에서 사랑과 이별을 마주하며 자신의 삶을 다시 바라본다. 코미디와 모험의 요소를 결합해 이야기를 따뜻한 시선으로 풀어낸 가상의 한국 영화.","[{""id"": 2, ""name"": ""코미디""}, {""id"": 11, ""name"": ""모험""}]","[{""id"": 107, ""name"": ""바다""}, {""id"": 123, ""name"": ""역사""}, {""id"": 119, ""name"": ""환경""}, {""id"": 101, ""name"": ""가족""}]",ko,2023-12-28,8.2,2141,32.47,117,False,False,"['코미디', '모험']","['바다', '역사', '환경', '가족']",코미디 모험,바다 역사 환경 가족,2023,"대구의 오래된 극장을 배경으로, 고향으로 돌아온 요리사가 하루가 반복되는 이상한 현상을 겪는다. 이 과정에서 사랑과 이별을 마주하며 자신의 삶을 다시 바라본다. 코미디와 모험의 요소를 결합해 이야기를 따뜻한 시선으로 풀어낸 가상의 한국 영화.","대구의 오래된 극장을 배경으로, 고향으로 돌아온 요리사가 하루가 반복되는 이상한 현상을 겪는다. 이 과정에서 사랑과 이별을 마주하며 자신의 삶을 다시 바라본다. 코미디와 모험의 요소를 결합해 이야기를 따뜻한 시선으로 풀어낸 가상의 한국 영화. 코미디 모험 바다 역사 환경 가족"
100455,여름의 호텔 455,"달 기지을 배경으로, 택배 기사가 실종 사건의 단서가 된 노래를 해석하기 시작한다. 이 과정에서 선택과 책임을 마주하며 자신의 삶을 다시 바라본다. 범죄와 로맨스의 요소를 결합해 이야기를 긴장감 있게 풀어낸 가상의 한국 영화.","[{""id"": 7, ""name"": ""범죄""}, {""id"": 3, ""name"": ""로맨스""}]","[{""id"": 104, ""name"": ""미스터리""}, {""id"": 121, ""name"": ""가짜뉴스""}, {""id"": 122, ""name"": ""공동체""}, {""id"": 119, ""name"": ""환경""}]",ko,2024-02-16,6.3,2278,37.941,130,False,False,"['범죄', '로맨스']","['미스터리', '가짜뉴스', '공동체', '환경']",범죄 로맨스,미스터리 가짜뉴스 공동체 환경,2024,"달 기지을 배경으로, 택배 기사가 실종 사건의 단서가 된 노래를 해석하기 시작한다. 이 과정에서 선택과 책임을 마주하며 자신의 삶을 다시 바라본다. 범죄와 로맨스의 요소를 결합해 이야기를 긴장감 있게 풀어낸 가상의 한국 영화.","달 기지을 배경으로, 택배 기사가 실종 사건의 단서가 된 노래를 해석하기 시작한다. 이 과정에서 선택과 책임을 마주하며 자신의 삶을 다시 바라본다. 범죄와 로맨스의 요소를 결합해 이야기를 긴장감 있게 풀어낸 가상의 한국 영화. 범죄 로맨스 미스터리 가짜뉴스 공동체 환경"
100456,봄날의 거울의 끝 456,"제주도의 작은 해안마을을 배경으로, 가족과 멀어진 의사가 서로 다른 목적을 가진 사람들과 뜻밖의 팀을 이룬다. 이 과정에서 지역 공동체을 마주하며 자신의 삶을 다시 바라본다. 애니메이션와 SF의 요소를 결합해 이야기를 긴장감 있게 풀어낸 가상의 한국 영화.","[{""id"": 12, ""name"": ""애니메이션""}, {""id"": 10, ""name"": ""SF""}]","[{""id"": 108, ""name"": ""인공지능""}, {""id"": 113, ""name"": ""여행""}, {""id"": 105, ""name"": ""제주""}, {""id"": 116, ""name"": ""학교""}]",ko,2023-09-02,8.1,2415,33.308,78,False,False,"['애니메이션', 'SF']","['인공지능', '여행', '제주', '학교']",애니메이션 SF,인공지능 여행 제주 학교,2023,"제주도의 작은 해안마을을 배경으로, 가족과 멀어진 의사가 서로 다른 목적을 가진 사람들과 뜻밖의 팀을 이룬다. 이 과정에서 지역 공동체을 마주하며 자신의 삶을 다시 바라본다. 애니메이션와 SF의 요소를 결합해 이야기를 긴장감 있게 풀어낸 가상의 한국 영화.","제주도의 작은 해안마을을 배경으로, 가족과 멀어진 의사가 서로 다른 목적을 가진 사람들과 뜻밖의 팀을 이룬다. 이 과정에서 지역 공동체을 마주하며 자신의 삶을 다시 바라본다. 애니메이션와 SF의 요소를 결합해 이야기를 긴장감 있게 풀어낸 가상의 한국 영화. 애니메이션 SF 인공지능 여행 제주 학교"
100457,가을의 등대의 선택 457,"강원도의 산골마을을 배경으로, 고향으로 돌아온 요리사가 마을 사람들만 알고 있는 비밀스러운 규칙을 알게 된다. 이 과정에서 기술과 인간성을 마주하며 자신의 삶을 다시 바라본다. 코미디와 미스터리의 요소를 결합해 이야기를 따뜻한 시선으로 풀어낸 가상의 한국 영화.","[{""id"": 2, ""name"": ""코미디""}, {""id"": 5, ""name"": ""미스터리""}]","[{""id"": 114, ""name"": ""음악""}, {""id"": 118, ""name"": ""미래""}, {""id"": 107, ""name"": ""바다""}, {""id"": 104, ""name"": ""미스터리""}]",ko,2023-10-22,6.2,2552,27.615,91,False,False,"['코미디', '미스터리']","['음악', '미래', '바다', '미스터리']",코미디 미스터리,음악 미래 바다 미스터리,2023,"강원도의 산골마을을 배경으로, 고향으로 돌아온 요리사가 마을 사람들만 알고 있는 비밀스러운 규칙을 알게 된다. 이 과정에서 기술과 인간성을 마주하며 자신의 삶을 다시 바라본다. 코미디와 미스터리의 요소를 결합해 이야기를 따뜻한 시선으로 풀어낸 가상의 한국 영화.","강원도의 산골마을을 배경으로, 고향으로 돌아온 요리사가 마을 사람들만 알고 있는 비밀스러운 규칙을 알게 된다. 이 과정에서 기술과 인간성을 마주하며 자신의 삶을 다시 바라본다. 코미디와 미스터리의 요소를 결합해 이야기를 따뜻한 시선으로 풀어낸 가상의 한국 영화. 코미디 미스터리 음악 미래 바다 미스터리"
100458,푸른 기억을 기다리며 458,"전주의 한옥마을을 배경으로, 택배 기사가 인공지능이 작성한 의문의 일기를 추적한다. 이 과정에서 기억과 정체성을 마주하며 자신의 삶을 다시 바라본다. 범죄와 판타지의 요소를 결합해 이야기를 긴장감 있게 풀어낸 가상의 한국 영화.","[{""id"": 7, ""name"": ""범죄""}, {""id"": 9, ""name"": ""판타지""}]","[{""id"": 102, ""name"": ""우정""}, {""id"": 109, ""name"": ""로봇""}, {""id"": 124, ""name"": ""시간여행""}, {""id"": 123, ""name"": ""역사""}]",ko,2023-12-11,8.0,2689,27.441,104,False,False,"['범죄', '판타지']","['우정', '로봇', '시간여행', '역사']",범죄 판타지,우정 로봇 시간여행 역사,2023,"전주의 한옥마을을 배경으로, 택배 기사가 인공지능이 작성한 의문의 일기를 추적한다. 이 과정에서 기억과 정체성을 마주하며 자신의 삶을 다시 바라본다. 범죄와 판타지의 요소를 결합해 이야기를 긴장감 있게 풀어낸 가상의 한국 영화.","전주의 한옥마을을 배경으로, 택배 기사가 인공지능이 작성한 의문의 일기를 추적한다. 이 과정에서 기억과 정체성을 마주하며 자신의 삶을 다시 바라본다. 범죄와 판타지의 요소를 결합해 이야기를 긴장감 있게 풀어낸 가상의 한국 영화. 범죄 판타지 우정 로봇 시간여행 역사"
100459,붉은 정원의 계절 459,"가상의 미래 도시을 배경으로, 가족과 멀어진 의사가 우연히 과거의 사건과 연결된 사진을 발견한다. 이 과정에서 우정과 신뢰을 마주하며 자신의 삶을 다시 바라본다. 애니메이션와 드라마의 요소를 결합해 이야기를 긴장감 있게 풀어낸 가상의 한국 영화.","[{""id"": 12, ""name"": ""애니메이션""}, {""id"": 1, ""name"": ""드라마""}]","[{""id"": 103, ""name"": ""기억""}, {""id"": 116, ""name"": ""학교""}, {""id"": 109, ""name"": ""로봇""}, {""id"": 102, ""name"": ""우정""}]",ko,2024-01-30,5.9,2826,27.357,117,False,False,"['애니메이션', '드라마']","['기억', '학교', '로봇', '우정']",애니메이션 드라마,기억 학교 로봇 우정,2024,"가상의 미래 도시을 배경으로, 가족과 멀어진 의사가 우연히 과거의 사건과 연결된 사진을 발견한다. 이 과정에서 우정과 신뢰을 마주하며 자신의 삶을 다시 바라본다. 애니메이션와 드라마의 요소를 결합해 이야기를 긴장감 있게 풀어낸 가상의 한국 영화.","가상의 미래 도시을 배경으로, 가족과 멀어진 의사가 우연히 과거의 사건과 연결된 사진을 발견한다. 이 과정에서 우정과 신뢰을 마주하며 자신의 삶을 다시 바라본다. 애니메이션와 드라마의 요소를 결합해 이야기를 긴장감 있게 풀어낸 가상의 한국 영화. 애니메이션 드라마 기억 학교 로봇 우정"
100460,검은 그림자의 기록 460,"국경 근처의 작은 역을 배경으로, 고향으로 돌아온 요리사가 가족이 숨겨온 오래된 약속의 의미를 알게 된다. 이 과정에서 가족의 의미을 마주하며 자신의 삶을 다시 바라본다. 코미디와 가족의 요소를 결합해 이야기를 따뜻한 시선으로 풀어낸 가상의 한국 영화.","[{""id"": 2, ""name"": ""코미디""}, {""id"": 8, ""name"": ""가족""}]","[{""id"": 105, ""name"": ""제주""}, {""id"": 101, ""name"": ""가족""}, {""id"": 108, ""name"": ""인공지능""}, {""id"": 125, ""name"": ""탐정""}]",ko,2024-03-20,7.8,2963,27.96,130,False,False,"['코미디', '가족']","['제주', '가족', '인공지능', '탐정']",코미디 가족,제주 가족 인공지능 탐정,2024,"국경 근처의 작은 역을 배경으로, 고향으로 돌아온 요리사가 가족이 숨겨온 오래된 약속의 의미를 알게 된다. 이 과정에서 가족의 의미을 마주하며 자신의 삶을 다시 바라본다. 코미디와 가족의 요소를 결합해 이야기를 따뜻한 시선으로 풀어낸 가상의 한국 영화.","국경 근처의 작은 역을 배경으로, 고향으로 돌아온 요리사가 가족이 숨겨온 오래된 약속의 의미를 알게 된다. 이 과정에서 가족의 의미을 마주하며 자신의 삶을 다시 바라본다. 코미디와 가족의 요소를 결합해 이야기를 따뜻한 시선으로 풀어낸 가상의 한국 영화. 코미디 가족 제주 가족 인공지능 탐정"
100461,하얀 연구소의 하루 461,"부산항 인근을 배경으로, 택배 기사가 폐쇄 예정인 공간을 지키기 위한 계획을 세운다. 이 과정에서 상실과 회복을 마주하며 자신의 삶을 다시 바라본다. 범죄와 다큐멘터리의 요소를 결합해 이야기를 긴장감 있게 풀어낸 가상의 한국 영화.","[{""id"": 7, ""name"": ""범죄""}, {""id"": 15, ""name"": ""다큐멘터리""}]","[{""id"": 119, ""name"": ""환경""}, {""id"": 107, ""name"": ""바다""}, {""id"": 109, ""name"": ""로봇""}, {""id"": 104, ""name"": ""미스터리""}]",ko,2024-05-09,5.7,3100,29.292,78,False,False,"['범죄', '다큐멘터리']","['환경', '바다', '로봇', '미스터리']",범죄 다큐멘터리,환경 바다 로봇 미스터리,2024,"부산항 인근을 배경으로, 택배 기사가 폐쇄 예정인 공간을 지키기 위한 계획을 세운다. 이 과정에서 상실과 회복을 마주하며 자신의 삶을 다시 바라본다. 범죄와 다큐멘터리의 요소를 결합해 이야기를 긴장감 있게 풀어낸 가상의 한국 영화.","부산항 인근을 배경으로, 택배 기사가 폐쇄 예정인 공간을 지키기 위한 계획을 세운다. 이 과정에서 상실과 회복을 마주하며 자신의 삶을 다시 바라본다. 범죄와 다큐멘터리의 요소를 결합해 이야기를 긴장감 있게 풀어낸 가상의 한국 영화. 범죄 다큐멘터리 환경 바다 로봇 미스터리"
100462,마지막 지도에서 만난 사람 462,"인천의 낡은 공단을 배경으로, 가족과 멀어진 의사가 수십 년 전 사라진 편지 한 통을 발견한다. 이 과정에서 도전과 성장을 마주하며 자신의 삶을 다시 바라본다. 애니메이션와 범죄의 요소를 결합해 이야기를 긴장감 있게 풀어낸 가상의 한국 영화.","[{""id"": 12, ""name"": ""애니메이션""}, {""id"": 7, ""name"": ""범죄""}]","[{""id"": 124, ""name"": ""시간여행""}, {""id"": 110, ""name"": ""추적""}, {""id"": 117, ""name"": ""범죄""}, {""id"": 105, ""name"": ""제주""}]",ko,2024-06-28,7.5,3237,22.409,91,False,False,"['애니메이션', '범죄']","['시간여행', '추적', '범죄', '제주']",애니메이션 범죄,시간여행 추적 범죄 제주,2024,"인천의 낡은 공단을 배경으로, 가족과 멀어진 의사가 수십 년 전 사라진 편지 한 통을 발견한다. 이 과정에서 도전과 성장을 마주하며 자신의 삶을 다시 바라본다. 애니메이션와 범죄의 요소를 결합해 이야기를 긴장감 있게 풀어낸 가상의 한국 영화.","인천의 낡은 공단을 배경으로, 가족과 멀어진 의사가 수십 년 전 사라진 편지 한 통을 발견한다. 이 과정에서 도전과 성장을 마주하며 자신의 삶을 다시 바라본다. 애니메이션와 범죄의 요소를 결합해 이야기를 긴장감 있게 풀어낸 가상의 한국 영화. 애니메이션 범죄 시간여행 추적 범죄 제주"
100463,첫 번째 강의 밤 463,"광주의 대학가을 배경으로, 고향으로 돌아온 요리사가 가짜 뉴스로 인해 무너진 관계를 회복하려 한다. 이 과정에서 진실과 거짓을 마주하며 자신의 삶을 다시 바라본다. 코미디와 역사의 요소를 결합해 이야기를 따뜻한 시선으로 풀어낸 가상의 한국 영화.","[{""id"": 2, ""name"": ""코미디""}, {""id"": 14, ""name"": ""역사""}]","[{""id"": 109, ""name"": ""로봇""}, {""id"": 122, ""name"": ""공동체""}, {""id"": 124, ""name"": ""시간여행""}, {""id"": 123, ""name"": ""역사""}]",ko,2024-01-13,5.6,3374,35.24,104,False,False,"['코미디', '역사']","['로봇', '공동체', '시간여행', '역사']",코미디 역사,로봇 공동체 시간여행 역사,2024,"광주의 대학가을 배경으로, 고향으로 돌아온 요리사가 가짜 뉴스로 인해 무너진 관계를 회복하려 한다. 이 과정에서 진실과 거짓을 마주하며 자신의 삶을 다시 바라본다. 코미디와 역사의 요소를 결합해 이야기를 따뜻한 시선으로 풀어낸 가상의 한국 영화.","광주의 대학가을 배경으로, 고향으로 돌아온 요리사가 가짜 뉴스로 인해 무너진 관계를 회복하려 한다. 이 과정에서 진실과 거짓을 마주하며 자신의 삶을 다시 바라본다. 코미디와 역사의 요소를 결합해 이야기를 따뜻한 시선으로 풀어낸 가상의 한국 영화. 코미디 역사 로봇 공동체 시간여행 역사"
100464,낯선 정거장의 온도 464,"외딴 섬을 배경으로, 택배 기사가 정체를 알 수 없는 음성 메시지를 매일 받기 시작한다. 이 과정에서 환경과 공존을 마주하며 자신의 삶을 다시 바라본다. 범죄와 액션의 요소를 결합해 이야기를 긴장감 있게 풀어낸 가상의 한국 영화.","[{""id"": 7, ""name"": ""범죄""}, {""id"": 6, ""name"": ""액션""}]","[{""id"": 102, ""name"": ""우정""}, {""id"": 107, ""name"": ""바다""}, {""id"": 123, ""name"": ""역사""}, {""id"": 118, ""name"": ""미래""}]",ko,2024-03-03,7.2,3511,23.746,117,False,False,"['범죄', '액션']","['우정', '바다', '역사', '미래']",범죄 액션,우정 바다 역사 미래,2024,"외딴 섬을 배경으로, 택배 기사가 정체를 알 수 없는 음성 메시지를 매일 받기 시작한다. 이 과정에서 환경과 공존을 마주하며 자신의 삶을 다시 바라본다. 범죄와 액션의 요소를 결합해 이야기를 긴장감 있게 풀어낸 가상의 한국 영화.","외딴 섬을 배경으로, 택배 기사가 정체를 알 수 없는 음성 메시지를 매일 받기 시작한다. 이 과정에서 환경과 공존을 마주하며 자신의 삶을 다시 바라본다. 범죄와 액션의 요소를 결합해 이야기를 긴장감 있게 풀어낸 가상의 한국 영화. 범죄 액션 우정 바다 역사 미래"
100465,잊힌 숲 너머 465,"서울의 오래된 골목을 배경으로, 가족과 멀어진 의사가 도시 전체의 전력이 사라진 밤에 중요한 선택을 한다. 이 과정에서 세대 간 갈등을 마주하며 자신의 삶을 다시 바라본다. 애니메이션와 음악의 요소를 결합해 이야기를 긴장감 있게 풀어낸 가상의 한국 영화.","[{""id"": 12, ""name"": ""애니메이션""}, {""id"": 13, ""name"": ""음악""}]","[{""id"": 118, ""name"": ""미래""}, {""id"": 105, ""name"": ""제주""}, {""id"": 122, ""name"": ""공동체""}, {""id"": 101, ""name"": ""가족""}]",ko,2024-04-22,5.5,3648,28.425,130,False,False,"['애니메이션', '음악']","['미래', '제주', '공동체', '가족']",애니메이션 음악,미래 제주 공동체 가족,2024,"서울의 오래된 골목을 배경으로, 가족과 멀어진 의사가 도시 전체의 전력이 사라진 밤에 중요한 선택을 한다. 이 과정에서 세대 간 갈등을 마주하며 자신의 삶을 다시 바라본다. 애니메이션와 음악의 요소를 결합해 이야기를 긴장감 있게 풀어낸 가상의 한국 영화.","서울의 오래된 골목을 배경으로, 가족과 멀어진 의사가 도시 전체의 전력이 사라진 밤에 중요한 선택을 한다. 이 과정에서 세대 간 갈등을 마주하며 자신의 삶을 다시 바라본다. 애니메이션와 음악의 요소를 결합해 이야기를 긴장감 있게 풀어낸 가상의 한국 영화. 애니메이션 음악 미래 제주 공동체 가족"
100466,비밀의 사진의 비밀 466,"한강변을 배경으로, 고향으로 돌아온 요리사가 하루가 반복되는 이상한 현상을 겪는다. 이 과정에서 사랑과 이별을 마주하며 자신의 삶을 다시 바라본다. 코미디와 미스터리의 요소를 결합해 이야기를 따뜻한 시선으로 풀어낸 가상의 한국 영화.","[{""id"": 2, ""name"": ""코미디""}, {""id"": 5, ""name"": ""미스터리""}]","[{""id"": 103, ""name"": ""기억""}, {""id"": 125, ""name"": ""탐정""}, {""id"": 118, ""name"": ""미래""}, {""id"": 111, ""name"": ""성장""}]",ko,2024-06-11,7.1,3785,31.173,78,False,False,"['코미디', '미스터리']","['기억', '탐정', '미래', '성장']",코미디 미스터리,기억 탐정 미래 성장,2024,"한강변을 배경으로, 고향으로 돌아온 요리사가 하루가 반복되는 이상한 현상을 겪는다. 이 과정에서 사랑과 이별을 마주하며 자신의 삶을 다시 바라본다. 코미디와 미스터리의 요소를 결합해 이야기를 따뜻한 시선으로 풀어낸 가상의 한국 영화.","한강변을 배경으로, 고향으로 돌아온 요리사가 하루가 반복되는 이상한 현상을 겪는다. 이 과정에서 사랑과 이별을 마주하며 자신의 삶을 다시 바라본다. 코미디와 미스터리의 요소를 결합해 이야기를 따뜻한 시선으로 풀어낸 가상의 한국 영화. 코미디 미스터리 기억 탐정 미래 성장"
100467,고요한 로봇로 가는 길 467,"대구의 오래된 극장을 배경으로, 택배 기사가 실종 사건의 단서가 된 노래를 해석하기 시작한다. 이 과정에서 선택과 책임을 마주하며 자신의 삶을 다시 바라본다. 범죄와 애니메이션의 요소를 결합해 이야기를 긴장감 있게 풀어낸 가상의 한국 영화.","[{""id"": 7, ""name"": ""범죄""}, {""id"": 12, ""name"": ""애니메이션""}]","[{""id"": 117, ""name"": ""범죄""}, {""id"": 114, ""name"": ""음악""}, {""id"": 107, ""name"": ""바다""}, {""id"": 115, ""name"": ""요리""}]",ko,2024-07-31,5.3,3922,24.5,91,False,False,"['범죄', '애니메이션']","['범죄', '음악', '바다', '요리']",범죄 애니메이션,범죄 음악 바다 요리,2024,"대구의 오래된 극장을 배경으로, 택배 기사가 실종 사건의 단서가 된 노래를 해석하기 시작한다. 이 과정에서 선택과 책임을 마주하며 자신의 삶을 다시 바라본다. 범죄와 애니메이션의 요소를 결합해 이야기를 긴장감 있게 풀어낸 가상의 한국 영화.","대구의 오래된 극장을 배경으로, 택배 기사가 실종 사건의 단서가 된 노래를 해석하기 시작한다. 이 과정에서 선택과 책임을 마주하며 자신의 삶을 다시 바라본다. 범죄와 애니메이션의 요소를 결합해 이야기를 긴장감 있게 풀어낸 가상의 한국 영화. 범죄 애니메이션 범죄 음악 바다 요리"
100468,빛나는 신호과 우리 468,"달 기지을 배경으로, 가족과 멀어진 의사가 서로 다른 목적을 가진 사람들과 뜻밖의 팀을 이룬다. 이 과정에서 지역 공동체을 마주하며 자신의 삶을 다시 바라본다. 애니메이션와 스릴러의 요소를 결합해 이야기를 긴장감 있게 풀어낸 가상의 한국 영화.","[{""id"": 12, ""name"": ""애니메이션""}, {""id"": 4, ""name"": ""스릴러""}]","[{""id"": 121, ""name"": ""가짜뉴스""}, {""id"": 117, ""name"": ""범죄""}, {""id"": 119, ""name"": ""환경""}, {""id"": 123, ""name"": ""역사""}]",ko,2024-09-19,6.8,4059,32.315,104,False,False,"['애니메이션', '스릴러']","['가짜뉴스', '범죄', '환경', '역사']",애니메이션 스릴러,가짜뉴스 범죄 환경 역사,2024,"달 기지을 배경으로, 가족과 멀어진 의사가 서로 다른 목적을 가진 사람들과 뜻밖의 팀을 이룬다. 이 과정에서 지역 공동체을 마주하며 자신의 삶을 다시 바라본다. 애니메이션와 스릴러의 요소를 결합해 이야기를 긴장감 있게 풀어낸 가상의 한국 영화.","달 기지을 배경으로, 가족과 멀어진 의사가 서로 다른 목적을 가진 사람들과 뜻밖의 팀을 이룬다. 이 과정에서 지역 공동체을 마주하며 자신의 삶을 다시 바라본다. 애니메이션와 스릴러의 요소를 결합해 이야기를 긴장감 있게 풀어낸 가상의 한국 영화. 애니메이션 스릴러 가짜뉴스 범죄 환경 역사"
100469,흐린 불꽃에게 469,"제주도의 작은 해안마을을 배경으로, 고향으로 돌아온 요리사가 마을 사람들만 알고 있는 비밀스러운 규칙을 알게 된다. 이 과정에서 기술과 인간성을 마주하며 자신의 삶을 다시 바라본다. 코미디와 모험의 요소를 결합해 이야기를 따뜻한 시선으로 풀어낸 가상의 한국 영화.","[{""id"": 2, ""name"": ""코미디""}, {""id"": 11, ""name"": ""모험""}]","[{""id"": 119, ""name"": ""환경""}, {""id"": 105, ""name"": ""제주""}, {""id"": 109, ""name"": ""로봇""}, {""id"": 104, ""name"": ""미스터리""}]",ko,2024-11-08,5.1,4196,28.723,117,False,False,"['코미디', '모험']","['환경', '제주', '로봇', '미스터리']",코미디 모험,환경 제주 로봇 미스터리,2024,"제주도의 작은 해안마을을 배경으로, 고향으로 돌아온 요리사가 마을 사람들만 알고 있는 비밀스러운 규칙을 알게 된다. 이 과정에서 기술과 인간성을 마주하며 자신의 삶을 다시 바라본다. 코미디와 모험의 요소를 결합해 이야기를 따뜻한 시선으로 풀어낸 가상의 한국 영화.","제주도의 작은 해안마을을 배경으로, 고향으로 돌아온 요리사가 마을 사람들만 알고 있는 비밀스러운 규칙을 알게 된다. 이 과정에서 기술과 인간성을 마주하며 자신의 삶을 다시 바라본다. 코미디와 모험의 요소를 결합해 이야기를 따뜻한 시선으로 풀어낸 가상의 한국 영화. 코미디 모험 환경 제주 로봇 미스터리"
100470,먼 도서관 470,"강원도의 산골마을을 배경으로, 택배 기사가 인공지능이 작성한 의문의 일기를 추적한다. 이 과정에서 기억과 정체성을 마주하며 자신의 삶을 다시 바라본다. 범죄와 로맨스의 요소를 결합해 이야기를 긴장감 있게 풀어낸 가상의 한국 영화.","[{""id"": 7, ""name"": ""범죄""}, {""id"": 3, ""name"": ""로맨스""}]","[{""id"": 112, ""name"": ""사랑""}, {""id"": 119, ""name"": ""환경""}, {""id"": 114, ""name"": ""음악""}, {""id"": 115, ""name"": ""요리""}]",ko,2024-05-25,6.7,4333,27.501,130,False,False,"['범죄', '로맨스']","['사랑', '환경', '음악', '요리']",범죄 로맨스,사랑 환경 음악 요리,2024,"강원도의 산골마을을 배경으로, 택배 기사가 인공지능이 작성한 의문의 일기를 추적한다. 이 과정에서 기억과 정체성을 마주하며 자신의 삶을 다시 바라본다. 범죄와 로맨스의 요소를 결합해 이야기를 긴장감 있게 풀어낸 가상의 한국 영화.","강원도의 산골마을을 배경으로, 택배 기사가 인공지능이 작성한 의문의 일기를 추적한다. 이 과정에서 기억과 정체성을 마주하며 자신의 삶을 다시 바라본다. 범죄와 로맨스의 요소를 결합해 이야기를 긴장감 있게 풀어낸 가상의 한국 영화. 범죄 로맨스 사랑 환경 음악 요리"
100471,작은 별의 끝 471,"전주의 한옥마을을 배경으로, 가족과 멀어진 의사가 우연히 과거의 사건과 연결된 사진을 발견한다. 이 과정에서 우정과 신뢰을 마주하며 자신의 삶을 다시 바라본다. 애니메이션와 SF의 요소를 결합해 이야기를 긴장감 있게 풀어낸 가상의 한국 영화.","[{""id"": 12, ""name"": ""애니메이션""}, {""id"": 10, ""name"": ""SF""}]","[{""id"": 124, ""name"": ""시간여행""}, {""id"": 118, ""name"": ""미래""}, {""id"": 111, ""name"": ""성장""}, {""id"": 119, ""name"": ""환경""}]",ko,2024-07-14,8.5,4470,37.526,78,False,False,"['애니메이션', 'SF']","['시간여행', '미래', '성장', '환경']",애니메이션 SF,시간여행 미래 성장 환경,2024,"전주의 한옥마을을 배경으로, 가족과 멀어진 의사가 우연히 과거의 사건과 연결된 사진을 발견한다. 이 과정에서 우정과 신뢰을 마주하며 자신의 삶을 다시 바라본다. 애니메이션와 SF의 요소를 결합해 이야기를 긴장감 있게 풀어낸 가상의 한국 영화.","전주의 한옥마을을 배경으로, 가족과 멀어진 의사가 우연히 과거의 사건과 연결된 사진을 발견한다. 이 과정에서 우정과 신뢰을 마주하며 자신의 삶을 다시 바라본다. 애니메이션와 SF의 요소를 결합해 이야기를 긴장감 있게 풀어낸 가상의 한국 영화. 애니메이션 SF 시간여행 미래 성장 환경"
100472,오래된 식당의 선택 472,"가상의 미래 도시을 배경으로, 고향으로 돌아온 요리사가 가족이 숨겨온 오래된 약속의 의미를 알게 된다. 이 과정에서 가족의 의미을 마주하며 자신의 삶을 다시 바라본다. 코미디와 미스터리의 요소를 결합해 이야기를 따뜻한 시선으로 풀어낸 가상의 한국 영화.","[{""id"": 2, ""name"": ""코미디""}, {""id"": 5, ""name"": ""미스터리""}]","[{""id"": 114, ""name"": ""음악""}, {""id"": 108, ""name"": ""인공지능""}, {""id"": 119, ""name"": ""환경""}, {""id"": 124, ""name"": ""시간여행""}]",ko,2024-09-02,6.5,4607,31.842,91,False,False,"['코미디', '미스터리']","['음악', '인공지능', '환경', '시간여행']",코미디 미스터리,음악 인공지능 환경 시간여행,2024,"가상의 미래 도시을 배경으로, 고향으로 돌아온 요리사가 가족이 숨겨온 오래된 약속의 의미를 알게 된다. 이 과정에서 가족의 의미을 마주하며 자신의 삶을 다시 바라본다. 코미디와 미스터리의 요소를 결합해 이야기를 따뜻한 시선으로 풀어낸 가상의 한국 영화.","가상의 미래 도시을 배경으로, 고향으로 돌아온 요리사가 가족이 숨겨온 오래된 약속의 의미를 알게 된다. 이 과정에서 가족의 의미을 마주하며 자신의 삶을 다시 바라본다. 코미디와 미스터리의 요소를 결합해 이야기를 따뜻한 시선으로 풀어낸 가상의 한국 영화. 코미디 미스터리 음악 인공지능 환경 시간여행"
100473,새로운 비행을 기다리며 473,"국경 근처의 작은 역을 배경으로, 택배 기사가 폐쇄 예정인 공간을 지키기 위한 계획을 세운다. 이 과정에서 상실과 회복을 마주하며 자신의 삶을 다시 바라본다. 범죄와 판타지의 요소를 결합해 이야기를 긴장감 있게 풀어낸 가상의 한국 영화.","[{""id"": 7, ""name"": ""범죄""}, {""id"": 9, ""name"": ""판타지""}]","[{""id"": 124, ""name"": ""시간여행""}, {""id"": 104, ""name"": ""미스터리""}, {""id"": 101, ""name"": ""가족""}, {""id"": 109, ""name"": ""로봇""}]",ko,2024-10-22,8.2,4744,23.575,104,False,False,"['범죄', '판타지']","['시간여행', '미스터리', '가족', '로봇']",범죄 판타지,시간여행 미스터리 가족 로봇,2024,"국경 근처의 작은 역을 배경으로, 택배 기사가 폐쇄 예정인 공간을 지키기 위한 계획을 세운다. 이 과정에서 상실과 회복을 마주하며 자신의 삶을 다시 바라본다. 범죄와 판타지의 요소를 결합해 이야기를 긴장감 있게 풀어낸 가상의 한국 영화.","국경 근처의 작은 역을 배경으로, 택배 기사가 폐쇄 예정인 공간을 지키기 위한 계획을 세운다. 이 과정에서 상실과 회복을 마주하며 자신의 삶을 다시 바라본다. 범죄와 판타지의 요소를 결합해 이야기를 긴장감 있게 풀어낸 가상의 한국 영화. 범죄 판타지 시간여행 미스터리 가족 로봇"
100474,달빛 아래 터널의 계절 474,"부산항 인근을 배경으로, 가족과 멀어진 의사가 수십 년 전 사라진 편지 한 통을 발견한다. 이 과정에서 도전과 성장을 마주하며 자신의 삶을 다시 바라본다. 애니메이션와 드라마의 요소를 결합해 이야기를 긴장감 있게 풀어낸 가상의 한국 영화.","[{""id"": 12, ""name"": ""애니메이션""}, {""id"": 1, ""name"": ""드라마""}]","[{""id"": 114, ""name"": ""음악""}, {""id"": 103, ""name"": ""기억""}, {""id"": 122, ""name"": ""공동체""}, {""id"": 124, ""name"": ""시간여행""}]",ko,2024-12-11,6.2,4881,25.955,117,False,False,"['애니메이션', '드라마']","['음악', '기억', '공동체', '시간여행']",애니메이션 드라마,음악 기억 공동체 시간여행,2024,"부산항 인근을 배경으로, 가족과 멀어진 의사가 수십 년 전 사라진 편지 한 통을 발견한다. 이 과정에서 도전과 성장을 마주하며 자신의 삶을 다시 바라본다. 애니메이션와 드라마의 요소를 결합해 이야기를 긴장감 있게 풀어낸 가상의 한국 영화.","부산항 인근을 배경으로, 가족과 멀어진 의사가 수십 년 전 사라진 편지 한 통을 발견한다. 이 과정에서 도전과 성장을 마주하며 자신의 삶을 다시 바라본다. 애니메이션와 드라마의 요소를 결합해 이야기를 긴장감 있게 풀어낸 가상의 한국 영화. 애니메이션 드라마 음악 기억 공동체 시간여행"
100475,바람 속 약속의 기록 475,"인천의 낡은 공단을 배경으로, 고향으로 돌아온 요리사가 가짜 뉴스로 인해 무너진 관계를 회복하려 한다. 이 과정에서 진실과 거짓을 마주하며 자신의 삶을 다시 바라본다. 코미디와 가족의 요소를 결합해 이야기를 따뜻한 시선으로 풀어낸 가상의 한국 영화.","[{""id"": 2, ""name"": ""코미디""}, {""id"": 8, ""name"": ""가족""}]","[{""id"": 123, ""name"": ""역사""}, {""id"": 119, ""name"": ""환경""}, {""id"": 111, ""name"": ""성장""}, {""id"": 120, ""name"": ""언론""}]",ko,2025-01-30,8.0,5018,34.357,130,False,False,"['코미디', '가족']","['역사', '환경', '성장', '언론']",코미디 가족,역사 환경 성장 언론,2025,"인천의 낡은 공단을 배경으로, 고향으로 돌아온 요리사가 가짜 뉴스로 인해 무너진 관계를 회복하려 한다. 이 과정에서 진실과 거짓을 마주하며 자신의 삶을 다시 바라본다. 코미디와 가족의 요소를 결합해 이야기를 따뜻한 시선으로 풀어낸 가상의 한국 영화.","인천의 낡은 공단을 배경으로, 고향으로 돌아온 요리사가 가짜 뉴스로 인해 무너진 관계를 회복하려 한다. 이 과정에서 진실과 거짓을 마주하며 자신의 삶을 다시 바라본다. 코미디와 가족의 요소를 결합해 이야기를 따뜻한 시선으로 풀어낸 가상의 한국 영화. 코미디 가족 역사 환경 성장 언론"
100476,비 오는 날 극장의 하루 476,"광주의 대학가을 배경으로, 택배 기사가 정체를 알 수 없는 음성 메시지를 매일 받기 시작한다. 이 과정에서 환경과 공존을 마주하며 자신의 삶을 다시 바라본다. 범죄와 다큐멘터리의 요소를 결합해 이야기를 긴장감 있게 풀어낸 가상의 한국 영화.","[{""id"": 7, ""name"": ""범죄""}, {""id"": 15, ""name"": ""다큐멘터리""}]","[{""id"": 107, ""name"": ""바다""}, {""id"": 104, ""name"": ""미스터리""}, {""id"": 115, ""name"": ""요리""}, {""id"": 102, ""name"": ""우정""}]",ko,2025-03-21,6.1,5155,25.153,78,False,False,"['범죄', '다큐멘터리']","['바다', '미스터리', '요리', '우정']",범죄 다큐멘터리,바다 미스터리 요리 우정,2025,"광주의 대학가을 배경으로, 택배 기사가 정체를 알 수 없는 음성 메시지를 매일 받기 시작한다. 이 과정에서 환경과 공존을 마주하며 자신의 삶을 다시 바라본다. 범죄와 다큐멘터리의 요소를 결합해 이야기를 긴장감 있게 풀어낸 가상의 한국 영화.","광주의 대학가을 배경으로, 택배 기사가 정체를 알 수 없는 음성 메시지를 매일 받기 시작한다. 이 과정에서 환경과 공존을 마주하며 자신의 삶을 다시 바라본다. 범죄와 다큐멘터리의 요소를 결합해 이야기를 긴장감 있게 풀어낸 가상의 한국 영화. 범죄 다큐멘터리 바다 미스터리 요리 우정"
100477,제주의 시간에서 만난 사람 477,"외딴 섬을 배경으로, 가족과 멀어진 의사가 도시 전체의 전력이 사라진 밤에 중요한 선택을 한다. 이 과정에서 세대 간 갈등을 마주하며 자신의 삶을 다시 바라본다. 애니메이션와 범죄의 요소를 결합해 이야기를 긴장감 있게 풀어낸 가상의 한국 영화.","[{""id"": 12, ""name"": ""애니메이션""}, {""id"": 7, ""name"": ""범죄""}]","[{""id"": 112, ""name"": ""사랑""}, {""id"": 108, ""name"": ""인공지능""}, {""id"": 115, ""name"": ""요리""}, {""id"": 107, ""name"": ""바다""}]",ko,2024-10-05,7.8,5292,34.968,91,False,False,"['애니메이션', '범죄']","['사랑', '인공지능', '요리', '바다']",애니메이션 범죄,사랑 인공지능 요리 바다,2024,"외딴 섬을 배경으로, 가족과 멀어진 의사가 도시 전체의 전력이 사라진 밤에 중요한 선택을 한다. 이 과정에서 세대 간 갈등을 마주하며 자신의 삶을 다시 바라본다. 애니메이션와 범죄의 요소를 결합해 이야기를 긴장감 있게 풀어낸 가상의 한국 영화.","외딴 섬을 배경으로, 가족과 멀어진 의사가 도시 전체의 전력이 사라진 밤에 중요한 선택을 한다. 이 과정에서 세대 간 갈등을 마주하며 자신의 삶을 다시 바라본다. 애니메이션와 범죄의 요소를 결합해 이야기를 긴장감 있게 풀어낸 가상의 한국 영화. 애니메이션 범죄 사랑 인공지능 요리 바다"
100478,서울의 학교의 밤 478,"서울의 오래된 골목을 배경으로, 고향으로 돌아온 요리사가 하루가 반복되는 이상한 현상을 겪는다. 이 과정에서 사랑과 이별을 마주하며 자신의 삶을 다시 바라본다. 코미디와 역사의 요소를 결합해 이야기를 따뜻한 시선으로 풀어낸 가상의 한국 영화.","[{""id"": 2, ""name"": ""코미디""}, {""id"": 14, ""name"": ""역사""}]","[{""id"": 121, ""name"": ""가짜뉴스""}, {""id"": 107, ""name"": ""바다""}, {""id"": 117, ""name"": ""범죄""}, {""id"": 114, ""name"": ""음악""}]",ko,2024-11-24,6.0,5429,26.395,104,False,False,"['코미디', '역사']","['가짜뉴스', '바다', '범죄', '음악']",코미디 역사,가짜뉴스 바다 범죄 음악,2024,"서울의 오래된 골목을 배경으로, 고향으로 돌아온 요리사가 하루가 반복되는 이상한 현상을 겪는다. 이 과정에서 사랑과 이별을 마주하며 자신의 삶을 다시 바라본다. 코미디와 역사의 요소를 결합해 이야기를 따뜻한 시선으로 풀어낸 가상의 한국 영화.","서울의 오래된 골목을 배경으로, 고향으로 돌아온 요리사가 하루가 반복되는 이상한 현상을 겪는다. 이 과정에서 사랑과 이별을 마주하며 자신의 삶을 다시 바라본다. 코미디와 역사의 요소를 결합해 이야기를 따뜻한 시선으로 풀어낸 가상의 한국 영화. 코미디 역사 가짜뉴스 바다 범죄 음악"
100479,부산의 문의 온도 479,"한강변을 배경으로, 택배 기사가 실종 사건의 단서가 된 노래를 해석하기 시작한다. 이 과정에서 선택과 책임을 마주하며 자신의 삶을 다시 바라본다. 범죄와 액션의 요소를 결합해 이야기를 긴장감 있게 풀어낸 가상의 한국 영화.","[{""id"": 7, ""name"": ""범죄""}, {""id"": 6, ""name"": ""액션""}]","[{""id"": 115, ""name"": ""요리""}, {""id"": 124, ""name"": ""시간여행""}, {""id"": 111, ""name"": ""성장""}, {""id"": 109, ""name"": ""로봇""}]",ko,2025-01-13,7.6,5566,37.498,117,False,False,"['범죄', '액션']","['요리', '시간여행', '성장', '로봇']",범죄 액션,요리 시간여행 성장 로봇,2025,"한강변을 배경으로, 택배 기사가 실종 사건의 단서가 된 노래를 해석하기 시작한다. 이 과정에서 선택과 책임을 마주하며 자신의 삶을 다시 바라본다. 범죄와 액션의 요소를 결합해 이야기를 긴장감 있게 풀어낸 가상의 한국 영화.","한강변을 배경으로, 택배 기사가 실종 사건의 단서가 된 노래를 해석하기 시작한다. 이 과정에서 선택과 책임을 마주하며 자신의 삶을 다시 바라본다. 범죄와 액션의 요소를 결합해 이야기를 긴장감 있게 풀어낸 가상의 한국 영화. 범죄 액션 요리 시간여행 성장 로봇"
100480,한강의 카페 너머 480,"대구의 오래된 극장을 배경으로, 가족과 멀어진 의사가 서로 다른 목적을 가진 사람들과 뜻밖의 팀을 이룬다. 이 과정에서 지역 공동체을 마주하며 자신의 삶을 다시 바라본다. 애니메이션와 음악의 요소를 결합해 이야기를 긴장감 있게 풀어낸 가상의 한국 영화.","[{""id"": 12, ""name"": ""애니메이션""}, {""id"": 13, ""name"": ""음악""}]","[{""id"": 124, ""name"": ""시간여행""}, {""id"": 109, ""name"": ""로봇""}, {""id"": 110, ""name"": ""추적""}, {""id"": 104, ""name"": ""미스터리""}]",ko,2025-03-04,5.7,5703,24.245,130,False,False,"['애니메이션', '음악']","['시간여행', '로봇', '추적', '미스터리']",애니메이션 음악,시간여행 로봇 추적 미스터리,2025,"대구의 오래된 극장을 배경으로, 가족과 멀어진 의사가 서로 다른 목적을 가진 사람들과 뜻밖의 팀을 이룬다. 이 과정에서 지역 공동체을 마주하며 자신의 삶을 다시 바라본다. 애니메이션와 음악의 요소를 결합해 이야기를 긴장감 있게 풀어낸 가상의 한국 영화.","대구의 오래된 극장을 배경으로, 가족과 멀어진 의사가 서로 다른 목적을 가진 사람들과 뜻밖의 팀을 이룬다. 이 과정에서 지역 공동체을 마주하며 자신의 삶을 다시 바라본다. 애니메이션와 음악의 요소를 결합해 이야기를 긴장감 있게 풀어낸 가상의 한국 영화. 애니메이션 음악 시간여행 로봇 추적 미스터리"
100481,새벽의 파도의 비밀 481,"달 기지을 배경으로, 고향으로 돌아온 요리사가 마을 사람들만 알고 있는 비밀스러운 규칙을 알게 된다. 이 과정에서 기술과 인간성을 마주하며 자신의 삶을 다시 바라본다. 코미디와 미스터리의 요소를 결합해 이야기를 따뜻한 시선으로 풀어낸 가상의 한국 영화.","[{""id"": 2, ""name"": ""코미디""}, {""id"": 5, ""name"": ""미스터리""}]","[{""id"": 123, ""name"": ""역사""}, {""id"": 110, ""name"": ""추적""}, {""id"": 116, ""name"": ""학교""}, {""id"": 103, ""name"": ""기억""}]",ko,2025-04-23,7.3,5840,32.924,78,False,False,"['코미디', '미스터리']","['역사', '추적', '학교', '기억']",코미디 미스터리,역사 추적 학교 기억,2025,"달 기지을 배경으로, 고향으로 돌아온 요리사가 마을 사람들만 알고 있는 비밀스러운 규칙을 알게 된다. 이 과정에서 기술과 인간성을 마주하며 자신의 삶을 다시 바라본다. 코미디와 미스터리의 요소를 결합해 이야기를 따뜻한 시선으로 풀어낸 가상의 한국 영화.","달 기지을 배경으로, 고향으로 돌아온 요리사가 마을 사람들만 알고 있는 비밀스러운 규칙을 알게 된다. 이 과정에서 기술과 인간성을 마주하며 자신의 삶을 다시 바라본다. 코미디와 미스터리의 요소를 결합해 이야기를 따뜻한 시선으로 풀어낸 가상의 한국 영화. 코미디 미스터리 역사 추적 학교 기억"
100482,겨울의 섬로 가는 길 482,"제주도의 작은 해안마을을 배경으로, 택배 기사가 인공지능이 작성한 의문의 일기를 추적한다. 이 과정에서 기억과 정체성을 마주하며 자신의 삶을 다시 바라본다. 범죄와 애니메이션의 요소를 결합해 이야기를 긴장감 있게 풀어낸 가상의 한국 영화.","[{""id"": 7, ""name"": ""범죄""}, {""id"": 12, ""name"": ""애니메이션""}]","[{""id"": 116, ""name"": ""학교""}, {""id"": 102, ""name"": ""우정""}, {""id"": 104, ""name"": ""미스터리""}, {""id"": 109, ""name"": ""로봇""}]",ko,2025-06-12,5.4,5977,23.911,91,False,False,"['범죄', '애니메이션']","['학교', '우정', '미스터리', '로봇']",범죄 애니메이션,학교 우정 미스터리 로봇,2025,"제주도의 작은 해안마을을 배경으로, 택배 기사가 인공지능이 작성한 의문의 일기를 추적한다. 이 과정에서 기억과 정체성을 마주하며 자신의 삶을 다시 바라본다. 범죄와 애니메이션의 요소를 결합해 이야기를 긴장감 있게 풀어낸 가상의 한국 영화.","제주도의 작은 해안마을을 배경으로, 택배 기사가 인공지능이 작성한 의문의 일기를 추적한다. 이 과정에서 기억과 정체성을 마주하며 자신의 삶을 다시 바라본다. 범죄와 애니메이션의 요소를 결합해 이야기를 긴장감 있게 풀어낸 가상의 한국 영화. 범죄 애니메이션 학교 우정 미스터리 로봇"
100483,여름의 노래과 우리 483,"강원도의 산골마을을 배경으로, 가족과 멀어진 의사가 우연히 과거의 사건과 연결된 사진을 발견한다. 이 과정에서 우정과 신뢰을 마주하며 자신의 삶을 다시 바라본다. 애니메이션와 스릴러의 요소를 결합해 이야기를 긴장감 있게 풀어낸 가상의 한국 영화.","[{""id"": 12, ""name"": ""애니메이션""}, {""id"": 4, ""name"": ""스릴러""}]","[{""id"": 120, ""name"": ""언론""}, {""id"": 119, ""name"": ""환경""}, {""id"": 105, ""name"": ""제주""}, {""id"": 116, ""name"": ""학교""}]",ko,2025-08-01,7.3,6114,36.094,104,False,False,"['애니메이션', '스릴러']","['언론', '환경', '제주', '학교']",애니메이션 스릴러,언론 환경 제주 학교,2025,"강원도의 산골마을을 배경으로, 가족과 멀어진 의사가 우연히 과거의 사건과 연결된 사진을 발견한다. 이 과정에서 우정과 신뢰을 마주하며 자신의 삶을 다시 바라본다. 애니메이션와 스릴러의 요소를 결합해 이야기를 긴장감 있게 풀어낸 가상의 한국 영화.","강원도의 산골마을을 배경으로, 가족과 멀어진 의사가 우연히 과거의 사건과 연결된 사진을 발견한다. 이 과정에서 우정과 신뢰을 마주하며 자신의 삶을 다시 바라본다. 애니메이션와 스릴러의 요소를 결합해 이야기를 긴장감 있게 풀어낸 가상의 한국 영화. 애니메이션 스릴러 언론 환경 제주 학교"
100484,봄날의 탐정에게 484,"전주의 한옥마을을 배경으로, 고향으로 돌아온 요리사가 가족이 숨겨온 오래된 약속의 의미를 알게 된다. 이 과정에서 가족의 의미을 마주하며 자신의 삶을 다시 바라본다. 코미디와 모험의 요소를 결합해 이야기를 따뜻한 시선으로 풀어낸 가상의 한국 영화.","[{""id"": 2, ""name"": ""코미디""}, {""id"": 11, ""name"": ""모험""}]","[{""id"": 116, ""name"": ""학교""}, {""id"": 106, ""name"": ""서울""}, {""id"": 117, ""name"": ""범죄""}, {""id"": 108, ""name"": ""인공지능""}]",ko,2025-02-15,5.2,6251,28.975,117,False,False,"['코미디', '모험']","['학교', '서울', '범죄', '인공지능']",코미디 모험,학교 서울 범죄 인공지능,2025,"전주의 한옥마을을 배경으로, 고향으로 돌아온 요리사가 가족이 숨겨온 오래된 약속의 의미를 알게 된다. 이 과정에서 가족의 의미을 마주하며 자신의 삶을 다시 바라본다. 코미디와 모험의 요소를 결합해 이야기를 따뜻한 시선으로 풀어낸 가상의 한국 영화.","전주의 한옥마을을 배경으로, 고향으로 돌아온 요리사가 가족이 숨겨온 오래된 약속의 의미를 알게 된다. 이 과정에서 가족의 의미을 마주하며 자신의 삶을 다시 바라본다. 코미디와 모험의 요소를 결합해 이야기를 따뜻한 시선으로 풀어낸 가상의 한국 영화. 코미디 모험 학교 서울 범죄 인공지능"
100485,가을의 레시피 485,"가상의 미래 도시을 배경으로, 택배 기사가 폐쇄 예정인 공간을 지키기 위한 계획을 세운다. 이 과정에서 상실과 회복을 마주하며 자신의 삶을 다시 바라본다. 범죄와 로맨스의 요소를 결합해 이야기를 긴장감 있게 풀어낸 가상의 한국 영화.","[{""id"": 7, ""name"": ""범죄""}, {""id"": 3, ""name"": ""로맨스""}]","[{""id"": 112, ""name"": ""사랑""}, {""id"": 119, ""name"": ""환경""}, {""id"": 101, ""name"": ""가족""}, {""id"": 116, ""name"": ""학교""}]",ko,2025-04-06,7.0,6388,36.208,130,False,False,"['범죄', '로맨스']","['사랑', '환경', '가족', '학교']",범죄 로맨스,사랑 환경 가족 학교,2025,"가상의 미래 도시을 배경으로, 택배 기사가 폐쇄 예정인 공간을 지키기 위한 계획을 세운다. 이 과정에서 상실과 회복을 마주하며 자신의 삶을 다시 바라본다. 범죄와 로맨스의 요소를 결합해 이야기를 긴장감 있게 풀어낸 가상의 한국 영화.","가상의 미래 도시을 배경으로, 택배 기사가 폐쇄 예정인 공간을 지키기 위한 계획을 세운다. 이 과정에서 상실과 회복을 마주하며 자신의 삶을 다시 바라본다. 범죄와 로맨스의 요소를 결합해 이야기를 긴장감 있게 풀어낸 가상의 한국 영화. 범죄 로맨스 사랑 환경 가족 학교"
100486,푸른 눈의 끝 486,"국경 근처의 작은 역을 배경으로, 가족과 멀어진 의사가 수십 년 전 사라진 편지 한 통을 발견한다. 이 과정에서 도전과 성장을 마주하며 자신의 삶을 다시 바라본다. 애니메이션와 SF의 요소를 결합해 이야기를 긴장감 있게 풀어낸 가상의 한국 영화.","[{""id"": 12, ""name"": ""애니메이션""}, {""id"": 10, ""name"": ""SF""}]","[{""id"": 111, ""name"": ""성장""}, {""id"": 113, ""name"": ""여행""}, {""id"": 120, ""name"": ""언론""}, {""id"": 125, ""name"": ""탐정""}]",ko,2025-05-26,5.2,6525,30.119,78,False,False,"['애니메이션', 'SF']","['성장', '여행', '언론', '탐정']",애니메이션 SF,성장 여행 언론 탐정,2025,"국경 근처의 작은 역을 배경으로, 가족과 멀어진 의사가 수십 년 전 사라진 편지 한 통을 발견한다. 이 과정에서 도전과 성장을 마주하며 자신의 삶을 다시 바라본다. 애니메이션와 SF의 요소를 결합해 이야기를 긴장감 있게 풀어낸 가상의 한국 영화.","국경 근처의 작은 역을 배경으로, 가족과 멀어진 의사가 수십 년 전 사라진 편지 한 통을 발견한다. 이 과정에서 도전과 성장을 마주하며 자신의 삶을 다시 바라본다. 애니메이션와 SF의 요소를 결합해 이야기를 긴장감 있게 풀어낸 가상의 한국 영화. 애니메이션 SF 성장 여행 언론 탐정"
100487,붉은 골목의 선택 487,"부산항 인근을 배경으로, 고향으로 돌아온 요리사가 가짜 뉴스로 인해 무너진 관계를 회복하려 한다. 이 과정에서 진실과 거짓을 마주하며 자신의 삶을 다시 바라본다. 코미디와 미스터리의 요소를 결합해 이야기를 따뜻한 시선으로 풀어낸 가상의 한국 영화.","[{""id"": 2, ""name"": ""코미디""}, {""id"": 5, ""name"": ""미스터리""}]","[{""id"": 119, ""name"": ""환경""}, {""id"": 124, ""name"": ""시간여행""}, {""id"": 105, ""name"": ""제주""}, {""id"": 115, ""name"": ""요리""}]",ko,2025-07-15,6.8,6662,37.941,91,False,False,"['코미디', '미스터리']","['환경', '시간여행', '제주', '요리']",코미디 미스터리,환경 시간여행 제주 요리,2025,"부산항 인근을 배경으로, 고향으로 돌아온 요리사가 가짜 뉴스로 인해 무너진 관계를 회복하려 한다. 이 과정에서 진실과 거짓을 마주하며 자신의 삶을 다시 바라본다. 코미디와 미스터리의 요소를 결합해 이야기를 따뜻한 시선으로 풀어낸 가상의 한국 영화.","부산항 인근을 배경으로, 고향으로 돌아온 요리사가 가짜 뉴스로 인해 무너진 관계를 회복하려 한다. 이 과정에서 진실과 거짓을 마주하며 자신의 삶을 다시 바라본다. 코미디와 미스터리의 요소를 결합해 이야기를 따뜻한 시선으로 풀어낸 가상의 한국 영화. 코미디 미스터리 환경 시간여행 제주 요리"
100488,검은 마을을 기다리며 488,"인천의 낡은 공단을 배경으로, 택배 기사가 정체를 알 수 없는 음성 메시지를 매일 받기 시작한다. 이 과정에서 환경과 공존을 마주하며 자신의 삶을 다시 바라본다. 범죄와 판타지의 요소를 결합해 이야기를 긴장감 있게 풀어낸 가상의 한국 영화.","[{""id"": 7, ""name"": ""범죄""}, {""id"": 9, ""name"": ""판타지""}]","[{""id"": 122, ""name"": ""공동체""}, {""id"": 108, ""name"": ""인공지능""}, {""id"": 106, ""name"": ""서울""}, {""id"": 110, ""name"": ""추적""}]",ko,2025-09-03,8.6,6799,34.056,104,False,False,"['범죄', '판타지']","['공동체', '인공지능', '서울', '추적']",범죄 판타지,공동체 인공지능 서울 추적,2025,"인천의 낡은 공단을 배경으로, 택배 기사가 정체를 알 수 없는 음성 메시지를 매일 받기 시작한다. 이 과정에서 환경과 공존을 마주하며 자신의 삶을 다시 바라본다. 범죄와 판타지의 요소를 결합해 이야기를 긴장감 있게 풀어낸 가상의 한국 영화.","인천의 낡은 공단을 배경으로, 택배 기사가 정체를 알 수 없는 음성 메시지를 매일 받기 시작한다. 이 과정에서 환경과 공존을 마주하며 자신의 삶을 다시 바라본다. 범죄와 판타지의 요소를 결합해 이야기를 긴장감 있게 풀어낸 가상의 한국 영화. 범죄 판타지 공동체 인공지능 서울 추적"
100489,하얀 열차의 계절 489,"광주의 대학가을 배경으로, 가족과 멀어진 의사가 도시 전체의 전력이 사라진 밤에 중요한 선택을 한다. 이 과정에서 세대 간 갈등을 마주하며 자신의 삶을 다시 바라본다. 애니메이션와 드라마의 요소를 결합해 이야기를 긴장감 있게 풀어낸 가상의 한국 영화.","[{""id"": 12, ""name"": ""애니메이션""}, {""id"": 1, ""name"": ""드라마""}]","[{""id"": 107, ""name"": ""바다""}, {""id"": 111, ""name"": ""성장""}, {""id"": 115, ""name"": ""요리""}, {""id"": 124, ""name"": ""시간여행""}]",ko,2025-10-23,6.6,6936,26.71,117,False,False,"['애니메이션', '드라마']","['바다', '성장', '요리', '시간여행']",애니메이션 드라마,바다 성장 요리 시간여행,2025,"광주의 대학가을 배경으로, 가족과 멀어진 의사가 도시 전체의 전력이 사라진 밤에 중요한 선택을 한다. 이 과정에서 세대 간 갈등을 마주하며 자신의 삶을 다시 바라본다. 애니메이션와 드라마의 요소를 결합해 이야기를 긴장감 있게 풀어낸 가상의 한국 영화.","광주의 대학가을 배경으로, 가족과 멀어진 의사가 도시 전체의 전력이 사라진 밤에 중요한 선택을 한다. 이 과정에서 세대 간 갈등을 마주하며 자신의 삶을 다시 바라본다. 애니메이션와 드라마의 요소를 결합해 이야기를 긴장감 있게 풀어낸 가상의 한국 영화. 애니메이션 드라마 바다 성장 요리 시간여행"
100490,마지막 우주선의 기록 490,"외딴 섬을 배경으로, 고향으로 돌아온 요리사가 하루가 반복되는 이상한 현상을 겪는다. 이 과정에서 사랑과 이별을 마주하며 자신의 삶을 다시 바라본다. 코미디와 가족의 요소를 결합해 이야기를 따뜻한 시선으로 풀어낸 가상의 한국 영화.","[{""id"": 2, ""name"": ""코미디""}, {""id"": 8, ""name"": ""가족""}]","[{""id"": 109, ""name"": ""로봇""}, {""id"": 115, ""name"": ""요리""}, {""id"": 104, ""name"": ""미스터리""}, {""id"": 102, ""name"": ""우정""}]",ko,2025-12-12,8.3,7073,39.086,130,False,False,"['코미디', '가족']","['로봇', '요리', '미스터리', '우정']",코미디 가족,로봇 요리 미스터리 우정,2025,"외딴 섬을 배경으로, 고향으로 돌아온 요리사가 하루가 반복되는 이상한 현상을 겪는다. 이 과정에서 사랑과 이별을 마주하며 자신의 삶을 다시 바라본다. 코미디와 가족의 요소를 결합해 이야기를 따뜻한 시선으로 풀어낸 가상의 한국 영화.","외딴 섬을 배경으로, 고향으로 돌아온 요리사가 하루가 반복되는 이상한 현상을 겪는다. 이 과정에서 사랑과 이별을 마주하며 자신의 삶을 다시 바라본다. 코미디와 가족의 요소를 결합해 이야기를 따뜻한 시선으로 풀어낸 가상의 한국 영화. 코미디 가족 로봇 요리 미스터리 우정"
100491,첫 번째 전화의 하루 491,"서울의 오래된 골목을 배경으로, 택배 기사가 실종 사건의 단서가 된 노래를 해석하기 시작한다. 이 과정에서 선택과 책임을 마주하며 자신의 삶을 다시 바라본다. 범죄와 다큐멘터리의 요소를 결합해 이야기를 긴장감 있게 풀어낸 가상의 한국 영화.","[{""id"": 7, ""name"": ""범죄""}, {""id"": 15, ""name"": ""다큐멘터리""}]","[{""id"": 111, ""name"": ""성장""}, {""id"": 122, ""name"": ""공동체""}, {""id"": 123, ""name"": ""역사""}, {""id"": 113, ""name"": ""여행""}]",ko,2025-06-28,6.4,7210,29.743,78,False,False,"['범죄', '다큐멘터리']","['성장', '공동체', '역사', '여행']",범죄 다큐멘터리,성장 공동체 역사 여행,2025,"서울의 오래된 골목을 배경으로, 택배 기사가 실종 사건의 단서가 된 노래를 해석하기 시작한다. 이 과정에서 선택과 책임을 마주하며 자신의 삶을 다시 바라본다. 범죄와 다큐멘터리의 요소를 결합해 이야기를 긴장감 있게 풀어낸 가상의 한국 영화.","서울의 오래된 골목을 배경으로, 택배 기사가 실종 사건의 단서가 된 노래를 해석하기 시작한다. 이 과정에서 선택과 책임을 마주하며 자신의 삶을 다시 바라본다. 범죄와 다큐멘터리의 요소를 결합해 이야기를 긴장감 있게 풀어낸 가상의 한국 영화. 범죄 다큐멘터리 성장 공동체 역사 여행"
100492,낯선 편지에서 만난 사람 492,"한강변을 배경으로, 가족과 멀어진 의사가 서로 다른 목적을 가진 사람들과 뜻밖의 팀을 이룬다. 이 과정에서 지역 공동체을 마주하며 자신의 삶을 다시 바라본다. 애니메이션와 범죄의 요소를 결합해 이야기를 긴장감 있게 풀어낸 가상의 한국 영화.","[{""id"": 12, ""name"": ""애니메이션""}, {""id"": 7, ""name"": ""범죄""}]","[{""id"": 119, ""name"": ""환경""}, {""id"": 115, ""name"": ""요리""}, {""id"": 112, ""name"": ""사랑""}, {""id"": 114, ""name"": ""음악""}]",ko,2025-08-17,8.2,7347,35.112,91,False,False,"['애니메이션', '범죄']","['환경', '요리', '사랑', '음악']",애니메이션 범죄,환경 요리 사랑 음악,2025,"한강변을 배경으로, 가족과 멀어진 의사가 서로 다른 목적을 가진 사람들과 뜻밖의 팀을 이룬다. 이 과정에서 지역 공동체을 마주하며 자신의 삶을 다시 바라본다. 애니메이션와 범죄의 요소를 결합해 이야기를 긴장감 있게 풀어낸 가상의 한국 영화.","한강변을 배경으로, 가족과 멀어진 의사가 서로 다른 목적을 가진 사람들과 뜻밖의 팀을 이룬다. 이 과정에서 지역 공동체을 마주하며 자신의 삶을 다시 바라본다. 애니메이션와 범죄의 요소를 결합해 이야기를 긴장감 있게 풀어낸 가상의 한국 영화. 애니메이션 범죄 환경 요리 사랑 음악"
100493,잊힌 시장의 밤 493,"대구의 오래된 극장을 배경으로, 고향으로 돌아온 요리사가 마을 사람들만 알고 있는 비밀스러운 규칙을 알게 된다. 이 과정에서 기술과 인간성을 마주하며 자신의 삶을 다시 바라본다. 코미디와 역사의 요소를 결합해 이야기를 따뜻한 시선으로 풀어낸 가상의 한국 영화.","[{""id"": 2, ""name"": ""코미디""}, {""id"": 14, ""name"": ""역사""}]","[{""id"": 111, ""name"": ""성장""}, {""id"": 117, ""name"": ""범죄""}, {""id"": 105, ""name"": ""제주""}, {""id"": 121, ""name"": ""가짜뉴스""}]",ko,2025-10-06,6.3,7484,25.649,104,False,False,"['코미디', '역사']","['성장', '범죄', '제주', '가짜뉴스']",코미디 역사,성장 범죄 제주 가짜뉴스,2025,"대구의 오래된 극장을 배경으로, 고향으로 돌아온 요리사가 마을 사람들만 알고 있는 비밀스러운 규칙을 알게 된다. 이 과정에서 기술과 인간성을 마주하며 자신의 삶을 다시 바라본다. 코미디와 역사의 요소를 결합해 이야기를 따뜻한 시선으로 풀어낸 가상의 한국 영화.","대구의 오래된 극장을 배경으로, 고향으로 돌아온 요리사가 마을 사람들만 알고 있는 비밀스러운 규칙을 알게 된다. 이 과정에서 기술과 인간성을 마주하며 자신의 삶을 다시 바라본다. 코미디와 역사의 요소를 결합해 이야기를 따뜻한 시선으로 풀어낸 가상의 한국 영화. 코미디 역사 성장 범죄 제주 가짜뉴스"
100494,비밀의 달의 온도 494,"달 기지을 배경으로, 택배 기사가 인공지능이 작성한 의문의 일기를 추적한다. 이 과정에서 기억과 정체성을 마주하며 자신의 삶을 다시 바라본다. 범죄와 액션의 요소를 결합해 이야기를 긴장감 있게 풀어낸 가상의 한국 영화.","[{""id"": 7, ""name"": ""범죄""}, {""id"": 6, ""name"": ""액션""}]","[{""id"": 117, ""name"": ""범죄""}, {""id"": 122, ""name"": ""공동체""}, {""id"": 115, ""name"": ""요리""}, {""id"": 105, ""name"": ""제주""}]",ko,2025-11-25,8.0,7621,40.752,117,False,False,"['범죄', '액션']","['범죄', '공동체', '요리', '제주']",범죄 액션,범죄 공동체 요리 제주,2025,"달 기지을 배경으로, 택배 기사가 인공지능이 작성한 의문의 일기를 추적한다. 이 과정에서 기억과 정체성을 마주하며 자신의 삶을 다시 바라본다. 범죄와 액션의 요소를 결합해 이야기를 긴장감 있게 풀어낸 가상의 한국 영화.","달 기지을 배경으로, 택배 기사가 인공지능이 작성한 의문의 일기를 추적한다. 이 과정에서 기억과 정체성을 마주하며 자신의 삶을 다시 바라본다. 범죄와 액션의 요소를 결합해 이야기를 긴장감 있게 풀어낸 가상의 한국 영화. 범죄 액션 범죄 공동체 요리 제주"
100495,고요한 호텔 너머 495,"제주도의 작은 해안마을을 배경으로, 가족과 멀어진 의사가 우연히 과거의 사건과 연결된 사진을 발견한다. 이 과정에서 우정과 신뢰을 마주하며 자신의 삶을 다시 바라본다. 애니메이션와 음악의 요소를 결합해 이야기를 긴장감 있게 풀어낸 가상의 한국 영화.","[{""id"": 12, ""name"": ""애니메이션""}, {""id"": 13, ""name"": ""음악""}]","[{""id"": 110, ""name"": ""추적""}, {""id"": 114, ""name"": ""음악""}, {""id"": 119, ""name"": ""환경""}, {""id"": 111, ""name"": ""성장""}]",ko,2026-01-14,6.0,7758,38.531,130,False,False,"['애니메이션', '음악']","['추적', '음악', '환경', '성장']",애니메이션 음악,추적 음악 환경 성장,2026,"제주도의 작은 해안마을을 배경으로, 가족과 멀어진 의사가 우연히 과거의 사건과 연결된 사진을 발견한다. 이 과정에서 우정과 신뢰을 마주하며 자신의 삶을 다시 바라본다. 애니메이션와 음악의 요소를 결합해 이야기를 긴장감 있게 풀어낸 가상의 한국 영화.","제주도의 작은 해안마을을 배경으로, 가족과 멀어진 의사가 우연히 과거의 사건과 연결된 사진을 발견한다. 이 과정에서 우정과 신뢰을 마주하며 자신의 삶을 다시 바라본다. 애니메이션와 음악의 요소를 결합해 이야기를 긴장감 있게 풀어낸 가상의 한국 영화. 애니메이션 음악 추적 음악 환경 성장"
100496,빛나는 거울의 비밀 496,"강원도의 산골마을을 배경으로, 고향으로 돌아온 요리사가 가족이 숨겨온 오래된 약속의 의미를 알게 된다. 이 과정에서 가족의 의미을 마주하며 자신의 삶을 다시 바라본다. 코미디와 미스터리의 요소를 결합해 이야기를 따뜻한 시선으로 풀어낸 가상의 한국 영화.","[{""id"": 2, ""name"": ""코미디""}, {""id"": 5, ""name"": ""미스터리""}]","[{""id"": 102, ""name"": ""우정""}, {""id"": 101, ""name"": ""가족""}, {""id"": 124, ""name"": ""시간여행""}, {""id"": 119, ""name"": ""환경""}]",ko,2026-03-05,7.7,7895,26.512,78,False,False,"['코미디', '미스터리']","['우정', '가족', '시간여행', '환경']",코미디 미스터리,우정 가족 시간여행 환경,2026,"강원도의 산골마을을 배경으로, 고향으로 돌아온 요리사가 가족이 숨겨온 오래된 약속의 의미를 알게 된다. 이 과정에서 가족의 의미을 마주하며 자신의 삶을 다시 바라본다. 코미디와 미스터리의 요소를 결합해 이야기를 따뜻한 시선으로 풀어낸 가상의 한국 영화.","강원도의 산골마을을 배경으로, 고향으로 돌아온 요리사가 가족이 숨겨온 오래된 약속의 의미를 알게 된다. 이 과정에서 가족의 의미을 마주하며 자신의 삶을 다시 바라본다. 코미디와 미스터리의 요소를 결합해 이야기를 따뜻한 시선으로 풀어낸 가상의 한국 영화. 코미디 미스터리 우정 가족 시간여행 환경"
100497,흐린 등대로 가는 길 497,"전주의 한옥마을을 배경으로, 택배 기사가 폐쇄 예정인 공간을 지키기 위한 계획을 세운다. 이 과정에서 상실과 회복을 마주하며 자신의 삶을 다시 바라본다. 범죄와 애니메이션의 요소를 결합해 이야기를 긴장감 있게 풀어낸 가상의 한국 영화.","[{""id"": 7, ""name"": ""범죄""}, {""id"": 12, ""name"": ""애니메이션""}]","[{""id"": 110, ""name"": ""추적""}, {""id"": 116, ""name"": ""학교""}, {""id"": 117, ""name"": ""범죄""}, {""id"": 121, ""name"": ""가짜뉴스""}]",ko,2026-04-24,5.9,8032,38.948,91,False,False,"['범죄', '애니메이션']","['추적', '학교', '범죄', '가짜뉴스']",범죄 애니메이션,추적 학교 범죄 가짜뉴스,2026,"전주의 한옥마을을 배경으로, 택배 기사가 폐쇄 예정인 공간을 지키기 위한 계획을 세운다. 이 과정에서 상실과 회복을 마주하며 자신의 삶을 다시 바라본다. 범죄와 애니메이션의 요소를 결합해 이야기를 긴장감 있게 풀어낸 가상의 한국 영화.","전주의 한옥마을을 배경으로, 택배 기사가 폐쇄 예정인 공간을 지키기 위한 계획을 세운다. 이 과정에서 상실과 회복을 마주하며 자신의 삶을 다시 바라본다. 범죄와 애니메이션의 요소를 결합해 이야기를 긴장감 있게 풀어낸 가상의 한국 영화. 범죄 애니메이션 추적 학교 범죄 가짜뉴스"
100498,먼 기억과 우리 498,"가상의 미래 도시을 배경으로, 가족과 멀어진 의사가 수십 년 전 사라진 편지 한 통을 발견한다. 이 과정에서 도전과 성장을 마주하며 자신의 삶을 다시 바라본다. 애니메이션와 스릴러의 요소를 결합해 이야기를 긴장감 있게 풀어낸 가상의 한국 영화.","[{""id"": 12, ""name"": ""애니메이션""}, {""id"": 4, ""name"": ""스릴러""}]","[{""id"": 102, ""name"": ""우정""}, {""id"": 117, ""name"": ""범죄""}, {""id"": 123, ""name"": ""역사""}, {""id"": 103, ""name"": ""기억""}]",ko,2025-11-08,7.5,8169,30.735,104,False,False,"['애니메이션', '스릴러']","['우정', '범죄', '역사', '기억']",애니메이션 스릴러,우정 범죄 역사 기억,2025,"가상의 미래 도시을 배경으로, 가족과 멀어진 의사가 수십 년 전 사라진 편지 한 통을 발견한다. 이 과정에서 도전과 성장을 마주하며 자신의 삶을 다시 바라본다. 애니메이션와 스릴러의 요소를 결합해 이야기를 긴장감 있게 풀어낸 가상의 한국 영화.","가상의 미래 도시을 배경으로, 가족과 멀어진 의사가 수십 년 전 사라진 편지 한 통을 발견한다. 이 과정에서 도전과 성장을 마주하며 자신의 삶을 다시 바라본다. 애니메이션와 스릴러의 요소를 결합해 이야기를 긴장감 있게 풀어낸 가상의 한국 영화. 애니메이션 스릴러 우정 범죄 역사 기억"
100499,작은 정원에게 499,"국경 근처의 작은 역을 배경으로, 고향으로 돌아온 요리사가 가짜 뉴스로 인해 무너진 관계를 회복하려 한다. 이 과정에서 진실과 거짓을 마주하며 자신의 삶을 다시 바라본다. 코미디와 모험의 요소를 결합해 이야기를 따뜻한 시선으로 풀어낸 가상의 한국 영화.","[{""id"": 2, ""name"": ""코미디""}, {""id"": 11, ""name"": ""모험""}]","[{""id"": 106, ""name"": ""서울""}, {""id"": 123, ""name"": ""역사""}, {""id"": 122, ""name"": ""공동체""}, {""id"": 113, ""name"": ""여행""}]",ko,2025-12-28,5.7,8306,29.954,117,False,False,"['코미디', '모험']","['서울', '역사', '공동체', '여행']",코미디 모험,서울 역사 공동체 여행,2025,"국경 근처의 작은 역을 배경으로, 고향으로 돌아온 요리사가 가짜 뉴스로 인해 무너진 관계를 회복하려 한다. 이 과정에서 진실과 거짓을 마주하며 자신의 삶을 다시 바라본다. 코미디와 모험의 요소를 결합해 이야기를 따뜻한 시선으로 풀어낸 가상의 한국 영화.","국경 근처의 작은 역을 배경으로, 고향으로 돌아온 요리사가 가짜 뉴스로 인해 무너진 관계를 회복하려 한다. 이 과정에서 진실과 거짓을 마주하며 자신의 삶을 다시 바라본다. 코미디와 모험의 요소를 결합해 이야기를 따뜻한 시선으로 풀어낸 가상의 한국 영화. 코미디 모험 서울 역사 공동체 여행"
100500,오래된 그림자 500,"부산항 인근을 배경으로, 택배 기사가 정체를 알 수 없는 음성 메시지를 매일 받기 시작한다. 이 과정에서 환경과 공존을 마주하며 자신의 삶을 다시 바라본다. 범죄와 로맨스의 요소를 결합해 이야기를 긴장감 있게 풀어낸 가상의 한국 영화.","[{""id"": 7, ""name"": ""범죄""}, {""id"": 3, ""name"": ""로맨스""}]","[{""id"": 121, ""name"": ""가짜뉴스""}, {""id"": 125, ""name"": ""탐정""}, {""id"": 109, ""name"": ""로봇""}, {""id"": 117, ""name"": ""범죄""}]",ko,2026-02-16,7.4,8443,24.212,130,False,False,"['범죄', '로맨스']","['가짜뉴스', '탐정', '로봇', '범죄']",범죄 로맨스,가짜뉴스 탐정 로봇 범죄,2026,"부산항 인근을 배경으로, 택배 기사가 정체를 알 수 없는 음성 메시지를 매일 받기 시작한다. 이 과정에서 환경과 공존을 마주하며 자신의 삶을 다시 바라본다. 범죄와 로맨스의 요소를 결합해 이야기를 긴장감 있게 풀어낸 가상의 한국 영화.","부산항 인근을 배경으로, 택배 기사가 정체를 알 수 없는 음성 메시지를 매일 받기 시작한다. 이 과정에서 환경과 공존을 마주하며 자신의 삶을 다시 바라본다. 범죄와 로맨스의 요소를 결합해 이야기를 긴장감 있게 풀어낸 가상의 한국 영화. 범죄 로맨스 가짜뉴스 탐정 로봇 범죄"
